inquiry_id,customer_message,brand_reply
1702005,@AppleSupport I️ can connect just fine but my phone won’t download anything or load any apps and my WiFi is totally fine because my other devices work,@516039 Understood.  Check here under step 6: https://t.co/2WRbhvw0dM Let us know if you can connect after that.
2438519,So @AppleSupport my speaker just gon stop working everytime y’all have a new update 🤔,@273855 We'd like to help. Tell us what device is this occurring with? What is the operating system version number it's running?
228545,"@AppleSupport look, i just got this iPhone 8 and i would like to ask y’all why is my phone tripping and dying so fast 😐","@170489 We want to make sure your iPhone is there for you when you need it. So we can get started, let's pair up in DM to take a closer look at this. https://t.co/GDrqU22YpT"
2949589,@814571 @AppleSupport please update the published date of Security Update 2017-001.  Unless you have a time machine this date is incorrect and manual downloaders may be confused about whether its the right patch. https://t.co/gutki0WsMH,"@814570 We are seeing todays date at this link: https://t.co/B5dcmAftzp If you are seeing a different date, please reach out in DM. https://t.co/GDrqU22YpT"
292376,@AppleSupport recent update for IPad and IPhone have made it difficult to open certain applications,"@163247 Let us know which apps you're having trouble with, and what happens when you try to open them. We're here for you!"
2772449,"@AppleSupport I did the latest update at that time and it worked well.  The day before your last update, it started dropping again. I updated again last week and it still drops.",@774928 Please DM us the software version you’re using so we can better assist you. https://t.co/GDrqU22YpT
122318,@AppleSupport @115858 why isn’t my low power mode working 🤔🧐help?!... https://t.co/AutkdiI4n6,@143274 Thanks for reaching out. We're here to help. DM us so we can look into this further with you. https://t.co/GDrqU22YpT
2220329,"@AppleSupport help me.. my iPhone 5s is freezing on homescreen, can't adjust audio, after update to iOS 11.0.3. please fix it asap",@648515 We'd love to help. Could you Direct Message us and let us know what country you're located in? https://t.co/GDrqU22YpT
460861,"Another @115858 #ios11 bug - search textbox in Settings disappears, and the little “x” (to clear the input) follows as you scroll. This release is a QA disaster. https://t.co/dApuyRo3vp","@224486 Let’s investigate this together. Use the link below to join us in DM, and we’ll get started. https://t.co/GDrqU22YpT"
1534985,@AppleSupport ETA on iPhone activation services? Been trying to activate an X for 90+ minutes now.,@476002 Follow the steps listed her to activate iPhone using iTunes: https://t.co/ywHIZGN4Ac Let us know if anything changes.
1715237,I’ve been bitten by the @115858 bug 🍏 🐛 😔 I️ I️ I️,@519472 Here’s what you can do to work around the issue until it’s fixed in a future software update: https://t.co/xXaXeeSRt9
1712428,"If all these boxed question marks and exclamation points are something new, it’s dumb af, everyone hates it, and no one gets it @115858",@518681 Here’s what you can do to work around the issue until it’s fixed in a future software update: https://t.co/qODbOsp4wz
1577409,"@AppleSupport Hi , i have an iPhone 8+ and i have a problem, at the begining of every videos i have a weird sound .(like stuttering)",@485879 We're here for you. Which version of the iOS are you running? You can check from Settings &gt; general &gt; About.
2143374,@AppleSupport This glitch with the letter following H is affecting my ability to work on the road. Unacceptable.,@630167 Here’s what you can do to work around the issue until it’s fixed in a future software update: https://t.co/xXaXeeSRt9
827904,@AppleSupport help I updated to iOS 11 and can’t email videos nor text videos to anything other than iPhone.,@317221 We'd like to help. DM us which iOS 11 version you're on and we'll get started. https://t.co/GDrqU22YpT
2286466,"@AppleSupport That worked, thanks!",@468517 You're very welcome! Let us know if you have any other questions; we'd be happy to help. Have a great rest of your night!
637458,@AppleSupport I can get on and listen to all of my podcasts and it shows the top 10 episodes on the main itunes page as well as the normal top 100 chart for general podcasts but gives me nothing for the 'top episodes' chart including when I try to refine it by category i.e. https://t.co/fEMBUdD43z,@271148 Thanks for that info. Go ahead and reach out to us in DM and let us know what country you're located in so we can look into this further. https://t.co/GDrqU22YpT
1245993,@AppleSupport Thanks so much.,"@412303 You're totally welcome. If there's any other way we can be of help, you know where to find us! https://t.co/GDrqU22YpT"
2518161,What is this @AppleSupport https://t.co/lSGiSdBIjZ,"@441067 We'd like to make sure we get you iPhone working. Please meet us in DM so we can gather more information, and better assist you. https://t.co/GDrqU22YpT"
1012957,@AppleSupport 11.0.2(15A421),@359699 Thank you. We’d love more details. Are you taking any actions with the device when the screen goes dark?
2817220,"Acepté la actualización que me ofrecía @115858 de macOS High Sierra. Después de 10 horas de múltiples fallos y errores de instalación, de un domingo tenso y desperdiciado, parece que hay que rendirse. Se perdió todo",@785338 We offer support via Twitter in English. Get help in Spanish here: https://t.co/IBIY3vMgPj or join https://t.co/OczyRx7IOs
814903,@AppleSupport Yea I do,@314066 Thanks.  Now make sure iCloud Photo Library is enabled under Settings &gt; Photos
1742553,"@AppleSupport @115858 fix my iPhone and it’s stupid ass autocorrect, ” i “ turns into “ I️ “",@525644 Here’s what you can do to work around the issue until it’s fixed in a future software update: https://t.co/xXaXeeSRt9
1744923,@AppleSupport seriously why isn’t there a new update that fixes the issues with the current update. My phone has been glitching since Friday https://t.co/tAYhMoZcUU,@477463 Here’s what you can do to work around the issue until it’s fixed in a future software update: https://t.co/xXaXeeSRt9
1906708,@115858 the latest iOS update is slow as hell man. Takes me 5 seconds to text or email a link or screenshot now. Smh,@568117 We'd like to take a further look at this with you. DM us which iOS device you are experiencing these issues on to continue. https://t.co/GDrqU22YpT
2141608,@AppleSupport fix this fucking glitch or i️ am going to throw my phone off of a bridge,@629734 Here’s what you can do to work around the issue until it’s fixed in a future software update: https://t.co/xXaXeeSRt9
1407835,"@AppleSupport unfortunately, I do that and then it's fine but eventually it starts again",@447237 Does this only happen when you are logged into a user account. Does this happen when the iMac is sitting idle?
1281460,"@118190 @AppleSupport Confirmed, @118190 in Activity Monitor; when activating screen sharing in a call, Slack prevents sleeping. It went to 'Yes' at that moment. https://t.co/P4r1ZuAE2e",@419820 Please send us a DM and we'll go from there. https://t.co/GDrqU22YpT
2062646,@AppleSupport,"@610011 Let's look into this together. Did the slowness start after using a certain app, or was it immediate? Let us know in DM https://t.co/GDrqU22YpT"
2795484,@AppleSupport Is there a way to check the overall battery health of my iPhone 6S Plus?,@780074 We want to help. DM us and we'll work from there. https://t.co/GDrqU2kzhr
2987501,"anyone having issues with #osx #HighSierra and #Slack, #zoom or Multiple monitors? Getting major lag. @115858  @118190  @172377 #DevLife","@823737 We're happy to help out with your concerns. To begin, have you made sure that all apps are up-to-date via the App Store &gt; Updates tab? 
Does the slower performance happen with a specific pattern?
Send us a DM and we'll work on this together. https://t.co/GDrqU22YpT"
644205,@AppleSupport Its finally working itself out. Still some issues but not this bad now.,@272908 We're happy to hear it's working out. Would you like to work on some issues you're still experiencing? We're here to help!
543645,@AppleSupport see above,"@215820 We're happy to help with this. Take a look here for steps to resolve this: https://t.co/Wc5MHFZb0p Join us in DM if the issue remains, or you have any questions. https://t.co/GDrqU22YpT"
2364563,"Extremely disappointed with @115858 @AppleSupport 
I have been loyal for years but right now I wish I wasn’t.",@682678 DM us the details of your issue and we can help you out with this. https://t.co/GDrqU22YpT
1331931,"@AppleSupport, hi the battery in an iphone 6s last about 6 hours after the last update. As a final note it has a new original battery that was changed through a program you had last September to the battery in some iphone 6s","@430726 Battery life is important, and we’d love to assist. Are you using iOS 11.0.3? Let us know in DM. https://t.co/GDrqU22YpT"
1538031,@AppleSupport hello it is taking a long time for my Apple ID to be set up on the #iPhoneX so it your servers regards,@476795 We'd like to help. DM us the country or region you're located in. https://t.co/GDrqU22YpT
1772861,Is anyone else having a bizarre issue with @115858 #AppleWatches where your watch face displays random photos it isn’t supposed to? They’re definitely NOT supposed to be displaying. Why is my watch doing this? @287031 @73489,@532834 Let's look at this together. Which software version are you using?
1692571,@115858 3 days ago i got my iphone x and is it normal that it tooks 4+ hrs for a full charge.. is it normal I'm really concerned l. plz reply,@513702 We can assist you. Please DM us via the following link and we'll help you further from there. https://t.co/GDrqU22YpT
2925629,@115858 needs to update their shit my phone keeps freezing and safari is slower than dirt it’s ridiculous,"@809489 We certainly want you to be able to enjoy your iPhone, and we'll do all we can to help. Please send us a DM, and we'll investigate this together. https://t.co/GDrqU22YpT"
594689,@AppleSupport My computer has been installing the latest update pre login for a long time approximately 2 hours. What is the expected wait time? Or is there an issue with the update?,"@260898 We appreciate you reaching out!  To start, can you tell us what macOS you were on prior to updating?"
2903682,@AppleSupport why new iOS on IPhone 8 keeps forgetting my WiFi and then I have to reset network settings 5 times a day?,"@804171 That's not the experience we expect and we'd like to help. To start, can you provide us with the exact iOS version you're using? Also, when did this first start? You can find the iOS version by going to Settings &gt; General &gt; About."
2205749,@AppleSupport Any way to check the overall battery health of my iPhone 6s?,@644916 We're glad you reached out. Battery life is essential to your iPhone experience. Let's look into some options together. DM us to get started. https://t.co/GDrqU22YpT
912843,@AppleSupport Just get no connection when using. https://t.co/hoy4LnRnyF,@336779 Is this happening on Wi-FI as well as cellular data?
2479064,"@AppleSupport hi am having problems with battery in iPhone 5s. Battery charge percentage changes a lot, says I have 18% then 60% when plugin",@270229 Let's help take a look. How long has this been happening? Which version of iOS are you running in Settings &gt; General &gt; About?
1905819,@AppleSupport battery life has bever been this shitty on any electronic device ive ever used. Fix it quick.,@567892 We'd like to look into your battery life. Which iPhone are you using? Which iOS version are you running?
1785460,@115858 @AppleSupport  iOS 11 make ipad run slow.,"@536435 Slow performance is certainly no fun, and rest assured you are in the right place to get some help. DM us to get started. https://t.co/GDrqU22YpT"
1595004,@AppleSupport please help with these I️ I️ I️ I️ I️ I️ I️ ... it’s driving me insane 😑,@490096 We'd love to help. Check out the steps here: https://t.co/xXaXeeSRt9 Let us know if you have questions.
1037471,@AppleSupport Oh hey um....where is the video option? 😅 https://t.co/tObiKu1OQd,@365425 Let's restart the device. Does the issue remain?
1999742,@591287 @AppleSupport I swear I turn it off at least 10 times while at work because it always flips back on asking me to join a network.,"@591345 We'd love to look into this with you. Are you disabling Wi-Fi via the Control Center, or through Settings? Let us know in DM. https://t.co/GDrqU22YpT"
2728286,"@AppleSupport Checked time- battery at 54%, checked again 5 minutes later, it was down to 13%. Phone was doing nothing in between. This only happened since installing ios 11. I’ve done all I can think of to reduce battery drain. Help!!","@764997 Hey there. We appreciate you reaching out. What model iPhone are you using, and what is the exact iOS version installed in Settings &gt; General &gt; About? Also, let's make sure your settings are adjusted for improved battery life as listed here: https://t.co/bivpdfBNJ6"
2005254,"@115858 , this started happening after the update. What’s happening??? I’m ready to throw my phone out the window",@592994 We have a few steps that might help here: https://t.co/xU1AGHStV6 Still need help after apply this? DM us with the link below. https://t.co/GDrqU22YpT
2668961,"Can’t make or receive calls, a black screen for over an hour yesterday on my iPhone X. Thanks @AppleSupport","@751752 Thanks for contacting us. We know how important it is to stay in touch. We're happy to help the best we can. Let's start with the steps here: https://t.co/U53YusKX3z

Please reach out if you still need help after trying these steps."
2300665,@AppleSupport It's an iPhone 7 iOS 10.3.3 (although it was doing this when my phone was up to date on software as well) I don't get the temp alert on my screen- when I press on anything it won't work (e.g. opening an app) so I lock it and then it's just a gradient orange screen,"@557936 Thanks for those details. We'd like to take a close look into this issue with you. Please DM us and let us know when the phone gets warmer than expected; during charging, sitting idle, watching videos, etc. https://t.co/GDrqU22YpT"
2686656,@AppleSupport  https://t.co/rpeBYtGJQT,"@650961 You're absolutely right, you have plenty of iCloud space. What is happening when you try to back up? Are you getting an error message or does the backup just not complete?"
2111410,"@AppleSupport this sounds weird.
Whenever I create PDF of Web page from Safari(Save PDF to iBooks) this app(Office to PDF) downloads automatically(No fingerprint,no password,no prompts)
Happened 3 times on 3 different days!
STRANGE!

https://t.co/ptVCZb9RZ4 https://t.co/iA21AiClz1",@258351 We want to help.  Do you have MS Office on your device?  What version of iOS is on your device?
1803138,"Thanks @115858 for the OIS update. Can’t change my ringer volume, no sound in SC videos with ringer off smh","@541812 Let us take a look! Regarding your volume, let's go to Settings &gt; Sounds &amp; Haptics, is Change with Buttons enabled?"
743809,"@AppleSupport just updated ios11.0.2 on my iPhone 7. Nothing works, phone hangs, stops working, shuts off, app freezes. What's going on?",@297846 We'd like to help. Let's meet up in DM to investigate. https://t.co/GDrqU22YpT
2185161,@AppleSupport Hey @AppleSupport i updated to ios11.0.3 but nothing much have changed. Where is the setting to save screenshots directly to photos in ios11,"@150585 Screenshots are automatically saved to your Screenshots album in Photos, so you don't have to worry about it."
489714,@115858 fix your podcast app. This update is awful and I hate it with a passion I never thought I could have for an app #podcast #applepodcasts #updatefail,@231637 We want to help. Please DM us details on what exactly is happening with the Podcasts app and we'll work with you on any issues you're having there. https://t.co/GDrqU22YpT
2255482,@AppleSupport Nope but whenever I connect it to my laptop on iTunes it says error connecting to iPhone. I'm about to wipe my thing because according to everyone that's all you can do unless you use iCloud 😐,"@656937 If you have an iTunes backup, you don't necessarily need iCloud, so let's explore the error that you're seeing. What's the exact text you see when you plug your iPhone into the computer? Let us know in DM and we'll dig in further. https://t.co/GDrqU22YpT"
742515,@AppleSupport iPhone 6S and iOS 11.0.2,@297538 Thanks for the info. Let's get you updated to 11.0.3 and see if the issue persists. Instructions here: https://t.co/80YRnjDFDk
2942896,@115858 every time I️ use the letter “I️” on my keyboard I️t turns into some weird symbol. IM PISSED,"@813047 An update has been released to assist with this issue. If you haven’t yet, please back up your device and update it to iOS 11.1.1. For more info, check out: https://t.co/4f8hwT5to6"
1683467,@AppleSupport My phone is using data to back up to icloud every morning in the 2 am hour. How do I prevent this usage?????,@323924 That’s a great question. Here’s a link about the automatic iCloud backup feature: https://t.co/4f8hwT5to6
2304639,"Every time I receive a Snapchat notification, my music pauses 🙃 #iOS11struggles @AppleSupport","@275677 Let's look into this for you. Are you experiencing this with our Music App or a 3rd party music App? Also, what iOS 11 version are you currently using? Let us know in DM. https://t.co/GDrqU22YpT"
514775,"@AppleSupport Our Safari browsers since the last Apple security update, keep crashing,  the minute you open Safari it crashes, we keep sending in the reports.   Is there a problem with the last security update that would do this?","@238536 That's not expected behavior after an update, and we want to help. Try the steps here and let us know if it helps: https://t.co/jmfl9ljdvU"
1569677,"@AppleSupport
Is iPad (Gen4)128GB WiFi+4G LTE getting an upgrade from Buggy iOS 10.3.3 or is @115858 just moving on to iOS11 &amp; won't fix it?!",@484144 We'd like to help. Please meet us in DM and we'll take a further look at this together. https://t.co/GDrqU22YpT
2057179,hey @AppleSupport kind of sus that my phone stops working out of nowhere right as the new iphones are coming out,@608411  We'd be more than happy to lend a hand. Send us a DM telling us which iPhone you're using &amp; its iOS version number. https://t.co/GDrqU22YpT
676048,"If I pay for @115948 @115858 I expect my downloaded playlist to not disappear when there’s an iPhone update, SO GET IT TOGETHER😡",@281266 We're here to help. Let's take a look at possible causes. Is iCloud Music Library enabled when you go to Settings &gt; Music?
2893366,Deleted a whole message feed by accident and I can’t get them back😭 any help? I didn’t back up my phone either @AppleSupport,@801933 Thanks for reaching out.  We want to help. The way to recover deleted messages is to restore them from a backup.
1482440,@AppleSupport same result https://t.co/RLmsqNKfkX,@464218 Okay. Let's look into this further. DM us your iOS version here: https://t.co/GDrqU22YpT
2286702,@AppleSupport can I update my iMessage apps?,@156798 We're here to assist you. Can you clarify what you are attempting to update that's related to iMessage?
427843,. @AppleSupport search in messages ain’t working post update. Please look into it. #iphone6s #ios11.0.2,@149341 Go ahead and let us know what issues you're having specifically with search within DM here for help: https://t.co/GDrqU22YpT
552089,@AppleSupport Yes we did,"@248698 Great! You may also need to disable notifications, restart your device, then re-enable those. More info here: https://t.co/osZOKKTalm"
1703933,@AppleSupport @115858 I need to know just 2 things. Has the #Iphone10 a #Backbutton ? Can you place the cursor anywhere in a word without a long press?,@520033 We're here to help. You move the cursor the same as before. The keyboard is still the same. https://t.co/L2Qp1hJ1RT
2583153,"@AppleSupport ever since i updated to ios 11 my apple music isnt working properly. i cant add, delete or download any songs and it freezes whenever i try to make new playlists",@172387 We want to help. Reach out via DM using the link below and let us know what version of iOS 11 you have installed. You can check by tapping Settings &gt; General &gt; About. https://t.co/GDrqU2kzhr
1496723,"@AppleSupport i can’t purchase diamond in mobile legend, how to fix it? https://t.co/0C0Lq6weMQ",@467488 We received your DM and you'll see a response there shortly.
427090,@216585 @173329 @AppleSupport I've lost patience trying to update. Will just wait for it to pop up.,@216584 We want you to be able to do the update. Does it give the same error message while on Wi-Fi? DM us and we'll help out. https://t.co/GDrqU22YpT
1027576,"@AppleSupport I'm not sure what the goal was with this new update, but my phone has been giving me problems for the last 30+ hours....",@363159 We’ll work through this together. What’s happening with your iPhone? Are you using iOS 11.0.3?
2565788,@727915 @711172 @AppleSupport I updated mine and it didn’t fix it,@727914 Thanks for letting us know. We'd like to take a look at some details to assist. Send us a DM using the link below and we'll continue. https://t.co/GDrqU22YpT
2381414,hey @AppleSupport My find my iphone alert just randomly went off... any ideas as of why?,"@250321 We can help look into that. Are you signed into iCloud on any other devices or computers? Do you share your iCloud account with anyone else? Please, answer back in a DM and we'll continue from there. https://t.co/GDrqU22YpT"
1895629,@AppleSupport do you have a complaints email,@565012 Let’s work together on your situation. Could you let us know more details via a DM? We’ll keep moving forward from there. https://t.co/GDrqU22YpT
1246461,@115858 @AppleSupport who can I chat/ contact about an issue I had with the @17425 not honoring my AppleCare+?,@412439 Let's look into this together. Please send us a DM and we will go from there. https://t.co/GDrqU22YpT
2304868,@AppleSupport so I’m seeing this mark where the letter I should be (Iphone 7 iOS 11.1.1) https://t.co/4LMTFZ5bh0,"@251070 Thanks for reaching out! We'd be glad to assist you! The first question we'd like to ask is, in the screenshot attached, the message in which you circled the question mark, is this a message you composed? Or is this someone else's post? Let us know in DM: https://t.co/GDrqU22YpT"
1625390,@AppleSupport. My iphone 7 plus is heating after i watch youtube videos for around 10 mins after updating to ios 11.1. Pls help,@497763 We'd be happy to look into this with you! Send us a DM to get started. https://t.co/GDrqU22YpT
1828574,@115858 get your shit together. iOS 11 has fucked my brand new 7+ up. I have to reset at least 15x a day.,"@548775 We can help. DM us some details on the issue you’re noticing with your iPhone, and the version of iOS 11 it's on. https://t.co/GDrqU22YpT"
2787813,"@AppleSupport Both , apps freeze and throw me out , the device freezes and the screen goes black and doesn’t respond , the speaker stops working on phone calls and I have to turn it on and off to get it back , camera roll pictures don’t load &amp; the mini screen for music disappears a lot",@778258 We understand wanting to get these issues sorted out. Do you have any app updates available in the App Store &gt; Updates? Are you currently using a case or a screen protector with your iPhone?
1181514,"@AppleSupport Why when I take a screenshot of something, doesn’t matter what it is, it always comes out completely black? An all black pic..",@397860 Thanks for reaching out. Have you done any troubleshooting steps before reaching out to us? We don't want you to repeat steps.
2578721,ever since the most recent @115858 iOS update my phone hasn’t accurately tracked a single run - not on @38679 or @499151 . today’s run was the Most accurate yet 😾😾😾😾 #christlike https://t.co/cy26PdYSED,@731072 We know how fun it is to track your activity with different apps. We'll be happy to do what we can to assist. Does your iPhone show the correct location when using Apple Maps? We want to be sure the GPS sensors are working correctly. Please DM us here: https://t.co/GDrqU22YpT
663932,"@AppleSupport If I purchase Apple Care, will my repairs be free? Does Apple Care cover all repairs or only certain kinds.",@156798 Great Question! AppleCare+ coverage really depends on the device and the service required. We have a great resource that explains in further details per device. Take a look: https://t.co/Ds0oKsCgkE
1443336,"@AppleSupport Uh, weirdness after watchOS 4.1 update https://t.co/Q2J6P7OK3l",@408 We'd like to take a closer look at the issue. Has this happened every day since updating? https://t.co/GDrqU22YpT
1768802,"@AppleSupport this new update has completely JACKED UP my phone!!! freezes randomly, can’t look at apps while on the phone, hard resets!","@531790 We'd like to take a look at this with you. To start, may we ask which iOS version you're currently using?"
1692496,i am stressing out so much with this new update. my phone keeps dying on me randomly and the apps keep crashing. please fix this ;( @115858,@513685 We are here to help. DM us your exact iOS version and we can take a look at this. https://t.co/GDrqU22YpT
1449286,Just downloaded the iOS 11.0.3 software update and.. none of my downloaded @115948 will play (offline) @AppleSupport SOS 😭 https://t.co/YlSaaB3N0v,"@456304 You should be able to play downloaded content on, or offline. Does this persist after rebooting the device?"
1649091,@AppleSupport can y’all fix this I️ 🤦🏽‍♀️🤦🏽‍♀️,@503750 Here’s what you can do to work around the issue until it’s fixed in a future software update: https://t.co/qODbOsp4wz
2652600,@AppleSupport Can y’all fix that problem,@748088 You can download on a computer running iTunes and sync the media over. This page should help: https://t.co/048FvsiWf8 DM us if you run into any issues. https://t.co/GDrqU22YpT
294912,"@AppleSupport @115858 #ios1102 Problems: draining battery like hell, Constantly Iphone and keyboard freezing, APPS crashing... etc ... HELP!","@186229 We'll help out. To concentrate on one issue at a time, check these battery tips as a first step. https://t.co/bivpdfBNJ6"
2517145,I’m so mad at @115858 and their stupid slow ass update,@717032 We're here to help and want to do all we can to work towards a resolution. Select the following link to join us in a DM and let us know more about what's going on. https://t.co/GDrqU22YpT
1299558,#apple @AppleSupport @115858 is this legit or is it just someone down the like wanting to make money of me from getting the app? https://t.co/gawICJASVo,"@423735 You may disregard this, as it is not from us here at Apple."
1231294,"@AppleSupport Yes, I’ve tried that a few times and I have tried resetting network settings.","@408807 
We'd like to gather some more information for better troubleshooting. Can you DM us the country you are located in? https://t.co/GDrqU22YpT"
2079690,"@AppleSupport since updating iOS, I frequently get no service or searching for hours. I’ve restarted, reset network settings, updated iOS",@292824 We'd like to help out with your iPhone. Try these steps: https://t.co/5KootZbxj1 Send us a DM if it continues. https://t.co/GDrqU22YpT
1834254,The new apple update slowed down my phone and drains its battery fast...wtf did you do?! @AppleSupport,"@550188 That's not what we want to happen, at all. Please DM and tell us what iPhone device you have. We'll meet you there to help. https://t.co/GDrqU22YpT"
891112,@115858 did the iOS 11.03 update and my battery still sucks. Can we address this issue?? #ios1103 #batterydrain,@331581 We're here to help. Have you tried these battery tips and tricks to maximizing your performance? https://t.co/bivpdfBNJ6
1821200,@AppleSupport yo fuck ur update fix this shit my Bluetooth and sound are fucked,@546749 This is not the experience we want you to have. What issues are you having with your sound and Bluetooth? Let us know in DM. https://t.co/GDrqU22YpT
915188,@AppleSupport Just updated to IOS11.3 and my Apple Music library has gone 😐,"@337310 Let's work on getting your music back! To begin, were these the songs you have downloaded or the entire Library?"
1762224,Ok but when is @AppleSupport going to fix this stupid I️,@530235 Here’s what you can do to work around the issue until it’s fixed in a future software update: https://t.co/xXaXeeSRt9
2072154,@AppleSupport 35 minutes waiting to talk to an expert and no answer... The might be still sleeping #applealarmclock https://t.co/D0zDNmslWq,@612870 This is not the experience we'd expect you to have. Let us know in DM the issue you're having and we'll do everything we can to assist. https://t.co/GDrqU22YpT
2312106,@AppleSupport are the Air Pods available on student discount in the UK? Went on your site I can't tell,@670523 Let's get you in touch with our Sales team for assistance with this. You can reach out to them here:  https://t.co/8yjRd1Xo0i
1413230,@AppleSupport aye fix my phone. this question marks pissing me off,@448426 We'd love to help. What iOS version do you see in Settings &gt; General &gt; About &gt; Version?
2294698,"@AppleSupport the new Mac OS Sierra just messed my laptop up. Finder is not even working, I need an answer","@666321 Finder is an essential component to the Mac, and we'll do all we can to help. To get started, do the steps to force quit and relaunch Finder. For more help with this issue, check under ""Learn More"" here: https://t.co/W0vgF3uI0f"
2112858,Anyone have any idea why my @115858 TV downloaded a new aerial screensaver even though I have set it to never download new ones? Annoyed that my arctic one has gone and been replaced by Dubai #appletv #apple #annoying,@623047 That's a great question for our Apple TV team. You can reach out to them here: https://t.co/IBIY3vMgPj
2304537,.@115858 your latest update is annoying me! My phone is even slower than ever and it has weird autocorrects! 🙄🤬,"@668650 Let's find a solution together. Just to be sure we're on the same page, is your iPhone running iOS 11.1.1? Tap on Settings &gt; General &gt; About to find out."
1510545,@AppleSupport Please I really want a refund to my Apple ID...it was paid from my gift balance...,@470601 Our iTunes Store team would be happy to help with your billing concerns. Reach them here: https://t.co/SDIe7UiyJN
1429725,@AppleSupport Sort your updates out - I can’t send a text from contacts - shocking how you offer updates that mess up other parts of phone system 👎👎👎👎,@287512 We'll be happy to look into this with you. Send us a DM and we'll go from there. https://t.co/GDrqU22YpT
1433668,"@AppleSupport As I said preciously, the programs that have issues are while playing videos in full screen mode within Safari (YouTube video still works)","@452872 Thank you for your reply. Does it flash green at the beginning a few times, then play normally after that? Let us know in DM. https://t.co/GDrqU22YpT"
2949596,"@AppleSupport Any ideas what could be causing this issue on my iPhone 6 Plus? Screen becomes unresponsive, flickering bar at the top and sometimes it does its own thing altogether. Phone is near enough unusable. https://t.co/a7okyhH7TE","@814573 We want to help. How long has this been going on? What's the iOS version being used? Meet us in a DM, we'll continue with this there. https://t.co/GDrqU22YpT"
288489,@AppleSupport I did my new update now my phone randomly locks and resets itself. Will there be a new update to fix this?,@184723 That's not the experience we want you to have. DM us using the link below. We'll work from there. https://t.co/GDrqU22YpT
1589860,@AppleSupport 1ZE10Y190463677157,"@488075 You can check the status of your order here: https://t.co/6uY1Dt1ndg 
DM us if you still have questions after that. https://t.co/GDrqU22YpT"
1574417,@115858  @AppleSupport why does this happen? The “I️” is lost https://t.co/0AWUMQJzo5,"@485218 Thanks for reaching out. This article has more details on that behavior, including how to address it: https://t.co/xXaXefaskH"
2888387,Got a call my CC info &amp; SSN were accessed. Checked all of my stuff and there’s two fake domains in my Passwords that have no site name &amp; won’t delete even when I️ reset my Keychain. @AppleSupport you wanna spot me for a new identity orrr? https://t.co/wb5ru2w4AN,@697403 We’d like to look into this with you. Please send us a DM to let us know details about the call you received. https://t.co/GDrqU22YpT
1830334,How do you clear newer notifications off of the home screen in the new #iOS? @AppleSupport https://t.co/HMpjMESJL6,"@459279 Let’s see what’s going on with this. Reply by DM, and let us know the iOS version shown in Settings &gt; General &gt; About. https://t.co/GDrqU22YpT"
708647,@AppleSupport yes i am,"@289409 Alright. Since updating, have you restarted your iPhone? If not, give that a try next. Let us know the results in DM, please. https://t.co/GDrqU22YpT"
1166192,@AppleSupport iOS 11.0.1 is also just so buggy! Is a fix coming for apps and screen not to freeze while in use?,@394312 Let's try following this article to make a backup and update to our latest version of iOS: https://t.co/80YRnjDFDk
1974583,I left the house with my phone on 58% now it's on fucking 38 @115858 do better,@584753 We know how crucial battery life can be. Send us a DM and tell us when this started. We'll take it from there. https://t.co/GDrqU22YpT
1582148,"Hey @AppleSupport, what’s up with this? Autocorrect gone wild. https://t.co/QOksxYb1XB","@487004 We are here to help. To get started, let's take the steps in the following article: https://t.co/xU1AGHStV6"
2679895,@AppleSupport why does FaceID not work for approving Apps requested via iCloud Family Sharing “Ask to Buy”? It only ever asks for me to enter my password unlike TouchID,"@754014 With Ask to Buy enabled, to approve the request, you'll need to enter in your password for your account. More information about this process is here: https://t.co/2UQHujZDZp"
1925138,@115858 what’s wrong with the store app?,"@573016 If you're still having issues with your Apple device or service, we'd like to know more. Reach out to us via DM with the details. https://t.co/GDrqU22YpT"
2002344,Hey @AppleSupport fix the problem with the fucking “I️ “. It’s supposed to be I,@592084 We're happy to look into this with you. Please DM us the iOS version installed &amp; additional details about this issue. https://t.co/GDrqU22YpT
769020,"@AppleSupport Both. It magically turns back on whether at work, home or whoever’s house I’m at and if their WiFi doesn’t work properly, it slows me down.",@303627 Let's take a look at this for you. Reach out to us in DM. https://t.co/GDrqU22YpT
1691808,@AppleSupport cut off AGAIN that’s the second time now - what the hell is going on?,@172173 We're sorry to hear that we're having troubles connecting. Let's go into DM and see what's going on. https://t.co/GDrqU22YpT
82058,"@AppleSupport @AppleSupport to unlock my iPhone, it happened every time. Sorry I took so long to answer, had to buy a new one 😕. The old one says Error 9 when trying to restore. Is there a solution?","@134161 We’ll want to be sure to follow the steps listed here for restore error 9: https://t.co/lMMVPdjGNN 

Let us know if you’re still having issues after completing the steps."
908492,"@AppleSupport 6, it lasts about 2 hours after the update.",@276491 Thanks for clarifying. Send us a DM so we can continue to work with you there. https://t.co/GDrqU22YpT
853006,"@AppleSupport why does my phone keep connecting to WiFi and Bluetooth randomly? If I wanted to turn it on, I would. iOS 11 problems! 😤",@322633 Thanks for reaching out. Let's figure this out together. Are they turning on in Settings or in the Control Center?
2777522,@AppleSupport The iPhone 6 Plus. Can we arrange a call?,"@775992 Thanks for clarifying this for us. If you'd prefer to work with our telephone support, you're welcome to reach out to us here:  https://t.co/IBIY3vMgPj"
97031,"Is it just me or is the @115858 app store a piece of shit? I rarely use it, but everytime I need to, it's always the biggest pain in the ass!",@137180 We'd like to look into the issues you're having with the Apple Store app. Can you explain the issues you are seeing?
1767369,@AppleSupport please send a fix or work around for this: https://t.co/Wwx4Fbb1Ct,@531436 Here’s what you can do to work around the issue until it’s fixed in a future software update: https://t.co/xXaXeeSRt9
2698051,"my phone is mad glitchy, it freezes, &amp; it keeps erasing all of my pics then they they download &amp; show up in my albums again. @115858 what is going on",@670126 Let's look into this for you.  Send us a DM with your current iOS version and a screenshot of your iCloud photo settings located under Settings &gt; Name &gt; iCloud &gt; Photos. https://t.co/GDrqU22YpT
1010503,"@AppleSupport Yes, updated to latest one.",@123516 Thanks! Please send us a DM and give us more details about the way you see iMessage behaving. We're here for you. https://t.co/GDrqU22YpT
1297500,"The closer to the release date of the iPhone X my phone been fucking up so much, I’m onto you @115858",@423205 What kind of issues are you having with the iOS? Let us know so we can help out.
1913178,@AppleSupport MacBook Pro offered new OS so I started the process. Since then I can’t boot. Stuck on the boot screen. https://t.co/z0ujSC753m,@569880 We appreciate you reaching out to us about your Mac. You did reach us while we were out of the office so we wanted to check in and see the status. Any change to what you're seeing on your Mac?
1570354,@AppleSupport post upgrade to iOS11.1 on my iphone6s I cant make any calls. Tried restoring still no joy super frustrated,@484274 We'd love to assist. What exactly happens when you try to make a call. Do you see Searching or No Service in the upper left?
942752,"I am simply baffled by how badly @115858 @AppleSupport can mess up an order. Wrong keyboard, wrong name on AppleCare. #makeitright 🤦🏻‍♂️",@129079 Let’s make this right. To begin let’s have our Apple Online Sales Support partner with you here: https://t.co/8yjRd1Xo0i
1631177,@AppleSupport Can you check DM’s I’m reporting a problem with the new update,@499218 We've received your new DM and we've responded there. Keep an eye out for our response there.
1557752,"@AppleSupport after upgrading to #iOS11 and 11.0.3 my #iPhone7 become very unstable, always hangs, restarts, the screen never wakes up.. 😭😡😞",@481500 We'd love to help. Please let us know in DM if you're experiencing these issues while using a particular app. https://t.co/GDrqU22YpT
1767371,@AppleSupport @AppleSupport NOOOO https://t.co/f7ECuCQ9qY,"@202938 Hey, we know your Photos are important. For help, please reach out to our Photos experts here:  https://t.co/IBIY3vMgPj"
1697460,@115858 please fix my I’s,@514896 Here’s what you can do to work around the issue until it’s fixed in a future software update: https://t.co/xXaXeeSRt9
1432493,WHY CANT 👁 TWEET THE LETTER “EYE” @115858 @AppleSupport,@452630 That should not be happening. Let us help. Tell us more about this in DM. https://t.co/GDrqU22YpT
126375,@AppleSupport @144367 @144365 My battery percentage isn’t correct...help?,@144366 Happy to! Can you provide us with more details about what's going on? Which device and iOS version are you using? Let us know in DM. https://t.co/GDrqU22YpT
1235659,@AppleSupport It started happening recently. And battery life has started recently too. I don’t have many apps. And I don’t have Bluetooth on either,"@409822 Check out this link for temperature concerns: https://t.co/otCvUAaFQq Also, try the recommendations here: https://t.co/bivpdfBNJ6"
1148804,@AppleSupport iPhone 6s and 11.0.3,@390344 Thanks for clarifying. We'd like to take a closer look into this in DM. Send us a message and we will follow up there. https://t.co/GDrqU22YpT
2702231,@759026 seems like you need the iPhone fix for the letter ‘I’ so here you go. Now I have issue with ‘it’. Darn @AppleSupport https://t.co/aY0ii64bVv,"@532837 We want to take a further look into this if you’re having issues with your keyboard. DM us your current iOS version, and we’ll take a look at it with you there. https://t.co/GDrqU22YpT"
599076,"I upgraded to iOS 11.2 because I got hit by @115858's notifications bug (disabling app notifications between crashes was fun), and now my phone won't start, won't hard reset, won't DFU, nothing. It just displays the red battery icon. @AppleSupport I can't be the only one, right?",@262084 We'd be happy to help. Check out this link to see if it helps: https://t.co/8MvHMFZ83h
1725278,👁 am sick of the games @115858 get your shit together,@521809 Here’s what you can do to work around the issue until it’s fixed in a future software update: https://t.co/qODbOsp4wz
1597289,@AppleSupport whenever texting vowels by themselves it automatically corrects. I️ I️ I️,@490679 Hello there. Try out this work around until this issue is fixed in a future update: https://t.co/xU1AGHStV6
2025907,"@AppleSupport I keep my Mac screen colors inverted, but when it wakes in 10.13, it reverts to normal and I can’t invert again w/out reboot.",@393679 We can definitely look into this further with you. Which macOS are you running currently? DM to let us know. https://t.co/GDrqU22YpT
1535684,@476174 @AppleSupport Same,"@592774 We’d like to look into this with you. To start, send us a DM letting us know which device and software version you’re using. https://t.co/GDrqU22YpT"
1080427,@AppleSupport Love an automated reply,"@374875 If you’re still experiencing issues then we’d like to help, meet us in DM so we can do just that. https://t.co/GDrqU22YpT"
2036413,"Hey @115858, #Siri sucks. How can @122986 seem to get it right but you can’t? https://t.co/S8Ct3OvzZl",@602072 Thanks for reaching out. We'd like to take a look at this with you. Please DM us your country to get started. https://t.co/GDrqU22YpT
817012,@AppleSupport None whatsoever,@314584 Be sure that you’ve got a current backup and update your iOS to 11.0.3. Send a DM if you need help: https://t.co/80YRnjDFDk https://t.co/GDrqU22YpT
1676999,@115858 needs to fix this i️ shit,@510100 Here’s what you can do to work around the issue until it’s fixed in a future software update: https://t.co/xXaXeeSRt9
1300718,@AppleSupport why do the alarms on my iPhone 6 sound a few minutes late? iOS 11 in airplane mode,@409816 We'd love to help. Let's take a look at this further for you. Reach out to us in DM. https://t.co/GDrqU2kzhr
2573882,@AppleSupport Understand it can be done simply on an iMac which is what I use currently. I wanted to get a MacBook Pro but am unable to touch the touch ID button by skin contact. Does the power button also act as physical button that can be pressed without actual skin contact?,"@568173 Thanks. The Touch ID button on the Macbook Pro is a physical button as well, it can be pressed and held down to power off if Touch ID functionality isn't an option."
2774272,@AppleSupport why are my lock screen notifications doing this? https://t.co/CP6jXkjwQ8,@387092 We can help get to the bottom of what's happening with those notifications. Which notifications are you seeing this with? Let us know in DM and we'll get started there. https://t.co/GDrqU22YpT
2295744,@AppleSupport &lt;14 hours after I upgraded my original Apple Watch to WatchOS 4.1: The calendar doesn’t work (says its uninstalled?) and it’s now frozen to the point of needing a hard restart twice. How do I fix this? https://t.co/fPoLnfcGL0,"@351514 we understand how convenient and important your Apple Watch is. We're here to help. Meet us in DM with the iPhone you're paired with, and the version of iOS on that device. https://t.co/GDrqU22YpT"
1094123,"@AppleSupport Yes, correct. Have turned off/on several times &amp; also reinstalled twitter, but continues to disconnect from WiFi. No other apps affected.",@378230 Thanks for confirming and performing those troubleshooting steps! Join us in DM with the country in which you're located. https://t.co/GDrqU22YpT
2285862,@116333 so far your company hasn’t given me the help needed with my battery issue or answered any of my other issues. @AppleSupport,"@527841 We're happy to help with your battery issues. As we were working in DM, let's continue there. https://t.co/GDrqU22YpT"
1516195,And why TF do iPhones make their “I️” into something stupid now @115858,"@471781 Reach out to us via DM, then we can advise you on this from there. https://t.co/GDrqU22YpT"
790671,@115858 @AppleSupport And latest update does not fix it,@122934 Thanks for contacting us. What are you experiencing? Please let us know in DM how we can help. https://t.co/GDrqU22YpT
235803,"@AppleSupport Please help.

1. Please check #iOS11 (issamess🙅🏾): all of our symptoms are there 
2. No need to reboot. It reboots itself constantly 💁🏾 https://t.co/P1yWQNJuwN",@172164 Let's follow up in DM. We'll continue the conversation there. https://t.co/GDrqU22YpT
740984,@115858 the update has fucked up my iPod so thanks for that,@297213 We can help! What's going on with your iPod? Reply in DM to get started.
1484772,"My keyboard is sending out code and when I️ try to open apps they spaz, flicker, and refuse to open. What nonsense is this @AppleSupport ?!",@253438 We'd like to assist. Send us a Direct Message using the link below and we'll continue. https://t.co/GDrqU22YpT
2008227,How long we gon keep this going 👉🏽👉🏽👉🏽 I️ @AppleSupport,@593839  We would like to offer some guidance with this. Please review: https://t.co/xXaXeeSRt9 DM us if you have any questions. https://t.co/GDrqU22YpT
1121701,"Actualice mi iPhone a iOS 11.0.3, con la esperanza de que volviera a vibrar y que se escuchara de manera fluida.  @115858 @AppleSupport https://t.co/J1fl0K1qxs",@384585 We offer support via Twitter in English. Get help in Spanish here: https://t.co/IBIY3vMgPj or join https://t.co/OczyRx7IOs
1454552,I most certainly have not trained for 1377 minutes in November yet. 00:00 bug? @59914 @AppleSupport https://t.co/EO933aSqTY,"@184331 Let’s investigate this together. DM us the watchOS version your Apple Watch is on, and we’ll get started. https://t.co/GDrqU22YpT"
1367630,"Typing on my iPhone, Awatch on wrist, MacBook on desk and ipad in my bag... trying to complete my reserved order.  @AppleSupport tripping 😐!","@438374 We're happy to help. To help with orders, our Online Sales Support Team can help you here: https://t.co/8yjRd1Xo0i"
1537681,@AppleSupport Updated to IOS 11 and my screen is frozen but I can still access my notification center (swipe up) but can't restart my phone,@476696 Thanks for reaching out to us. Please send us a DM and we can chat with you there. https://t.co/GDrqU22YpT
2040869,@116333 What the hell are you guys doing? These updates are a mess!! Can’t store any data from my music or apps on my device!!,@603443 We'd like to help out. Are you getting any errors? Are you on iOS 11.1 now? Send us a DM and share what's happening. https://t.co/GDrqU22YpT
543747,My phone keeps on restarting itself. @115858 pls fixed this problem asap,"@246311 We understand how important it is to have a reliable iPhone. We recommend backing up your device and following the steps laid out in this article:
https://t.co/osZOKKTalm

This article will walk you through backing up your device: 
https://t.co/4f8hwT5to6"
543705,"@115858 
I’d like to thank you for the amazing products you have made over the past few years. 
How ever this is what’s happening to my iphone. Need some help. Thank you Apple. https://t.co/tPlbmGKQfv","@246294 We know how important it is to have your iPhone running properly, and we'd love to help. Please take a look at the steps listed here, be sure to create a back up before updating: https://t.co/osZOKKTalm  If you're still having trouble, let us know in DM. https://t.co/GDrqU22YpT"
34620,"When searching fot ""GOT"" Apple TV app shows Cmore but not @1561 Nordic, even tho I only have HBO installed. @AppleSupport",@123503 Let's get you in touch with our Apple TV experts so they can assist further. Reach out here: https://t.co/IBIY3vMgPj
2422488,@115858 your new update messed up my phone😭 there’s no sound coming out of the speakers😭😭😭,@695775 We want to help. Restart your iPhone and see if that helps. Test the headphones and receiver speakers as well and make sure the volume is turned on and the Silent Switch is not active. DM us which country you're in the issue continues. https://t.co/GDrqU22YpT
656269,@AppleSupport They are not on the same iOS one is 11.0.2 and the other is 11.1.2 I am updating the iPhone 8plus now and Ithink this should fix the problem so both are on the same software version,"@276131 That's exactly right. They'll need to have the same iOS version installed to restore your backup to your new iPhone. If you update and experience any issues, please let us know in DM. We'll pick back up there. https://t.co/GDrqU22YpT"
1966713,@582839 @115858 MINE TOO WTF,@582838 We’re happy to help with any complications you’re experiencing. Could you let us know more details in a DM? We’ll go from there. https://t.co/GDrqU22YpT
1859687,"Out of the blue this. WTF, @115858? https://t.co/WThCmNLAIM","@555985 Hey, were you able to enter in the keychain password successfully? Let us know in DM and we can go from there. https://t.co/GDrqU22YpT"
1644577,"@AppleSupport my laptop won't go to sleep when I close the lid, or wake back up when I open it. Any suggestions on how it can be fixed?","@502568 We'd be happy to look into this issue with you. Send us a DM, and we'll continue from there. https://t.co/GDrqU22YpT"
898845,"@applesupport Hi, is there a place on the site to provide feedback about the customer service i've received?",@265045 We'd be happy to record your feedback. Please message us in DM with the details. https://t.co/GDrqU22YpT
1998524,@115858  @AppleSupport why is it every time I️ type the letter i I️ get a question mark box ?,"@445643 We'd like to look at this with you. DM us, tell us the exact version of iOS 11 you use, and we'll take it from there. https://t.co/GDrqU22YpT"
883556,@AppleSupport 11.,@329814 Send us a DM and we'll be able to help more. https://t.co/GDrqU22YpT
1762286,@AppleSupport NECESITO AYUDA,@530256 We offer support via Twitter in English. Get help in Spanish here: https://t.co/IBIY3vMgPj or join https://t.co/OczyRx7IOs
1233616,@115858 fix ios11 cause my phone freezing since updating,"@409336 We can help! Let us know via DM the type of iPhone that you have, then we can go from there. https://t.co/GDrqU22YpT"
1007140,@AppleSupport 10.3.3,@176777 Let's go ahead and continue in DM. https://t.co/GDrqU22YpT
2731314,@AppleSupport I got a green line on my iPhone screen just got it used this for 1 day how do I return this and get my refund.,@273658 We want to help. DM us and we'll go from there. https://t.co/GDrqU22YpT
1655587,Hey @AppleSupport when can I️ get my I️ back?,@505246 Here’s what you can do to work around the issue until it’s fixed in a future software update: https://t.co/xXaXeeSRt9
1871871,WHY WONT MY FUCKING PHONE UPDATE ???!!!!? @115858 ????? Any1 else havin the same issue orrr????,@558985 What's happening when you try to update your iPhone? Any specific error messages? We can help!
2593233,@AppleSupport IOS 11.2,@734396 Let's get together in DM to continue working on this issue. You can join us there by clicking on the following link. https://t.co/GDrqU22YpT
2533244,hey @115858 the new update has basically ruined my phone so plz send help,@720887 We're here for you. Send us a DM and tell us more about what's happening with your iPhone. https://t.co/GDrqU22YpT
2013134,"@AppleSupport Yep, just those apps so far. Happened while phone was unlocked.","@595262 Have you restarted to see if anything changes? If so, try removing those widgets, and adding them back. Let us know the result in DM: https://t.co/GDrqU22YpT"
1434352,"@AppleSupport It’s ok, managed to rescue the timeline by adding 2nd screen. Definitely bugs galore on FCP X 10.3.4 on High Sierra!! Fix em pls!",@453032 We want to hear your feedback. The following link is a great place to submit it: https://t.co/F6iS28rCzR
2555451,"@AppleSupport Yes, I played only on iOS 10. After the upgrade to iOS 11 I haven’t tried. Today was  the first time and it hasn’t worked",@725647 Are you able to stream videos from sources other than Apple Music while on cellular?
2341900,@AppleSupport Thanks for the reply. I’m running 11.1.1 build 15B150. Hope it can be resolved.,@677409 You're most welcome. We want to do all we can to help get to the bottom of this with you. Send us a DM and we'll investigate this further together. https://t.co/GDrqU22YpT
1997333,@115858 what’s wrong with the letter I️ every time I️ try to type it by itself “A ?” comes up?,"@590580 We'd like to take a look at this with you. DM us, tell us the exact version of iOS 11 you're using and we'll go from there. https://t.co/GDrqU22YpT"
455005,@AppleSupport It’s an external CD drive and every time I insert a disk to burn files finder doesn’t recognize a disk in the drive,@223005 Thank you. Does the issue persist if you use a different USB port? Let us know in DM. https://t.co/GDrqU22YpT
861951,Ei! Tendo algum problema no meu Macbook Air. Preciso de ajuda! @115858 @AppleSupport,"@324674 Since our Twitter support is available in English, get help at https://t.co/IBIY3vMgPj or join https://t.co/pvaOFfPbjt"
2375228,@115858  U CREATED A PHOHE THAT SCANS FACES BUT U CANT FIX THE “I️” ISSUE... WHY,"@511915 iOS 11.1.1 was recently released and it includes a fix for autocorrect issues. Be sure to back up your device prior to updating, and let us know if the issue persists afterwards. How to back up: https://t.co/ui8Itz8ESg"
689331,@AppleSupport It’s Apple Music!,"@__daisu__ Under Settings &gt; Music, let's make sure iCoud Library is enabled."
2053720,@115858 you’re new update makes me wanna smash my phone into pieces. Never had a problem with my iPhone till now. You’re slipping on my list,@183307 Thanks for reaching out to us. We'd like to help you and look into this further. Please DM us to continue working on this. https://t.co/GDrqU22YpT
2095410,@115858 why does my iPhone7+ keep crashing after the update.&amp;why do the songs in music app say “item not available.”I pay for it monthly.,@619043 Thanks for reaching out to us. We are always happy to help. Send us a DM so we can look into this together. https://t.co/GDrqU22YpT
795232,@AppleSupport my screen lock is definitely on but it keeps rotating! Help!,@309594 Let's check it out. Which device does this occur with? Which iOS version is running in Settings &gt; General &gt; About?
1564791,"Hi @AppleSupport, I lost my right AirPod and I am in Greece, what is the procedure?",@483124 We're sorry to hear you lost your AirPod! We can definitely look into your options. Send us a DM and we'll go from there. https://t.co/GDrqU22YpT
1924362,Has anyone else noticed that since they’ve upgraded to #ios11 they can’t paste on @126? What’s that about @AppleSupport?,@572803 We'd like to assist you with the paste issues you have. Send us a DM letting us know which iOS version and device you're using. https://t.co/GDrqU22YpT
539876,@115858 I am too poor to buy new phone and because of the new released iPhone I am no longer able to use my screen without it spazzing so is there anything you can do about this? Please,@245207 Hello. We want you to be able to use the iPhone you have without any issues and we'll be glad to help you. Can you tell us more details on what's happening with your screen? https://t.co/GDrqU22YpT
2683872,"@AppleSupport It’s iOS 9.3.5 and every apps slow down the iPad, specially Tw, Fb, Netflix, Raiplay but most of all Safari. The connection problem occurs with all Wifi lines",@754868 Is your iPad currently connected to Wi-Fi right now? DM us the answer and we'll look further into this with you there. https://t.co/GDrqU22YpT
1754055,Facts! @AppleSupport @115858 this update messed up my phone. I️ can’t type the word “i “ with out I️ showing up https://t.co/PIKoD00Dtf,@240819 Here’s what you can do to work around the issue until it’s fixed in a future software update: https://t.co/xXaXeeSRt9
1744865,"@115858,  how much longer am I going to have to use lowercase L's and/or I's before you fix this shit",@526166 Here’s what you can do to work around the issue until it’s fixed in a future software update: https://t.co/xXaXeeSRt9
724634,god my phone has been so laggy since downloading ios11 @115858 give me a refund,@293560 Let us look into that lag issue for you. Join us in DM so we can better assist you: https://t.co/GDrqU22YpT
796606,@AppleSupport why do I not have the option to update my iPad to iOS 11?,@309954 We're here to help. What type of iPad do you currently have?
1162041,"Hey @115858, I️ love the new emojis but it’s been 3 days since I’ve been able to say I️. System update please??",@393404 Here’s what you can do to work around the issue until it’s fixed in a future software update: https://t.co/xXaXeeSRt9
2588729,"@AppleSupport Hi. I'm needing help with my iPhone Contacts. They are showing numbers, not names, in the list of threads!",@557590 You've come to the right place for help today! Let's meet up in DM to look at this issue together. https://t.co/GDrqU22YpT
1779842,@115858 is there a way to un-update my phone? I dont want to be subject to glitches until u get it right.,"@534752 As iOS 11 includes security enhancements, reverting isn't supported. Please tell us what's going on in DM, we'd love to help. https://t.co/GDrqU22YpT"
1533779,@AppleSupport why does my phone keep turning my I’s into weird characters?,@475666 Let's take a closer look into this together. Reach out to us in a DM to get started. https://t.co/GDrqU22YpT
2499287,"@AppleSupport , I wish to inform you that IOS 11.1 officially sucks on the iPad. Since upgrading to it, it regularly drops the network connection and has to be manually reconnected, sometimes even asking for the password. How do I go back to 10, which worked?",@532825 We'd be happy to look into this with you further. DM us using the link below and we'll go from there. https://t.co/GDrqU22YpT
1394904,I should’ve never updated to the new IOS shit got my phone freezing 🤦🏾‍♂️ @115858 @AppleSupport,@444385 We want to help. Reach out via DM using the link below. https://t.co/GDrqU22YpT
1345650,@AppleSupport 6s. iOS 11.1 beta 5,"@433776 Let's meet in DM to continue, please. https://t.co/GDrqU22YpT"
1575444,Please fix this bug @115858 I️ I️ I️ driving me nuts,@485469 Thanks for contacting us about your keyboard. We've got your back. Give these steps a try: https://t.co/xU1AGHStV6
589453,@115858 im thru with the bullshit updates OKAY! I can’t even Bluetooth my phone to my carrrrr 😩😩,@259360 We want to help you with your iPhone and car stereo. Please DM us what happens when you try and pair the two. We'll work with you on a fix for this issue. https://t.co/GDrqU22YpT
2557279,My #iPhoneX crashes when i swipe in the contacts app @AppleSupport #iPhoneXCrashScreen #CrashOLEDGate https://t.co/SJ51eN50Tw,"@380013 Congratulations on your new iPhone X. We’d love to ensure that everything is working as expected. To be clear, are you unable to swipe right to get back to your list of contacts when viewing a particular contact? DM us the answer. https://t.co/GDrqU22YpT"
2220803,@AppleSupport It Aint Even Work Forget Yall,@648636 We'd like to look into this further. Please click here to connect with us in DM: https://t.co/GDrqU22YpT
1643900,@AppleSupport i️ONLY TYPE IN LOWERCASE TO BEGIN WITH SO IT DOESNT HELP.,@502400 Please meet up with us in DM and we'll take things from there. You can reach us at the link below. https://t.co/GDrqU22YpT
593561,"@AppleSupport hi, I have an iPhone X and Apple Watch 3, when I have the Apple Watch on my wrist, notifications do not appear on my IPhone. How do I set it up so I get notifications on both devices at the same time? I sometimes miss stuff",@225105 We've received your DM and we'll follow up there.
2186220,This is THE most annoying thing in my life right now @115858 @AppleSupport 🤧 https://t.co/9C0zbZXtqV,@524691 This is certainly not the behavior we want you to experience. We want to help! Could you tell us which iPhone and iOS version you're using? Here's a link to help locate your iOS version: https://t.co/lhhJthvNy9
553562,@AppleSupport I updated to iOS 11.2. I’m trying to set up Apple Pay cash but the Apple Pay cash options/settings doesn’t appear at all. All I see on display are my bank and credit cards. How do I solve this problem?,@249110 We can help check into that with you. Could you join us in DM and we'll get a closer look? https://t.co/GDrqU22YpT
652940,@275254 @AppleSupport I’ve got 11.1.2 &amp; it still occurs on my iPhone 6S &amp; iPhone X so I feel it’s S/ware,@275253 We'd like to look into this. DM us and we'll go from there. https://t.co/GDrqU22YpT
2924658,@AppleSupport my battery is draining so fast. Help,"@809266 We'd be happy to help with this. Could you please confirm for us what device you're having this issue on, and what OS version it's running?"
2308421,@AppleSupport The screen is not responding when I try to input my passcode on the lock screen. We have tried the hard reset also.,"@669591 Thanks for letting us know, can you confirm if anything changes via DM? We’ll continue there together. https://t.co/GDrqU22YpT"
2014630,"Hey, @AppleSupport, my iPhone 6 running iOS 11.1 randomly disconnects from known WiFi networks upon going to sleep mode. Any thougts?",@595713 Let's team up on this. Does this happen with every Wi-Fi network you connect to? Let us know in DM. We'll meet you there. https://t.co/GDrqU22YpT
1690501,@AppleSupport why does the letter “eye” turn into a question mark. I️,@513217 Here’s what you can do to work around the issue until it’s fixed in a future software update: https://t.co/xXaXeeSRt9
518333,. @AppleSupport hey guys. I know this isn’t you guys. Just wanted to let you know about it. https://t.co/rNadd2rSzY,"@239547 Thank you! You can learn more about how to identify, and report these phishing emails here: https://t.co/LNMCdqbuR3"
2341906,Hi @AppleSupport please read the PM that I sent you about a (supposedly) fake invoice! Hope you can help out.,@677410 We've received your DM and will respond there shortly.
1735037,"Update on broken phone: if I try to skip ahead 15s on a YouTube video, it starts playing the video backwards. 

Thanks @115858 for the update",@523929 We're happy to assist. Which iOS version are you currently running? Go to Settings &gt; General &gt; About for the version.
1241118,@AppleSupport I restarted but no luck... 2nd screenshot after restart... https://t.co/AgEgDt6mlM,"@411120 What app were you in when the keyboard came in like this? Also, were you trying to rotate it to landscape?"
2943356,@AppleSupport No that’s the thing,"@813143 The best way to recover data would be by having a backup. It's possible, if you had iCloud setup, that an automatic backup may have happened. You can check using the article provided. DM us with any more questions: https://t.co/GDrqU22YpT"
1224347,@AppleSupport So you guys are never gonna fix this shit huh? I️ I️ I️ I️ I️,@407237 Please send us a DM and we will go from there. https://t.co/GDrqU22YpT
98890,"@applesupport Happens with all PDFs (vector/typography based), no exception. PDFs appear blurry compared to original (like in Pages).",@137649 We're more than happy to look into this with you. You can send us a DM using the link below and we'll go from there. https://t.co/GDrqU22YpT
489669,@AppleSupport Series 2. OS 4.2,@231624 Thanks. Which type of iPhone and software is your Apple Watch connected to?
242733,"Exchoos me @AppleSupport .How does this happen after an 80 minute indoor workout?
🗣RUN 👏🏾 ME 👏🏾 MY 👏🏾 CREDITS https://t.co/fAlFgJ2jlJ","@173662 We'd like to help. Before doing exercise, did you select the appropriate workout, as seen here: https://t.co/ik0A8dg7Jt"
408447,"@AppleSupport Thank you. Absolutely none. I have iCloud Music Library synced across my Mac, iPhone and PC.",@212362 Got it. Do the missing songs show up on any of your other devices? Let us know in DM please. https://t.co/GDrqU22YpT
262600,@AppleSupport I just get the Mac could not communicate with Watch dialogue,@178555 Check out this article for all of the settings necessary for the Auto Unlock https://t.co/MQdkNOBC7a
433073,@AppleSupport Thank you so much 🤙🏼,@218001 You're most welcome.
1818059,"@AppleSupport ios11 has to be the worst update for bugs.  Less than 6month old iP7 freezes, unresponsive, apps don’t open. Please fix.....",@546107 We are here to help whenever possible. DM which iPhone and specific iOS version you are using to get started. https://t.co/GDrqU22YpT
1163449,Pretty sure @AppleSupport software update gave my phone brain damage this thing operates like a 2007 smartphone now,@393682 Thanks for reaching out. We're here to help. DM us so we can look into this further with you. https://t.co/GDrqU22YpT
818242,Care to explain? @AppleSupport https://t.co/8bHZDhwWFb,@314893 Thanks for reaching out to us. We are always happy to help. What seems to be the issue with the screenshot?
2869670,"@AppleSupport, how long do I let it spin wheel on the activation screen before going absolutely bananas?","@141097 Let's take a look at this. Just to be sure, you joined a Wi-Fi connection already in the Setup Assistant?"
2509381,"@AppleSupport Yes, it’s turned on https://t.co/Xm1sCjPLes","@187825 Thank you. Even when storage optimization is turned on, the photos will still save on the iPhone. They just save a lower quality photo to the iPhone and keep the high quality photo in the cloud."
2138238,"@115858 my shit bugging tf out right now it freezes up , closes apps while I’m using them, this battery shit trash , like wtf !",@628913 We're here to help. Which iPhone are you using and which version of the iOS? Check by tapping Settings &gt; General &gt; About.
2247019,@AppleSupport What the heck? Type it and it forces “I.T”. Did your QA team take the last two releases off?,"@654841 We're ready to help you get this sorted. First, let's verify which version of iOS you have installed. You can find this at Settings &gt; General &gt; About. Please let is know what you find in DM. https://t.co/GDrqU22YpT"
2284455,@AppleSupport I see now it’s been changed to the “FILES” app. Thx.,@663857 No problem. Feel free to reach out if you need anything else.
762555,"Since updating my phone I don’t receive WhatsApp notifications until I open the app. @AppleSupport, sort it out. Annoying af. 😒",@302194 We'd be happy to assist you with this. Can you provide us which iOS version you're using?
1376777,@AppleSupport When I'm on LTE nothing loads,"@440503 Let us know via DM the device this is on and which version of the iOS is installed, then we can proceed from there. https://t.co/GDrqU22YpT"
2444124,@AppleSupport Yeah all updated,"@700817 Do these apps crash immediately after you open them or a little after you use them? Also, are these Apple apps are third party apps downloaded through the App Store?"
1374595,@116333 nobody is picking up the phone at the Apple customer support.,"@439956 We'd like to see how we can assist. What issue are you currently experiencing, and what happens when you try to reach us?"
2424419,"@AppleSupport iPhone 6S , battery life sucks ass 🙃",@696230 Got it. Do you know approximately how long your iPhone 6s lasts on a fully charged battery? Does this happen while using any particular apps? Let us know via a DM. We’ll keep moving forward from there. https://t.co/GDrqU22YpT
488067,@AppleSupport So is there really no way to turn off auto screen brightness now? Mine keeps changing when it isn’t in sunlight and I can’t see my GPS anymore. Not very safe to have to manually adjust repeatedly while driving.,@231180 Let's work on getting your brightness adjusted together. You can manage auto brightness in iOS 11 using the Accessibility Settings. You can follow the steps here: https://t.co/bkqEVCrK2l to get it done.
2573921,"@AppleSupport I already did that and had no success. Also it is strange that the IP, Gateway and DNS addresses are properly assigned and the “No internet” warning does not appear. I can even discover devices within the network. Still no internet.",@142511 Let's look into that further. Send us a DM and we'll go from there. https://t.co/GDrqU2kzhr
1725725,@AppleSupport please fix the bug with the letter I being changed to A ?,@521929 Here’s what you can do to work around the issue until it’s fixed in a future software update: https://t.co/xXaXeeSRt9
1003888,@115858 why is my phone lagging after iOS update.,@332809 We'll be more than happy to look into this with you. Could you tell us which iPhone and version of iOS you're currently using?
2131169,@115858 @AppleSupport fix this whole I I️ thing please.,@627224 Here’s what you can do to work around the issue until it’s fixed in a future software update: https://t.co/xXaXeeSRt9
2747249,@AppleSupport Both my iPhone 6S &amp; 6S Plus and iOS 11.1.1,@479448 We appreciate that update. Meet up with us in DM and we'll continue there. https://t.co/GDrqU22YpT
2795435,@AppleSupport Why does the Health app on iOS 11 count steps while I am on a bicycle ride with my Apple Watch recording that ride via the Activity app? Shouldn’t the Activity and Health app talk to each other so that the Health app does not count every bump on the road as a step?,"@780057 We're happy to look into this with you. To get started, let us know in DM which iOS device you're using and which version of iOS 11 you've got installed. https://t.co/GDrqU2kzhr"
1918529,@AppleSupport When I try to play something in Apple Music it keeps trying to get me to “choose a plan” I’ve got a live subscription???,"@571373 Let's work together to get your music going. Please send us a DM, tell us which device this is happening on. https://t.co/GDrqU22YpT"
583654,"Hi @120640 is it ok for https://t.co/eXcJrhEHTJ to charge for Saturday delivery, and then tell customer on Sunday they ‘might’ get the products Monday, after telling a loyal customer blatant untruths to cover up @115858 &amp; @27229 failings? #reliability #integrity",@227826 We'd like to help.  Send us a DM with your current location.  We'll go from there https://t.co/GDrqU22YpT
2633390,"@AppleSupport Just wonder if the max on the control center is 9. All the devices appear in homekit 12 in total, but I only see 9 in control center","@303128 You're correct, only 9 are controllable in the Control Center. You can provide feedback about this here: https://t.co/eTPVYVFyd8"
972534,@AppleSupport What if my country doesn't have genuine spare parts. My iPhone 7 screen is cracked &amp; I can't get it to be repaired at an AASP.,@320381 DM us and we'll check into additional service options. https://t.co/GDrqU22YpT
1009086,@AppleSupport my new iPhone 8 has started making randomly making smoke alarm-like noises. Any ideas?!,@358778 We'd like to look into this. Send us a DM to continue. https://t.co/GDrqU22YpT
1679944,My phone is dead slow after the latest IOS installed. Have to wait for min 10 sec for apps to open up....@AppleSupport,@510858 Thanks for reaching out. We've received your DM and will follow up with you there shortly.
1213510,So...my phone decided to break in a weird way today...@AppleSupport @157399 https://t.co/emtMt5QTxq,@404818 Let's check it out. Are you able to move the icons? Has the device been restarted? Which iPhone model do you own?
2619834,@AppleSupport why,@740308 We'd like to see how we can best assist. What exactly are you seeing with this?
737245,@115858 @AppleSupport @118721 7 emails saying you would call or text instructions to recover my iTunes. You guys suck ass. #iAss,"@296328 If the email did not come through, you will need to reach out to our Account Security team here: 
 https://t.co/SDIe7UiyJN"
2007061,@AppleSupport @115858 fix it ffs!! https://t.co/xpkeVQxXv7,@593498 You've come to the right place for help. Is this the only Apple ID service not working? Let's discuss in DM here: https://t.co/GDrqU2kzhr
1758756,@AppleSupport I️ updated to iOS 11.1 and my photos went from 3000 to 503 they’re on iCloud but I️ want them on my phone. How can I do so?,@529428 Your photos are important! Reach out to our team dedicated to helping with Photos here: https://t.co/IBIY3vMgPj
240120,@AppleSupport This is my lock screen https://t.co/lfw7dYRu87,"@173034 We appreciate you keeping us updated. So that we can look into this further, use the link below to DM us. https://t.co/GDrqU22YpT"
514740,"@115858 @318 @118721 Help with this, please. It's affecting workflow. Case 100366105647 https://t.co/dXstaIQYcK",@238525 Let's help get you into the right hands. Please reach out to our iTunes team via: https://t.co/SDIe7UiyJN
1572346,Look @115858 you got the wrong one. Stop making my phone mess up bc I️ don’t want the ugly iPhone X https://t.co/pTx8d8CDcB,"@484712 We'd be happy to help you. Check out this article, this workaround should help: https://t.co/xU1AGHStV6"
816430,@AppleSupport On 11.0.2. Planning to update tonight.,"@314423 OK great, just let us know if you're still having an issue after getting the device up to date."
2139884,"Hey @115858, fix this I️ problem",@629319 Here’s what you can do to work around the issue until it’s fixed in a future software update: https://t.co/xXaXeeSRt9
324263,@AppleSupport dont hav solution 2 recover Apple id password. I'm struggling since last 3months. Even though giving proof of device ownership,@193245 This article may help: https://t.co/0uGi5ZBDyn You can reach out with questions here: https://t.co/UJm15vmMM2
1709912,"@AppleSupport Waiting in carrier to get back to me, can use SMS with no issues","@518061 Thank you for letting us know! Please send us a DM, and we'll continue there. https://t.co/GDrqU22YpT"
2001860,@AppleSupport iPhone 7+ Battery draining faster than ever before after iOS 11.0.3 Update - absolutely ridiculous. When will it be fixed?,@591942 We want to help! DM us and let us know more about the issues you are having. We can look into it from there. https://t.co/GDrqU22YpT
2943381,@AppleSupport When ‘re u going to create an entrance for iPhone 7 ears. Can’t listen music from my MacAir. Will buy only new MacAir next year if this entry is there,@813149 We welcome suggestions. Here’s a great link to submit your feedback: https://t.co/eTPVYVFyd8
1930772,@115858 Your telephone support to report fraud is nothing short of fucking useless,"@574544 This sounds concerning. Please, join us in DM at the link below and provide us more details on the issue. https://t.co/GDrqU22YpT"
328530,@AppleSupport I have the 6s &amp; ios 10.3.3,@194332 Thanks. Check out this link to ensure you're maximizing your battery life &amp; let us know how that goes: https://t.co/bivpdfBNJ6
1583011,Anyone having this issue???? @AppleSupport https://t.co/idnK7zFpoG,"@487211 Let's help. For a breakdown of what to do in this scenario, check out: https://t.co/xU1AGHStV6"
1706136,IOS 11.1 ruined my phone. I can’t go on anything with internet even when I’m on WiFi @115858 @AppleSupport wtf man ?,@517089 We can help! What happens when you try to access a website? Reply in DM to get started. https://t.co/GDrqU22YpT
87082,@AppleSupport Now this is popping up and my macintosh hd disk is no longer an option. This happened after I was downloading the new Mac OS Sierra. https://t.co/3uUwqn0PFg,"@135062 To make sure we're on the same page, where is Macintosh HD no longer showing? If you open up Disk Utility, do you see it listed on the left of that window?"
1623339,My 7 Plus has been freezing at least twice a day since the iPhone X/IOS 11 update came out  @115858 https://t.co/OWcCvDHbU0,@497271 We’re available to help with your iPhone 7. Which apps are not responding as expected? Is it fully updated to iOS 11.1?
2439691,"@AppleSupport I have problems with my iPhone, it deleted my pictures! Help!","@699743 We know how important it is to have your photos showing as expected. We'd like some details to assist. Did this occur after a major change to your iPhone? Also, before this occurred were you using iCloud Photo Library on your device? Let us know and we'll continue."
1165737,@AppleSupport cud u pls help me wid this sw update problem on my iphone6s? https://t.co/we029RsAYh,@394199 Thanks for reaching out. Here's a great article to help you with that update: https://t.co/Ui1yTnOCUz
1807825,So annoying .... my iPhone keeps making a smoke alarm noise 😡 @AppleSupport,"@147157 Let’s look into this together. So that we can explore the best options for your region, DM the country you’re messaging from. https://t.co/GDrqU22YpT"
1677021,@115858 fix this I️ shit or I’m switching over to android you fools,@510109 Here’s what you can do to work around the issue until it’s fixed in a future software update: https://t.co/tqme2m68En
336660,@AppleSupport A MacBook Pro running on High Sierra. I was on the phone with support for 3 hours yesterday talking to multiple people without resolution,@196313 Please DM us and we'll continue assisting you there. https://t.co/GDrqU22YpT
2860047,@AppleSupport @115948 ☹️☹️ https://t.co/byLnUWjYaI,@794753 That doesn't look right. Let's partner up to get your Apple Music working as expected. Have you tried restarting your device? Do you get this error on all searches? Please DM us the exact version of iOS running: https://t.co/GDrqU22YpT
1659151,@AppleSupport get it together and get rid of the weird emoji thingy that pops up when i️ type i️,@506206 Here’s what you can do to work around the issue until it’s fixed in a future software update: https://t.co/qODbOsp4wz
1021002,New iPhone update my @115858 broke the volume buttons when phone is locked. Good job with #iOS13,"@207344 Hi, can you tell us a bit more about what you're experiencing? We'll see what can be done to help."
247639,"@AppleSupport Other problem that I have is that my welcome page doesn’t function correctly sometimes, the clock disappeares, etc.",@174840 Got it. Could you meet us in DM so that we may investigate further? https://t.co/GDrqU22YpT
1970773,"@115858 Fix whatever the fuck you did to my iPhone with iOS 11. I have memes and dogs to look at, plus a lot of music to listen to.","@583768 We want to take a look at any issues you’re having. Meet us over in DM with more details, and we’ll help you there. https://t.co/GDrqU22YpT"
1764451,"@AppleSupport I have sent through DM’s, thanks",@530777 We just got your DM about this same issue. We'll be able to respond to your DM and work with you there from here on out.
1434353,@AppleSupport I need advice. I’ve just finished an edit in FCP X (10.3.4) on High Sierra. Now the timeline’s gone missing but edit is intact,"@453032 We'd love to help. Please reach out to our Final Cut Pro experts for further assistance, here: https://t.co/IBIY3vMgPj"
1151818,. @AppleSupport I just wanted to thank you for the worst iOS experience I’ve ever had since 7 years … now i feel like I’m using android,@391053 We’d like to understand more about this situation. Please DM us some details and we’ll take it from there. https://t.co/GDrqU22YpT
1714643,Why is the apple update so buggy??? @AppleSupport @115858,@519300 We're here to help. Let us know any questions or concerns you have with your device and we can go from there.
2449499,"Wish #Apple would remember what I had on, before I turned on the #AirplaneMode. Now, once I goto AirplaneMode &amp; later switch it off, then by default, #iPhone  switches on WiFi,Bluetooth &amp; CellularData. #iOS11 #userexperience #uxdesign @115858 https://t.co/ZHUrecCVsI",@257653 We value feedback and suggestions on what we can change. Tell us more here: https://t.co/GewaBVdeV8
1864508,When you gonna fix the fact I can’t control music/podcast from my lock screen &amp; slide up screen. @115858,@557048 We're here for you. To confirm. You have an issue where you're unable to control music/podcasts from the Control Center? DM us. https://t.co/GDrqU22YpT
991599,@AppleSupport can you help me? https://t.co/mRoUgl8OGn,@354901 Thanks for reaching out. The steps in this article can help https://t.co/Ui1yTnOCUz
2806698,"@AppleSupport before i go buy the iphone x, are there any other colors releasing",@703584 We appreciate your interest and encourage you to stay up to date on Apple news here: https://t.co/gbIPLOJYQL
2284947,@AppleSupport this happens to iPad Air all the time. https://t.co/DvFJ8TI252,@663975 Hello. We are here to help. How long has this been occurring? Have you tried a restart?
58832,Did @115858 remove #voicemail transcription in iOS 11? It was so useful. I can't seem to get it to appear again. Anyone know how to fix it?,@129395 We’re here to help. Please DM us the software version you’re using so we can better assist you. https://t.co/GDrqU22YpT
557862,@AppleSupport Why My Phone Be Dying So Fast Tho ?,@250302 You've come to the right place for help. Please tell us which device you're using as well as the version of iOS installed. You'd see this in Settings &gt; General &gt; About &gt; Version. https://t.co/GDrqU22YpT
1969962,I updated my phone and now it’s fucked up @AppleSupport,@583573 We'd like to know the details to assist. DM us with the exact iOS version and iPhone model you have and we'll continue. https://t.co/GDrqU22YpT
1935943,@AppleSupport hi how to delete old devices in Find My Friends app?,@575939 We'd be glad to help. Are you trying to remove your old device or the old device of one of your friends? Let us know in DM. https://t.co/GDrqU22YpT
2520773,"@115858 So how come since i got IOS 11, my battery die fast as shit??","@717994 We know how important battery life is for your device. Let’s work together towards a resolution. Send us your exact iOS version in DM, and we’ll take a look at it there. https://t.co/GDrqU22YpT"
1641313,@115858 can you plz fix the “I️” issue !!!! hard to yell at my friends via text when my letters are coming out funny!,@501774 Here’s what you can do to work around the issue until it’s fixed in a future software update: https://t.co/xXaXeeSRt9
2320611,Know what? @115858 because of this “I️” shit it ruined my story. So fuck y’all and y’all iPhones,@672545 We have some great news. We've recently released iOS 11.1.1 which should address the autocorrect issue. You can read more here: https://t.co/xXaXeeSRt9
2307557,@AppleSupport when is this glitch gonna be resolved🤔🤔🤔,"@296094 Thanks so much for reaching out. So we can provide you with the best steps, can you let us know some additional information on what you're experiencing?"
2376116,"my 7plus battery (67% charge) died so many times while I was taking pictures outside, it was only around 23 Fahrenheit. 😓@AppleSupport","@314595 Let's look into this for you. Did the device only shut off outside? Also, what is your current iOS version? Let us know in DM. https://t.co/GDrqU22YpT"
1875715,@115858 Only just got to comment again from my phone cause it crashed the app 124 times in a row. No option to regress - SDK update please @115858,@559954 Thanks for reaching out to us. Which app did this issue occur with? Let us know in a DM and we'll continue to assist. https://t.co/GDrqU22YpT
2618330,@AppleSupport Im running the latest firmware i close all of my apps,@739947 Got it. Let's go ahead and meet in DM and we'll continue there. https://t.co/GDrqU22YpT
619438,@AppleSupport I did but you haven’t helped and you won’t do a call back as requested,"@157897 We'd be happy to help. If you'd like to continue, DM us. https://t.co/GDrqU22YpT"
795678,"@AppleSupport @268472 I'm having the same problem on my Macbook and my iPhone, which are both up to date",@309718 Reach out to us in DM at the link below so we can help you too. Provide us more details there so we can get started. https://t.co/GDrqU22YpT
2081866,"@AppleSupport hi, why when i’m playing music from spotify or even with the music app of ios 11, the control center looks like this??? https://t.co/d9La9BEuRA",@615678 We're here to help. Try restarting your iPhone as outlined here: https://t.co/n9BF3L9h6y DM us if the issue persists. https://t.co/GDrqU22YpT
661521,"@AppleSupport I did it myself. I thought it may have been a faulty button, but I tried several buttons with no changes.",@277622 We would need to take a look at the device in person to determine what may be causing that issue.  To find the nearest repair location visit: https://t.co/PruGCHO1ib
2284295,@AppleSupport @115858 .. I️m TIRED OF SEEING THESE FUCKING BOXES!!!!!,"@663816 Are you seeing these symbols in your messages or from others sending messages to you? We recently released an iOS update, 11.1.1, that contains a fix for autocorrect issues. Let’s be sure to back up your device prior to updating. How to back up: https://t.co/4f8hwT5to6"
1881966,iPhone update has actually fucked my phone so hard it would give German pornography a run for its money @115858,@561618 We'd love to assist you with any issues that you're having. Join us in DM here and provide us with the details: https://t.co/GDrqU22YpT
2615275,"@AppleSupport How do I fix that “A question mark box” glitch? I know how to make it not autocorrect to it, but I see it for everything else. It’s really annoying and it’s really getting on my nerves","@739257 We released an iOS update that can fix the issue that occurs when you type the letter i. If you see the characters when someone else types it, they will need to update their device to fix the issues."
2229328,@115858 @AppleSupport what’s going on with location services? I’m having trouble on every app that uses it!,"@188856 Let’s work together to figure out what’s going on. Which device and iOS version are you using? Find your version by navigating to Settings &gt; General &gt; About. To confirm, are your apps unable to locate you?"
1297494,@AppleSupport these pictures were in my iCloud I think someone hacked my phone https://t.co/Vl6Eh9XwKU,@423203 Thanks for reaching out. We're here to help. DM us so we can look into this further with you. https://t.co/GDrqU22YpT
1898031,@AppleSupport 11.0.3 plus I got the keypad back (obviously since I am typing this) but this problem has been persistent for the past few days,"@150588 We're glad to see it's back! If it disappears again, send us a DM and we'll continue working with you there to resolve this. https://t.co/GDrqU22YpT"
2005480,@AppleSupport my phone has been changing “I️” to something weird all day long and I️ can’t figure out why. 😒🙄,@593056 We can help you out. Take a gander at the following article and DM us with any questions. Thanks. https://t.co/xXaXeeSRt9 https://t.co/GDrqU22YpT
225154,"hey @115858 I am using an iphone SE, why are you forcing a ""update"" that only lists fixes to bugs on the X on me? Pretty freaking annoying.",@169782 Can you confirm for us in DM what update you are referring to? We will look into this together. Thank you. https://t.co/GDrqU22YpT
1682531,So when is @115858 going to fix I️ this shit ?,@511484 Here’s what you can do to work around the issue until it’s fixed in a future software update: https://t.co/xXaXeeSRt9
1711354,@115858 is gonna have to run  me my fade for this update. Can’t even type the letter I️,@518416 Here’s what you can do to work around the issue until it’s fixed in a future software update: https://t.co/uQeXsrrlXJ
1155199,@AppleSupport updating from iOS 10 to iOS 11 I have to charge it at least (just because I use it less!) twice a day! I hope you fix this really quick,@141072 Thanks for reaching out to us. Pleas let us know the date you updated to iOS 11.0.3. This will help us better assist you.
447398,"@115858 i'm really sick and tired of this new iphone update, (11.1.2) ever since i updated my phone it's like it's had a mind of it's own, getting kicked out apps, starting new apps, switching itself off, even the bottom left of my screen is gubbed. #apple #iphone #wtf","@220966 We want you to have a great experience with your iPhone after updating. In DM, please let us know if you notice any difference when connected to Wi-Fi versus using cellular data. https://t.co/GDrqU22YpT"
2311856,@AppleSupport  Battery life on the iPad Pro sucks!!!!!!!!,"@670453 We’d like to understand more about your battery life. Please DM us some details about which apps or features are having issues, tell us which country you're in, and we’ll take it from there. https://t.co/GDrqU22YpT"
876327,@AppleSupport Fix your maps app this is ridiculous https://t.co/43b8sYRxKI,"@328053 We want your iPhone to be working as expected. Send us a DM with details, and we'll start there. https://t.co/GDrqU22YpT"
289126,@AppleSupport Is this acceptable to wait 3 weeks for an apple wacht under warranty to get repaired or swapped? Because I think no...,@184895 We're here to help. DM us which location you took your Apple Watch to and we'll get started. https://t.co/GDrqU22YpT
739807,Why does my iPhone keep saying searching and no service when I’ve paid my phone bill and have done everything on the website @AppleSupport,@296924 We'd like to help! Check out this article: https://t.co/5KootZbxj1
2371080,"@AppleSupport ever since I updated to iOS11.1.1, I can no longer screenshot on iPhone X. Any solutions?",@684180 We can help! Taking a screenshot on an iPhone X is just a little bit different than you may be used to. Give the steps in the following article a try: https://t.co/iQkc2ZuaLN and let us know if that worked.
63225,I️ just updated my phone again and still can’t text  I️ @AppleSupport,"@130507 We can help. What is the current iOS version you have installed? Let us know more in DM, please. https://t.co/GDrqU22YpT"
1500004,@115858 which is Indian model there are two iPhone x model. please help me,@468248 We’re here to address your concerns. Let's team up in Direct Message using the link below. https://t.co/GDrqU22YpT
1413836,@AppleSupport mind helping me with this https://t.co/KERoFVLX19,"@448573 We definitely want to help you. DM us, and we can see what we can do to assist. https://t.co/GDrqU22YpT"
513583,@AppleSupport I need y’all to get your IOS together first we couldn’t  type “I”now every time i type “it” it turns into “I.T”,@238202 We appreciate you reaching out about this behavior. Does that still continue after updating? https://t.co/80YRnjDFDk Let us know via a DM. We’ll take it from there. https://t.co/GDrqU22YpT
255135,Expliquez les bails ? @AppleSupport https://t.co/vPRUIB9aVH,@176656 We offer support via Twitter in English. Contact us for help in your preferred language here: https://t.co/IBIY3vMgPj
694453,"Lost a bunch of photos due to ios issues or maybe icloud, what’s happening apple? It’s so fucked up, those were some of the best memories I had. @AppleSupport",@285591 We know how important it is to have access to your memories with your device. Let's look into this together in DM here: https://t.co/GDrqU22YpT
2562304,@AppleSupport iphone 7. it’s a loading circle. does it about 4 times a day.,@727154 Thanks. Let's look into that further. Send us a DM and we'll go from there. https://t.co/GDrqU22YpT
1754174,"Dear @115858,  

Please fix this feature on the iPhone. Every-time we spell out “I” it changes to “I️” — FIX IT!  

Sincerely, everybody!!!!",@528349 Here’s what you can do to work around the issue until it’s fixed in a future software update: https://t.co/xXaXeeSRt9
1598108,"@AppleSupport I found this article, https://t.co/lL10Z2WbQr, helped a lot. My phone is fixed.",@487003 That's great to hear! Let us know if you have any other questions in the future.
1798506,"@AppleSupport Yes. My other apps are able to use Internet like Instagram, Facebook, Snapchat etc.","@540404 Since you've noticed this issue, have you done a normal restart of the iPhone? A fresh start can fix most issues."
1781215,Hey @AppleSupport since I've downloaded the new iOS every time I call someone the screen splits and I can't see half of it. Any advice? https://t.co/qsNoltNzQ4,@535158 We'd like to gather some more information for better troubleshooting. Can you DM us the country you are located in? https://t.co/GDrqU22YpT
365284,@187671 @115858 Yes it sucks @115858 wish I could remove it my music on Bluetooth to my truck has 5 second delay to change songs and I hate Apple Pay,@202524 We'd love to check out what's happening with your Bluetooth connectivity together. Does a restart of the device change anything?
1095147,@AppleSupport yes. Tomorrow afternoon would be perfect. I need it to work. thanks!,"@378433 While there doesn't appear to be any Apple Store appointments available nearby, there are several Authorized Service Providers"
922744,@133324 @118845 WHERE CAN I GET SOME,@339037 Go ahead and reach out to us in DM &amp; we'll be happy to provide some information. https://t.co/GDrqU22YpT
1420233,Hey @115858 could you fix my I️ when I️ type pls,@450156 We're here to help. Which iOS version is your device running? You can locate this through Settings &gt; General &gt; About.
2114712,At 8am my phone was fully charged.  At 9:30am it died after me being barely on it.  What’s the deal @115858,@623468 We're here to help. Please DM us via the following link with your device model and current iOS version. https://t.co/GDrqU22YpT
2349451,@AppleSupport iOS 11.1.1 on the iPhone X.,@154448 Has it been this way since purchasing the iPhone?  Does the issue happen with more than one Bluetooth device?  DM us back. https://t.co/GDrqU22YpT
1828295,"@AppleSupport on my phone, in Safari, it doesn’t want to let me copy, paste or search into the address bar at the top. Help!",@203476 Thank you for reaching out to us. We'd like to look into this with you. Please DM us the device you are using. https://t.co/GDrqU22YpT
2420768,Just confused why @115858 charged me $15 🤔like wtf .. I didn’t purchase anything,@695380 We can help point you in the right direction. Do you see a description next to the charge?
1811834,My iPhone 6 told me I'm outta storage. 2 min later it's alerting to the new iOS..wtf? Can u give me a new phone w more space? @AppleSupport,@544343 How about we help clear up some space instead? Learn how to manage storage and let us know the results: https://t.co/0yFHFRYSnX https://t.co/GDrqU22YpT
386221,@AppleSupport love how #iOS11 has ruined my iPhone7. https://t.co/sePLfUPujF,"@207437 We'd like to see if we can help. Send us a DM with more information, and we'll continue from there. https://t.co/GDrqU22YpT"
295945,@115858 @AppleSupport why does the alarm clock remain quiet if your volume is all the way down? Fuckin late for work again... arg,@186479 We can definitely look into this with you. Which device are you using? Which iOS or macOS are you running?
644155,@AppleSupport 🤔🤔🤔 Can you tell me about how I can buy/pre-order an iPhone X on T-Mobile from Apple?,"@272902 We are only able to advise of our availability and offers. If needed, you can also reach out to your carrier directly."
1397315,"L’autonomie de mon iPhone après une charge complète est à peu près de 3h depuis iOS11.
Bravo pour l’obsolescence programmée. @115858",@444933 We offer support via Twitter in English. Contact us for help in your preferred language here: https://t.co/IBIY3vMgPj
82021,@116333 My iPhone keeps on going out of storage even though I've deleted 15 apps. Come on Tim.,@141074 We'd like to help. Please DM us which iPhone model and iOS version you have and we'll get started. https://t.co/GDrqU22YpT
1647754,Fix this capital I️ bullshit @115858,@503413 Here’s what you can do to work around the issue until it’s fixed in a future software update: https://t.co/xXaXeeSRt9
1714121,@AppleSupport wanna tell me what’s going on here https://t.co/IiLH0OPvQu,@271143 Here’s what you can do to work around the issue until it’s fixed in a future software update: https://t.co/qODbOsp4wz
1897599,14 mins and counting on hold waiting for a human to answer #Apple @AppleSupport 😡,@565557 We're here for you and would be happy to work with you right here over Twitter if you'd like. Just DM us to get started. https://t.co/GDrqU22YpT
2238152,@115858 uh hey why did this update break my whole fucking phone 🙃,@652645 We want to look into this. Can you tell us what's going on with your iPhone?
2520676,@AppleSupport My carrier is AT&amp;T . Also I will follow the steps provided . Thank you,"@717966 It's our pleasure. If you have any questions about the steps, let us know in DM. We'll be happy to help. https://t.co/GDrqU22YpT"
2129213,@115858 Fam. You have to fix this I️ thing. Pleeaaasee,@626785 Here’s what you can do to work around the issue until it’s fixed in a future software update: https://t.co/xXaXeeSRt9
973384,@AppleSupport 2/2 is Friday? https://t.co/KMCxPEYxaq,"@206399 We're happy to do everything we can to help. To start, DM us with details about what's happening with your device. https://t.co/GDrqU22YpT"
1986553,"@AppleSupport hey I'm not receiving my WhatsApp notifications since the iOS 11 update. Only when I enter the app, I need some help please.","@588045 Happy to help out. Are you showing any updates for the app in the App Store? Also, what's the exact iOS version running?"
1066885,@AppleSupport No just the calls. iOS 11.0.3 &amp; WatchOS 4.0,@371772 Does this happen with all contacts? Do you experience the delay in multiple locations?
2270066,@AppleSupport I’ve done that and it’s not helping. Last time I did that it helped for a day then it started again,@660549 Has this ever worked as expected for you? How long has it been going on now and did it stop after an update or some other change? DM us the answer and we'll look further into this with you there. https://t.co/GDrqU22YpT
2710478,"@116333 Hey Tim, good evening I have a question for you do you think it’s possible in iOS 12 you can do themes and colors for iMessage because I’m not feeling the dark mode in iOS 11","@761067 Feel free to share your feedback here: 
 https://t.co/eTPVYVFyd8"
1833233,@AppleSupport @115858 yall wanna explain the homophobia of me not being able to factime my girlfriend but being able to favetime others HM???,"@533122 We'd be glad to ensure that you can FaceTime anyone you want. Meet us in DM with what device you're using, &amp; we'll get going. https://t.co/GDrqU22YpT"
1674043,@AppleSupport What the hell is this weird ass bug? I️ can’t type the letter I️!!!!,@509367 Here’s what you can do to work around the issue until it’s fixed in a future software update: https://t.co/xXaXeeSRt9
595783,@AppleSupport I have an iPhone locked with iCloud and I don't know the email and password also I can reach to the person who set up the iPhone when I buy it! can you help me please ):,@261178 Thanks for reaching out.  We want to help.  You will have to have the previous owner unlock the phone.  Here is more information:  https://t.co/yFrcT36syx
2739525,"@115858 how long will this last? Trying to send a business email from my phone and that I️ typo is horrible, man",@767546 We want to help. Have you updated to iOS 11.1.2?
324566,@115858 I did the iOS11 update (have iPhone 7) and now my battery life is worse then the iPhone 5.  What happened?  @AppleSupport,@193319 We want to look into your battery issue with you. DM us using the link below. https://t.co/GDrqU22YpT
2028172,"I️ I️ I️ I️ I️ I️ I️ I️ I️ I️ I️ @115858 @AppleSupport please fix and do not tell me to create a shortcut, ok cool",@599761 Thanks for reaching out. We have a workaround for this here: https://t.co/xXaXeeSRt9 DM us if you still need help. https://t.co/GDrqU22YpT
1581472,@AppleSupport I am using Iphone SE. My home button is working but i get this error whenever i restarts the phone https://t.co/DAjUnxTxFJ,@248276 Thank you. We'd like to look into this further with you. Send us a DM by clicking on the link below. We'll continue there. https://t.co/GDrqU22YpT
564026,@UPSHelp @115817 @115858 @AppleSupport not impressed with how my new iMac was delivered! https://t.co/THMCBHq5tb,@252087 We'd like to look into this with you. Please DM us and let us know if the Mac is working properly. https://t.co/GDrqU22YpT
2850867,@AppleSupport Again thanks. I suppose my point is there’s a feature I’ve lost choosing the X 🤷🏼‍♀️,@792698 You'll get around on your iPhone X using gestures. You'll get to know them here: https://t.co/7GvmAUgrF1
1353664,@AppleSupport should I update to the new iOS?,@435684 We'd like to look into this. Please DM us which iOS version your device is running and we'll go from there. https://t.co/GDrqU22YpT
1146113,@AppleSupport - when does your Bluewater store re-open please?,@389761 Great question! You’ll want to check back on our website for updates as they become available: https://t.co/KLrscSK9Zj
1478383,@AppleSupport ios11 broke my rear camera. So much lag it’s unusable. Iphone7+ any suggestions?,@463301 We'd like to look into what's going on. What's happening with your rear camera?
2253498,@AppleSupport PC. Cur version. all I want to do is have the functionality of iTunes from 2003. Make a list. Play a list. That’s it. been unusable for at least 10 years and yet I have an iPhone and iPad so I’m stuck using a program that takes task of listening to music and makes it difficult.,"@254167 Those are definitely available options in the latest versions of iTunes. Can you describe what happens when you try to create a playlist, then play it? Be sure to include the text of any errors or alerts you see when you try. If you need more room, DM us. https://t.co/GDrqU22YpT"
1706997,Randomly repossessing my purchases from @118721 is ridiculous @AppleSupport,@204454 Hi there. Please visit this page for help with your past iTunes purchases: https://t.co/I39AyMJNgb
2950944,@115858 @AppleSupport how do you guys plan on fixing people’s iPods and iPhones dying the minute they come off the charger? I literally just took my iPod off its charger at 100% and now it’s already at 20% 😒,@814886 Thanks for contacting us. We know battery life is important. We recommend checking out this link: https://t.co/bivpdfBNJ6
864396,@AppleSupport why is there no coverage on iPod Touch after the iOS 11 battery drain? I don’t have an iPhone so help out the people with iPod,@325294 We're here to help. DM us what iOS version you're on. https://t.co/GDrqU22YpT
1583092,My #AppleWatchSeries3 has a phantom alarm at 715am. I upgraded the OS hoping it fix it and now I have a new one at 745am as well! @115858,"@176396 We want to help with your alarms. Other than updating, which steps have you tried so far? We don't want to have you repeat anything."
967128,@AppleSupport is it possible to recover photos from a bricked iPhone? These are very important to me.,@349546 Great question. We would like to help. Did you have a backup of your device to iTunes or iCloud?
2484329,@115858  get your shit together and fix this “ I️ “ issue,"@709722 The issue has been resolved in the iOS 11.1.1 update. If you haven't updated, backup, update, and test it out. Take a look at this article for help.

Backup and update iOS: https://t.co/ahjigcvFRG"
1002025,@AppleSupport Yes. This is when the freeze began. Post current update. No issues prior. Have seen similar tweet complaints.,"@357195 Is your iPhone unresponsive when using any particular apps, or is it at random? Let us know more in DM, please. https://t.co/GDrqU22YpT"
2065211,"@AppleSupport and didn’t help me, he said that he checked saw it was not software and didn’t want to but he did charged me i just want help",@610728 We want to look into this with you. Send us over a DM with the iPhone model and iOS version you're using. We'll continue there. https://t.co/GDrqU22YpT
2070482,"Hey @115858 11.0.2 sucks and glitched my clock away, and screwed up locked screen #fixit","@612316 We'd like to look into this issue further with you. Could you send us a DM, and let us know which iOS device you're using? https://t.co/GDrqU22YpT"
2277688,"@AppleSupport I'm using iPhone 6s, running iOS version 11.1.1(15B150)",@662345 Got it. Are you using the EarPods that came with your iPhone? Do you have another set of headphones you can use with the iPhone in order to determine where the issue might be?
84283,@115858 this high Sierra update fucked up my computer thanks,"@134547 We're here to help! DM us more information about what's going on with your computer, including the model, and we'll get started. https://t.co/GDrqU22YpT"
814557,"@AppleSupport Why does my iPhone send a hidden SMS to +447786205094 on iMessage activation?You should stop it, i’ve been charged many times😡",@313980 Let's take a look into this together. What carrier are you on? https://t.co/GDrqU22YpT
717581,Does alarms on iPhone iOS 11 only work when the phone is off silent? Because this just won’t do @115858,@291821 The alarm should work regardless. Let's continue in DM. https://t.co/GDrqU22YpT
2492399,That stupid fucking i glitch wasn’t happening to me and now all of sudden it wants to show up. Wtf @115858,@684489 We want to help. Tell us more about the issue you're having and we'll be work with you towards a resolution.
988383,@AppleSupport iPhone 6s and iPad Air 2. I would like books to be on iTunes though because it already shows on the devices.,@354173 We definitely want to provide support for you! Let us know if the steps in this article help: https://t.co/Yh98IoqeIE
552207,"@115858 @AppleSupport @24558 Ahora qué pasa, o me quedo sin el ordenador que pagué hace tres años o pago 521€ por arreglar una pantalla que haya decidido romperse porque si... No veáis la rabia que tengo ahora mismo. 😡🤬😤",@172768 We offer support via Twitter in English. Get help in Spanish here: https://t.co/IBIY3vMgPj or join https://t.co/OczyRx7IOs
1211804,@AppleSupport CAN YALL FUCKING HELP ME FOR ONCE,@404423 Thank you for reaching out to us. How can we help you?
1875622,"@AppleSupport IOS 11.0.3 is awful, so buggy! When are you guys fixing it?? #annoyed",@559930 We're here to help! What's happening with your device since installing the most recent update? Let us know in DM. https://t.co/GDrqU22YpT
856115,"@AppleSupport Since I updated to the iOS 11.0.3 my iPhone 7+ is disconnecting on its own from my cellular data, and the battery life is bad",@323302 That's not the experience we want you to have. Let's see if the info in the following link helps at all: https://t.co/bivpdfBNJ6
1155544,@AppleSupport With most of them it fixes the issue but with Launch Pad there is no option to do that.,@391833 Would you share a screenshot of Launch Pad please. You can do this via DM. https://t.co/GDrqU22YpT
1288935,Anyone else ‘unable to install update’ ? @AppleSupport,"@421457 We’d like to help complete the update. What device is this happening on, and which update are you trying to install?"
637462,@AppleSupport OS Sierra on a Macbook Air,@271148 Do you know which iTunes version you're using?
792768,@AppleSupport There is nothing on my notification that has an Option to change push notifications as that’s the 1st place I looked,@159401 Tap Settings &gt; Notifications &gt; Mail and select the account you'd like to receive notifications for. Do you see the options there?
129641,@AppleSupport a sim error show in my iphone 7 plus thats sim not support plz solve my problem immediately https://t.co/oKeiGrtm0N,"@145221 We'd love to help you get pointed in the right direction for help with your SIM card. If you're trying to use a SIM from another carrier, you'll need to contact your original carrier to unlock the iPhone. This link has more info: https://t.co/apt0gLeQET"
1586831,@AppleSupport  https://t.co/aemEN3Y79K,@488159 We're here to help. Please take a look at the following article for more information: https://t.co/xXaXeeSRt9
2299181,@115858 ummmm why are my “I️”s all fucked up?,"@667358 Thanks for reaching out. This issue has been addressed in our latest update, iOS 11.1.1. We recommend backing up your device and updating in Settings &gt; General &gt; Software Update. This article has more information: https://t.co/soeXTHWFdK"
354579,Could you please give back the chrome filter for the camera ? @115858 @AppleSupport,@200277 We value feedback and suggestions. Tell us more here: https://t.co/eTPVYVFyd8
2296262,@AppleSupport I can’t click here to work it. https://t.co/xRLDH1LAJ0,"@666693 Go to Settings &gt; your name &gt; iCloud &gt; iCloud Backup and see if you're able turn it on there. Also, what version of iOS are you currently running? You can verify in Settings &gt; General &gt; About."
1195178,@AppleSupport thx but i meant on my order,@400856 Send us a DM with details about the order you are referring to. https://t.co/GDrqU2kzhr
2287880,@664710 @115858 Mine does that too!!!!!!! It'll drop from 36% to 1% in less than an hour I fucking hate it,"@664709 We'd like to know more to assist. Which iPhone model and iOS does this occur on? Also, when charging are you still using the original cable and adapter that came with your device? Let us know in DM and we'll continue. https://t.co/GDrqU22YpT"
2756126,"@AppleSupport 1st issue I had an ongoing case with senior support (sent diagnostics and files several times) before they stopped contacting - devices won’t back up to iCloud. Restored phone and iPad several times, back up would work for a few days then stop working again. https://t.co/QrFmLR9nW9",@771391 We'd like to help look into this a bit further. DM us what country or region you're located in.
1867360,@AppleSupport The worst thing I made was download the lastest version of software.,"@557837 Hey, are you experiencing a particular issue? If so, let us know and we'll help you. We want you to enjoy the update. https://t.co/GDrqU22YpT"
1138388,@115858 @AppleSupport lmk why the letter “I” popping up like this I️,@388141 Let's look into that together. Please DM us with the version of iOS you are using. https://t.co/GDrqU22YpT
2780628,@AppleSupport can you explain this. https://t.co/VUyQu0DjpM,"@744583 This is just a pop-up explaining the new behavior within Control Center for Bluetooth and WiFi on iOS 11. For more on this, check out: https://t.co/G7BHuQnDS6. Also, you can provide feedback on Beta software here: https://t.co/OTNGzDuUXI"
1143562,iOS 11 PLEASE GET WITH THE DAMN PROGRAM... My phone has been whack since I download it @AppleSupport @115858 #iOS11,@389156 We're happy to help. Please let us know more about the specific symptoms that you're experiencing. https://t.co/GDrqU22YpT
960653,"@AppleSupport Y dos semanas después, arreglé el problema de firmware e instalé High Sierrra.",@347966 We offer support via Twitter in English. Get help in Spanish here: https://t.co/IBIY3vMgPj or join https://t.co/OczyRx7IOs
1347717,@AppleSupport since updating my iPhone to IOS11.03 it keeps timing out when mirroring to Apple TV???,"@405236 We want to see that resolved. For additional assistance, please contact our Apple TV team here: https://t.co/IBIY3vMgPj"
1507330,@AppleSupport like y’all need to get it together cause this so unacceptable 😴,@469838 We're here to help. Send us a DM letting us know what issue you're experiencing. We'll go from there. https://t.co/GDrqU22YpT
1810544,@AppleSupport My text messages keep opening half way hidden what the shit do I need to go back to android?,@369387 We want you to enjoy your iPhone 7. Share with us via DM the exact iOS version it is running to start looking into this. https://t.co/GDrqU22YpT
1725657,@115858 FIX THIS F#%&amp;ING I️ THING,@521903 Here’s what you can do to work around the issue until it’s fixed in a future software update: https://t.co/qODbOsp4wz
2112921,@115858 #apple you gonna fix this,@623069 Here’s what you can do to work around the issue until it’s fixed in a future software update: https://t.co/xXaXeeSRt9
2050339,@AppleSupport iOS 11 is becoming very frustrating using 7 plus after update phone hangs while messaging and randomly while using,@606332 We want to make sure your iPhone is running smoothing. DM us the exact iOS version and we'll work together to see what's going on. https://t.co/GDrqU22YpT
1924567,The keys are stuck when I press them. i7/256gb/11.1.1 @AppleSupport https://t.co/KgHYmxGJWV,@180070 We'd be glad to help. Can you tell us what happens if you restart the iPhone? Does the issue remain? Does this happen when you are using a specific app or apps?
683070,@AppleSupport 6s plus and 11.0.2 is installed. I have to continually do a hard reset to make it work,@283013 Let's get this sorted out! DM us and let us know if this happens with all apps or specific ones. We'll start there. https://t.co/GDrqU22YpT
514795,@AppleSupport I did. But they never got back to me,@126729 We'll be glad to look into this with you. Can you contact us here?  https://t.co/IBIY3vMgPj
307971,"@AppleSupport In safe mode it’s even worse. In safe mode all applications based on electron seem to have these graphic glitches (VSCode, Vivaldi)","@189527 Alright, good to know. Next up, we'd like to have you try the app in a test user account: https://t.co/yoThHdqdHe"
2021881,@AppleSupport dude fuxking fix it it’s impossible to use https://t.co/BBLk6Yv1u6,@597967 We can see how this is an issue and would like to take a look at this screen. Do you have a case on the device? Send us a DM. https://t.co/GDrqU22YpT
1089326,@AppleSupport please fix this. https://t.co/6HJqpgmQl0,@237890 We'd love to help! What's going on with Siri? You can also DM us if you'd like: https://t.co/GDrqU22YpT
685592,@115858 i turned off the Bluetooth but the pencil didn't disconnect by itself as always. Is this the new feature of ios 11 too? Because it waste pencil battery a lot,@760384 Hey there! You can read about accessories paired via Bluetooth in iOS 11 here: https://t.co/G7BHuQnDS6
2369444,"@AppleSupport I am on macbook, osX Sierra, I tried both safari and chrome","@473328 We're showing all systems as ""Go."" Are you able to try connecting from a different network? Are you able to access secure sites such as https://t.co/bq19gX3X68?"
202465,"@AppleSupport I see the option.  It plays the song at full blast 100% of the time.  Version 11.0.2, just upgraded.  Had the same awful result w/ 11.0.1.",@163865 Got it. Thanks for confirming. Let's meet in DM to continue working on this. https://t.co/GDrqU22YpT
1442847,.@AppleSupport My battery on my iPhone 5s seems to be dying faster after the iOS 11 update. Any suggestions?,@454782 We are here to help. DM us your exact iOS version and we can help out with this. https://t.co/GDrqU22YpT
1718448,@AppleSupport updated my iPhone 6 to iOS 11.0.3 last night and now everything is slow and crashes and I hate it.,@520316 We can assist you. Please DM us via the following link and we'll assist you from there. https://t.co/GDrqU22YpT
336210,"Dear @AppleSupport the new #ios11 is the worst battery drainer ever, my #6s just can’t handle it, half day of normal use and im on 5%",@196201 We'd be happy to assist with your battery today. Send us a DM to get started. https://t.co/GDrqU22YpT
241400,@AppleSupport UK English,@173312 Thanks. DM us and we'll look into this further together. https://t.co/GDrqU22YpT
372211,"@AppleSupport The same, Bluetooth is not working",@204181 This article provides steps if you can't connect a Bluetooth accessory: https://t.co/JMbUWh4fsj Let us know if this helps.
2634951,"Hey @115858, Just trying to restart my computer real quick and now this is stuck on my screen. None of the buttons work. You are annoying. https://t.co/pN06DYaV4C","@743874 Hi there. Have you tried restarting again by using the Power button? Please DM and let us know, we'll meet you there to help. https://t.co/GDrqU22YpT"
1340778,"@AppleSupport hi, is there any way to revert back to macOS Sierra? I’ve had so many problems with High Sierra, I can’t use my Mac properly.",@244832 We'd be happy to assist today. Send us a DM to get started. https://t.co/GDrqU22YpT
1821390,@AppleSupport Will there be an update to fix the podcast app? It’s unusable. Or will we have to wait until ios12. Thanks for your time.,@546811 We want you to be able to listen you your podcasts. What exactly is going on with your app? Continue with details in DM. https://t.co/GDrqU22YpT
2059860,@AppleSupport IOS 11.0.2 causes my iPhone 7 not to auto connect to known WiFi networks! Please solve.,"@609213 We're here to help. Have you restarted? This article may help: https://t.co/sXbhzfS2lM
Let us know if it does, via DM. https://t.co/GDrqU22YpT"
2381360,My friend unlocked my iPhone X by using his face. I did not set his face as Face ID on my iPhone X. What is wrong with Face ID? @115858 @AppleSupport @2310,@245122 We take privacy and security very serious here at Apple. Select the following link to join us in a DM and we'll take a closer look into this issue. https://t.co/GDrqU2kzhr
1993095,@314428 @AppleSupport I’m also experiencing this,"@397427 We can help you too. Meet us in DM below. To get started there, let us know which exact iOS version you are running. https://t.co/GDrqU22YpT"
1999796,Ok @115858 — this iPhone text glitch is NOT cute. #FIXIT #UPDATE,"@591302 We'd be happy to take a look. Send us a DM letting us know more about what's going on, and we'll continue from there. https://t.co/GDrqU22YpT"
2712552,@115858 how to disable automatic brightness? Its completely annoying!!! 😡😡😡,"@761550 We know it's important to have your device display adjusted to your liking. Which device are you using, and which OS software version is installed? For example, tell us if you're using a MacBook Pro with macOS High Sierra, or an iPad with iOS 11."
999979,@AppleSupport Letter eye shows up as a weird symbol when referring to myself. To get the right letter I️ have to look for it on the correction bar,"@473721 Thanks for letting us know. Please DM us, and we'll take a closer look into this. https://t.co/GDrqU22YpT"
2056285,@AppleSupport Thanks for iOS 11.0.1 but when is 11.0.2 because you fixed NOTHING.,@150154 iOS Hi! 11.0.2 is now available. You can update using these steps: https://t.co/80YRnjVguS DM us if you run into any issues. https://t.co/GDrqU2kzhr
557795,"@AppleSupport I am, and I have, but it sounds like there is something yet to come?",@250279 That's correct. This feature will begin rolling out early next week.
1505149,@115858 this update is a joke,"@469324 We want to help you with any issues you’re having. Meet us over in DM, and we’ll work with you towards a resolution. https://t.co/GDrqU22YpT"
2740743,@AppleSupport And iPhone 7,@767806 If you go to the iTunes Store App &gt; More &gt; Purchased do you see it available for redownload?
2311606,"@AppleSupport I keep getting my account ""locked for security reasons"" and I'm getting tired of it, don't want to jump through hoops when I just want to watch netflix on my apple TV. Can my account be whitelisted or at least some IPs or domains?","@670386 We know how important it is to have access to your Apple ID. This can help if your Apple ID is locked or disabled: https://t.co/DYEXEbD7Im Specific to questions about your Apple TV, please contact our Apple TV team via phone support through: https://t.co/IBIY3vMgPj"
326438,"@193772 @AppleSupport @318 Je rajoute pour @AppleSupport qu’avec la derniere maj, les chargeurs et batteries externes ne sont plus acceptés 😡😡😡😡😡😡😡😡😡😡😡😡😡😡😡😡😡😡😡😡😡",@193771 We offer support via Twitter in English. Contact us for help in your preferred language here: https://t.co/IBIY3vMgPj
27440,@AppleSupport all of a sudden I am getting emails pushed via apple mail- I’ve had them set as fetch for a long time. Can’t find where to change back to fetch. The only change I have made is software update. HALP! I don’t want all these to push.,"@122014 We can understand not wanting the incoming emails to push through. We'll get to the root cause of this, and find you the information you need.

In order to do so, we have some questions for you. Please meet us in DM with your current iOS and we'll go from there. https://t.co/GDrqU22YpT"
2955424,@AppleSupport Yes no problem with them.,@815839 Let's move to DM for a closer look. What is your current iOS version? What country are you located in? https://t.co/GDrqU22YpT
1761297,@AppleSupport @115858 your new iOS is making me dizzy!!! 📱 https://t.co/VKOCsg4otp,@530042 We have some information that you might find helpful: https://t.co/cJnvksGVxP
368332,@AppleSupport As*,@203273 Thanks for getting back to us. We'd like to investigate further. Send us a DM and we can get started. https://t.co/GDrqU22YpT
1791260,Fuck man this update is fucking up my phone!!!! @115858 GET UR SHIT TOGETHER!!,@538064 We'd like to know more about the issues to assist. DM us using the link below if you'd like to continue. https://t.co/GDrqU22YpT
817027,@AppleSupport my iPhone 6 battery accuracy has been inaccurate since I downloaded iOS11. It turns off without 20% battery remaining alert,@314587 We're here to help find the best solution. What iOS 11 version are you on?
450361,@115858 There was zero willingness to actually find out what's wrong with my phone. instead a replacement was the only thing offered,@221756 We’d like to understand more about this. Please DM us some details and we’ll take it from there. https://t.co/GDrqU22YpT
2358728,Okay @115858 fix your shit this “I️” thing is getting annoying,"@681233 An update has been released to assist with this issue. If you haven’t yet, please back up your device and update it to the latest version iOS 11.1.1. For more info, check out: https://t.co/xXaXeeSRt9"
1582171,So I️ did the update and I’m still seeing that dumbass I️ shit.. @115858 wassup,@487011 We'd like to assist you with that. Click here for those steps: https://t.co/sDSg93LaFu
289096,"@AppleSupport Issue is gone now, after I rebooted the iPhone.",@184885 Good to hear! Feel free to reach back out if you need any more help in the future. Have a great weekend!
570943,Why @115858  iOS is buggy? In Thailand we raise 12/2/17 bug than USA but fix same time I must reset all to  make my phone work and lose all data,@254092 We want to make sure your device is working. Check out https://t.co/osZOKKTalm and let us know in DM if you still have concerns. https://t.co/GDrqU22YpT
2945719,"@AppleSupport Thank you for that! But unfortunately, I still cant save my gif even though i went through the activities list.","@813669 Thanks for trying those steps. Since this was a feature of the Twitter app, we suggest you reach out to Twitter support for further help with this issue."
826638,My iPad that is kept in a drawer all day and is used for reading looks like it has a hair... in the screen? Did it crack?! How?! @115858 #ugh,@316906 Thanks for reaching out. We're here to help. DM us so we can look into this further with you. https://t.co/GDrqU22YpT
2263629,"@AppleSupport Yes for Twitter, Facebook and podcasts 10% each and some for Gmail, phone and messages","@658967 Alright, for testing purposes, let's go to Settings &gt; General &gt; Background App Refresh and disable that for now.  Afterwards, let's test it for about an hour, then DM us whether the behavior persists: https://t.co/GDrqU22YpT"
1467465,@460619 @AppleSupport Same here.. i m on SE.. 6 months old.. new iOS version 11.1 just drains the battery out. Pathetic!!,"@600773 We know the battery life is on your iPhone SE is important. Tell us in DM how often you charge the iPhone, and country you're in. https://t.co/GDrqU22YpT"
2783259,Idk why I think having an otter box will protect my phone when this new iOS is the reason why my phone is garbage @115858,@777191 We want your iPhone to work seamlessly with iOS 11.1.2. What kind of issues have you noticed since updating? Let's work together to find a solution.
38877,"@AppleSupport I am running on iOS 11.1, crackling sound ws reported 6 months back but now it is relatively less after update but Call Volumes have dropped",@124483 Thanks for that information. DM the country or region where you are currently located to continue. https://t.co/GDrqU22YpT
1955872,#iOS11 Is there an option to prevent someone from power off my iphone? @AppleSupport,"@580487 To be sure we provide the most accurate info, are you referring to someone physically turning it off from the device? DM us: https://t.co/GDrqU22YpT"
1654984,@505093 Bro @AppleSupport new update is messing up the way I type things,@505092 We'd like to help. Send us a DM with a few details and we can start there. https://t.co/GDrqU22YpT
1621222,How @115858 only supposedly fix my screen and all my pictures and etc all gone 🤔,"@496804 We'd be happy to look into any issues you're experiencing. Send us a DM, and we'll get started there. https://t.co/GDrqU22YpT"
2369428,"@AppleSupport also the details in the report say:

APPLICATION NAME
cloudos

ERROR
authDidNotConnect-loginDidFail

but I haven't changed the password .. and was using the autofill feature of Safari .. I did update my iPhone to 11.1.1 yesterday though and it seems to be fine","@683807 Thanks for that information! What kind of device or computer are you using to log in? Have you had a chance to restart your device since noticing this message? So that we can look into the status of our iCloud system, let us know which country you're tweeting from."
2914622,The iPhone 8 and X came out and now my 7+ always feels like it's about to explode in my hands. FIX IT @115858 https://t.co/RH0SaxKudN,@806805 We are here for you. Let's take a look at this further for you. Reach out to us in DM. https://t.co/GDrqU22YpT
302964,"Someone let me know when @115858 fixes the ""I"" glitch so I can update to iOS 11","@188308 We recently released an iOS update that contains a fix for autocorrect issues. Let’s be sure to back up your device prior to updating. How to back up: https://t.co/4f8hwT5to6

DM us back if you have any other questions. We're here to help. https://t.co/GDrqU22YpT"
1717414,@115858 plz fix your “A ?” issue all I’m trying to say is I,@520037 Here’s what you can do to work around the issue until it’s fixed in a future software update: https://t.co/xXaXeeSRt9
1906362,"@115858 @AppleSupport No back up phone provided, no online registration of my case, poor support &amp; no clue on the case status","@568008 We may need to refer back to the Apple Authorized Service Provider, but can check what's on our end. Please send us a DM. https://t.co/GDrqU22YpT"
2284474,Can you hurry up and update this damn I️ glitch?!?!?? @AppleSupport,"@663862 We recently released an iOS update, 11.1.1, that contains a fix for autocorrect issues. Let’s be sure to back up your device prior to updating. How to back up: https://t.co/4f8hwT5to6"
2293093,@AppleSupport what is with this freaking keyboard in recent update. I’m so sick of correcting numbers sneaking into my words I’m now willing to look at other products,@665906 We want to help. Let's continue in DM. https://t.co/GDrqU22YpT
848986,"@AppleSupport @321734 Had problem with massive keyboard lag in iOS 11, have no idea if it’s related to the french keyboard.",@321735 Thanks for reaching out to us. Please send us a DM and we can chat with you there. https://t.co/GDrqU22YpT
862171,iOS11 is making my iPhone 6 obsolete cause it’s lagging like never before since i updated it wtf @AppleSupport,@324725 We want to help. Let's continue in DM. https://t.co/GDrqU22YpT
1940991,"@AppleSupport is there any problems with your new iphone8 ??
cuz mine won't working 🙂","@434638 We can definitely help you with your new iPhone 8. DM us, and let us know what's going on. We'll try to assist you. https://t.co/GDrqU22YpT"
125017,"God damn it, @115858 
Updated my phone and now my battery life is GONE. Please stop having ur phones bug to update when it ruins the phone. 😡","@144021 That's not the experience we want you to be having with your iPhone. Please send us a DM and tell us which country you're in and which device you're using, and we'll assist you. https://t.co/GDrqU22YpT"
2354996,@AppleSupport I Thik there is something problem in update version of iOS because when I m using my iPhone with Bluetooth headset it is heating will I need to visit Care centre...,@680380 We are here to help. DM us the details of your issue and we can take a look at this. https://t.co/GDrqU22YpT
644170,@AppleSupport fix #error56,@370404 Thanks for reaching out to us for support. We would love to help you. Please DM us so that we can troubleshoot together. https://t.co/GDrqU22YpT
1213471,@AppleSupport I am under “all inboxes” when it occurs. I’ve tried quitting the app &amp; powering down multiple times and that doesn’t work either.,@404812 Can you let us know which version of iOS 11 you're running? You can check by tapping on Settings &gt; General &gt; About.
2898981,"@115858 so you guys don’t want to fix this:

I.T 

😐",@803136 Thanks for reaching out to us. Go ahead and send us a DM and we'll be glad to continue there. https://t.co/GDrqU22YpT
2367804,"@AppleSupport It reads ""watchOS 3.2.2 - Your software is up to date.""",@157995 We want to help you get things up to date. Send us a DM and let us know what version of iOS you are running on your phone and we'll go from there. https://t.co/GDrqU22YpT
2964181,"@AppleSupport iMessage its not working on my iPhone 7, neither push notifications of Whatsapp and Facebook. Is the service down?","@817863 Thanks for reaching out! Let’s go through some troubleshooting to see what we can find out about your iPhone. To start, which version of iOS are you running on the iPhone currently? This can be found in Settings &gt; General &gt; About."
2924635,"@AppleSupport so now not only my iphone 7 has issues, now login as a root empty password on osx works. Really apple? Steve Jobs will be so disappointed on you guys @116333",@554496 We're happy to help. DM us at the link below for further assistance. https://t.co/GDrqU22YpT
1363290,"@AppleSupport Past two days, this is what I get when I try to access my order https://t.co/yWxZIDDSWz",@437432 Thanks for reaching out to us. Please send us a DM and we can chat with you there. https://t.co/GDrqU22YpT
2144568,@AppleSupport can we work on the I️ glitch please? Thanks.,@630508 Here’s what you can do to work around the issue until it’s fixed in a future software update: https://t.co/xXaXeeSRt9
2862118,@AppleSupport Yes...the whole app closes,@795089 Do you know what version of the iOS is on the device?
1354531,"Hey @ATT and @AppleSupport, I have an iPhone reserved with reservation number but the system won't let me complete the order. PLEASE HELP",@435875 Let's get you pointed in the right direction. Reach out to our Apple Online Store support here: https://t.co/8yjRd1Xo0i
2014992,Yo @AppleSupport are you just not going to fix this glitch with the letter i? It’s been like 3 days this is ridiculous.,@595830 Thanks for reaching out. We have a workaround for this here: https://t.co/xXaXeeSRt9 DM us if you still need help. https://t.co/GDrqU22YpT
1036545,@AppleSupport when will you give us group facetime? 😤,@365202 We'd love to hear your feedback and ask that you submit it for review. Here's how:  https://t.co/eTPVYVFyd8
172968,"@AppleSupport Houston, TX, USA",@129828 Thank you for the DM. We'll continue working with you there.
709062,Waiti for the iPhone update that’s going to fix the battery drain issue @AppleSupport ? I’ve dropped 10% in 20 minutes of reading email.,@289533 We'd like to hear more about what's going on. DM us about this battery issue and we'll continue there. https://t.co/GDrqU22YpT
1305218,@AppleSupport I have a question about the iPhone X pre order,"@424995 Thanks for reaching out. We received your DM, and we'll be following up with you there shortly."
1717268,"A Years worth of @AppleSupport Health Data has gone missing, possibly to do with syncing @53785 Any help guys?",@519990 Thanks for reaching out. Which device are you using? How long ago did this happen? Let us know via a DM. We’ll go from there. https://t.co/GDrqU22YpT
1712013,@AppleSupport I have tried 10+ times to install 11.1 and it has failed and asked me to try again later. Any pointers?,"@518574 We'd love to help with any issues you're seeing. Are you trying to update over Wi-Fi, or connected to a computer with iTunes?"
2070210,@AppleSupport Is it just me or does ios11 have a lot of bugs? Everyday there seems to be an update and yet everything just freezes. Why does it seem that  products are just going worse by the day? #improvementsneedmade #Apple,"@612229 We'd like to know more about what's going on to see if we can help. DM us with the details, including what device you have. https://t.co/GDrqU22YpT"
2123918,@AppleSupport need y’all to fix this “I️ “stuff I’m out here looking dumb,@486623 Here’s what you can do to work around the issue until it’s fixed in a future software update: https://t.co/xXaXeeSRt9 https://t.co/GDrqU22YpT
249304,@175231 @13069 @13070 Freaking autocorrect won’t put any respect on your name. *Brianni!! @115858 please recognize. Thanks.,@175230 We'd like to help by providing the steps under 'Have a word or phrase you use and don’t want it corrected?' here: https://t.co/7S7p1ZvnnE
763104,@AppleSupport It’s not just my phone thought. Plenty of Apple users have complained about all the glitches. My phone has at least one seizure a day.,@302347 We'd like to work one on one with you to get to the bottom of this. Could you join us in DM to get started? https://t.co/GDrqU22YpT
2896110,@AppleSupport ipad updates. any problems? My iPad died and won't come back on. I think its charging but won't turn off or anything. PC does recognise it. is this an updates problem?,@149700 Hello. Thanks for connecting with us concerning this issue. Let's follow the steps here to see if we can get your iPad back up and running: https://t.co/8MvHMFZ83h
1099682,@AppleSupport  you charged me an extra fee for my Spotify Account. I’d like a refund and for Apple to cancel the subscription.,@192465 We'd be glad to get you pointed in the right direction for help. Reach out to our iTunes Store team: https://t.co/SDIe7UiyJN
1161952,Is @115858 going to address this question mark box problem? Or no? #pleasedontquestionmydevotion,@209664 Here’s what you can do to work around the issue until it’s fixed in a future software update: https://t.co/xXaXeeSRt9
1406842,Someone tell me why I delete shit from my phone and still don't have storage? What the fuck @AppleSupport,"@446996 Meet us in DM and let us know which device this is on, then we can take a look in to this from there. https://t.co/GDrqU22YpT"
429138,@AppleSupport,"@217049 We want you to be able to count on your iPhone. We'll do all we can to help. To start, what iOS is currently installed?"
1698497,Updated my phone and love the update but @AppleSupport my battery is so crap now 😑,"@515153 Hey, we can offer some suggestions to help with the battery life. Let's try these steps first: https://t.co/bivpdfBNJ6"
2154564,Yo @AppleSupport get your act together. What’s with the I️ I️ I️ I️?!!!!! Still?! This has been going on for days now.,@633001 Here’s what you can do to work around the issue until it’s fixed in a future software update: https://t.co/xXaXeeSRt9
662798,@115858 FIX MY NOTE APP.,@277908 We can check into what's going on. Can you tell us what you're experiencing?
1834711,"Sorry @AppleSupport but with the last iOS update 11.0.3, my iPhoneSE cam freezes everytime but works for timelapses and panoramas... 😱🤔😠","@550282 Having a working camera is important to capture your memories. DM us with details, and we'll work together to find a solution. https://t.co/GDrqU22YpT"
1352952,"@AppleSupport @435527 It's a load of rubbish, for some reason the volume on incoming callas has dropped massively since my update! Bye bye 🍎",@435530 It's important that you're able to hear those incoming calls; we'll do all we can to help. Connect with us in DM to start: https://t.co/GDrqU22YpT
487858,@AppleSupport I have an iPad Mini 4 that has automatic updates turned on but never does them automatically.  Tried turning off/on.  Thoughts?,"@221785 We'll do all we can to assist. Are you running iOS 11.1.2? Also, at Settings &gt; [your name] &gt; iTunes &amp; App Stores, are Auto Updates and Use Cellular Data both turned on? Or are you trying to do auto updates whilst connect to Wi0Fi?"
1358044,"@AppleSupport iPhone 6 Plus running iOS 11.03
Keyboard doesn’t display when i tap the browser bar intermittently a reboot resolves the issue temporarily",@436619 Is Safari the web browser you're experiencing this with? Are you using your iPhone in landscape when this happens?
1225809,"@AppleSupport  ever since i updated my 6s plus to iOS 10 it’s been nothing but trouble , constantly freezing and turning itself off.","@407569 Let's work through this together. Is your iPhone unresponsive when using specific apps, or is it happening at random?"
619539,First the “I” problem... now I’ve realized it is autocorrected to I.T 🤭why? #ios11 @AppleSupport and also that my keyboard disappears after viewing a picture sent by text... I have to close the app to get I.T back.,"@267025 Let's get this sorted out together. Do you currently have iOS 11.1.2 installed? You can check by going to Settings &gt; General &gt; About. Let us know, and we'll continue working through this."
2675732,Salve @AppleSupport! Ho dimenticato le domande segrete e non riesco a cambiarle. Cosa posso fare? Grazie!,@753148 We offer support via Twitter in English. Contact us for help in your preferred language here: https://t.co/IBIY3vMgPj
2892070,Well can that be anymore annoying! @115858 go and send me a new one considering you already are overpriced... https://t.co/O2DqPUmHon,"@801665 We’d like to help you look into your options to fix your charging cable.  Please send us a DM with the device you are using and the country you are in, and we can get started. https://t.co/GDrqU22YpT"
361408,"@201583 @AppleSupport omg I thought I was the only one experiencing this, it’s so annoying",@201584 We'd be happy to look into this with you. Send us a DM letting us know which iPhone you have. https://t.co/GDrqU22YpT
564049,@AppleSupport  Do we have a fix coming soon? looks like your macOS security patch has caused some issues with Spotlight continually crashing and relaunching and Safari crashing on launch (I’ve trashed all safari files with no fix). I’m not re-installing macOS again!,@252094 We'd like to help you get this resolved. Let's see if you can replicate the issue  you're experiencing with Safari and Spotlight in safe mode as outlined here: https://t.co/PQ4LSYhUTY Let us know what you find out in DM. https://t.co/GDrqU22YpT
643241,@AppleSupport Yes I’ve tried restarting but it’s still doing this periodically.,@272712 Thanks for confirming that for us. Which iOS version are you running on you iPhone? Check in Settings &gt; General &gt; About.
394565,@AppleSupport 11.0.2,@209481 Let's take this to DM so we can better assist you https://t.co/GDrqU22YpT
2274013,what is that ugly question mark fix it @115858,"@661432 We've got your back. An update has been released to assist with this issue. If you haven’t yet, please back up your device and update it to the latest version iOS 11.1.1. For more info, check out: https://t.co/xXaXeeSRt9"
84231,@AppleSupport Already did that https://t.co/TQPIBDVAFO,"@134529 Thanks. Are you seeing the question mark when you try to type the letter ""i"" or are you only seeing it on posts or messages from other users?"
1774492,@115858 your glitch messed up a good tweet. Fix this shit ASAP. Tired of it. https://t.co/fQr0BMTcEF,@533280 Here’s what you can do to work around the issue until it’s fixed in a future software update: https://t.co/evcqP6KgPj
1018324,@AppleSupport I’ve noticed it most when I try to in messaging and photos. Like if I try to send a pic. But it happens randomly as well. :(,@360942 OK. Please share with us in DM the exact iOS 11 version your iPhone is running now to continue. https://t.co/GDrqU22YpT
588149,"@AppleSupport Hi guys having issues signing in to my Microsoft account on safari on my iPhone. Keeps saying my password and email don’t match. When I use Chrome it works fine, is anyone else having the same issue?",@134431 We're happy to assist. Which iOS version are you currently running? Go to Settings &gt; General &gt; About for the version. Is this a Hotmail account?
2035813,Okay @AppleSupport I️ updated and now my phone is lagging 🙄,"@601879 We’d like to look into this. Which iPhone model are you using? DM us additional details, we’ll go from there: https://t.co/GDrqU22YpT"
1859573,@AppleSupport There’s no sound when recording or playing Snapchats but apart from that (and my calls) there’s sound on everything else,"@555962 Alright, no problem. DM us what country you’re located in. We’ll continue troubleshooting from there. https://t.co/GDrqU22YpT"
556137,@AppleSupport Will it keep the original Live Photo also??,@251802 Once the photo is edited you will see an option to revert back to original when you go back into the photo.
825890,@115948 @AppleSupport When is the wrong version issue going to be fixed? I keep getting live versions of songs that shouldn’t be.,@316700 We definitely want to know more about this! Send us a DM so we can look into it together: https://t.co/GDrqU22YpT
1301868,"Hello 

I am getting no verification codes on my mobile.. +18687121892

@115858 
@AppleSupport",@424249 We'd like to look into this further with you. Please send us a DM. https://t.co/GDrqU2kzhr
56982,"@AppleSupport I don’t like the screen shot update. When I do a screen shot I simply want it saved to my phone, not all this extra editing. 👎","@128906 We'd like to help. You can tap on ""Done"" to immediately save a screenshot without edits: https://t.co/rv9TRgCtbC"
1920122,"@AppleSupport Let me know if I should delete this tweet after you get the details, as I assume it’s a safe pic. https://t.co/ouTOVeTsmf",@355557 Thank you. Please join us in DM to continue: https://t.co/GDrqU22YpT
2518276,updated my phone to the newest update today that’s supposed to fix glitches and stuff but now it won’t let me make a call or receive an calls. thanks so much @AppleSupport @115858 😠😠😠,@717338 That's certainly not what we'd expect. Let's see what we can do to help. Do the calls connect at all?
2314013,"@AppleSupport The update fixed that glitch but now ever since I got that update, my phone lags. It freezes, types slowly, and apps crash frequently. Some messages don’t come through. Overall it’s slow and working poorly on every app.",@671016 We'll do all we can to assist with this. Does this behavior persist after rebooting the device? Let us know in DM. https://t.co/GDrqU22YpT
1433705,Idk what is the problem but the letter ( I️ ) needs to be fixed or something @115858 @AppleSupport,@452881 We can help look into this with you. Let's chat over in Direct Message. https://t.co/GDrqU22YpT
44608,@AppleSupport And i cant fix it i had to turn off auto correct and check spelling,@125900 Let's get this figured out. Which iOS is installed? Please DM us. https://t.co/GDrqU22YpT
2728209,@AppleSupport In setting software updation option not available...,"@161399 Are you attempting to update over Wi-Fi? If so, we'd like to share this guide. Let us know if these steps help: https://t.co/Ui1yTo6dM7 

If necessary, will it be possible to connect to a computer and update via USB using the iTunes application?"
1178929,@AppleSupport is there any new update coming soon as my iPhone 7 has been freezing numerous times a day since the last update!!!,@397283 We'd like to help. Send us a DM. https://t.co/GDrqU22YpT
1434177,@AppleSupport Update: they called me again and I answered but they hung up,@452982 That's curious. Was this a FaceTime call? What's the iOS shown in Settings &gt; General &gt; About?
2834404,@AppleSupport . @AppleSupport how do I fix this?,@789018 Let’s dig a little deeper to see what we can find out. Does this happen with every contact or only this one? Did this issue only start with the iOS 11.1.2 update or did you notice it with other versions of iOS 11 as well?
2834361,@115858 @AppleSupport  it only been 10 months and m on ios 11.1.2,@789005 We're here to help. Let's move over to DM and we'll go from there. https://t.co/GDrqU22YpT
2136702,"@AppleSupport I’ve tried the solution to fix the I️ but it still didn’t work for me. It’ll save initially, but then disappears later. What now? https://t.co/23O53SJLX4",@628557 We're here to help. So we can look into this with you can you please message us in DM? https://t.co/GDrqU22YpT
430772,"Anyone else having issues w new @115858 iOS &amp; @115888 syncing with Bluetooth/car, not showing on lock screen? @AppleSupport @SpotifyCares",@217435 We want to help.  Are you updated to iOS 11.0.2?
2002873,@AppleSupport can you explain the problem I’m having with the letter I️?,@592248 We're happy to discuss your concerns in DM today. Use this link to provide us your device model and software version: https://t.co/GDrqU22YpT
1882158,@AppleSupport my iPhone 7 battery life is non existent now and my Bluetooth and WiFi drop constantly since the latest update??? Wtf?? #apple,@483222 We'd like to take a closer look. Please DM us your exact iOS version and any troubleshooting you've already attempted. https://t.co/GDrqU22YpT
437408,"@AppleSupport To answer your question, there is nothing displayed on the phone while restore is attempted or any other time other than a brief Apple logo.","@218878 We will need to restore your iPhone via Recovery Mode. This article walks you through it:
https://t.co/iYLZzFD8qZ"
2277656,"@AppleSupport Constantly prompted to sign back into my Gmail account. To validate the prompt’s legitimacy, I went to input in Accounts &amp; Passwords. But I am not seeing a place to input my password. Am I missing it? I’d rather not remove and re-add, but I don’t trust the prompts. https://t.co/oWG3yi31MB",@267257 Have you tried removing it and re-adding it?
36655,"@AppleSupport Do movies listed as DolbyVision in Tunes also support HDR10? Or is this random? Curiously, they are always listed as either or","@123986 Great question! If you see the HDR icon, this iTunes Store movie can play in HDR10. Check this out: https://t.co/SFdFHkEs3N"
1108094,"#iOS11 está acabando con mi batería, el consumo es exagerado y tengo la ultima actualización instalada @AppleSupport",@348622 We offer support via Twitter in English. Get help in Spanish here: https://t.co/IBIY3vMgPj or join https://t.co/OczyRx7IOs
2137297,@115858 I thought this X battery life was supposed to be solid? Had it almost a week and gotta bring my charger w me already smh..,@628698 Let's look into that. Send us a DM and we'll go from there. https://t.co/GDrqU22YpT
1473769,@462120 @462121 @115858 I️ can’t even send an email right now https://t.co/QkbA29a3gb,@219405 Let us help you out. Send us a DM and tell us which device you're using. https://t.co/GDrqU22YpT
2910444,@AppleSupport iOS 11.1.2 iPhone 7,"@575515 When you're seeing this issue, is it when you type or are you only seeing it on texts, iMessages that you're receiving or posts other individuals have made on social media apps?"
1566054,"@AppleSupport Yes, and the same thing is happening on their end when they send pictures as well",@483415 Please DM us and let us know if this has ever happened outside of this specific group message. https://t.co/GDrqU22YpT
1927716,"@AppleSupport Also when it is charged, the sounds when you plug it in that sounds is heard during charing multiple times.
I hope you can help. Thanks!",@573698 We'd be glad to look into this with you as we understand the importance in your battery life. Send us a DM to continue: https://t.co/GDrqU22YpT
307326,"@AppleSupport Thanks for the info, but I’ve done/do all of these things. That’s why I am so confused that it has consistently not worked well.","@189393 We'd like to look into this with you further, please connect with us via DM: https://t.co/GDrqU22YpT"
2704212,@AppleSupport I phone 7. I want twitter to see/read write screenshots only. Not all photos. Thanks,"@647937 Thanks for clarifying. At this time, there is not a function to control which albums your apps can access, however you can always disable access to photos later."
757846,"@AppleSupport 
I need to update a app
It says I need ios 10.3.3 but I already have it.
Please may I have some help!",@301099 We know how much we like to keep our apps up to date. Let's look into this together. Have you restarted your device?
2280246,I️ have been awake for one hour and my battery is down to 66% can you please fix this @115858,@662880 We'd be happy to assist today. Send us a DM to get started. https://t.co/GDrqU22YpT
1566790,@115858 Your new iOS 11 is garbage and for the first time in 10 years I am considering the move to Android!!!,@483583 We'd like to look into the issues you're having. Please DM us more about what's happening. https://t.co/GDrqU22YpT
1329946,@AppleSupport hi! know you are likely swamped with requests but I changed my shipping address in the Apple Store app today and it didn't hold - just preordered iPhone X and is sending to my secondary address. is there a way to change it? thx in advance!,@430298 Congrats on your pre-order! You'll want to reach out to the Online Store team for any questions: https://t.co/8yjRd1Xo0i
1966844,@115858 this new update makes my phone crash at least ten times a day... not happy,@582872 Let's work together to find a solution for your device. Can you DM us what you're experiencing and with what device? https://t.co/GDrqU22YpT
1386610,@AppleSupport Doesn’t helps,@442643 DM the country or region where you are currently located to continue. https://t.co/GDrqU22YpT
2410237,"Appalling service from @AppleSupport today in Milton Keynes, U.K. Customer service has significantly dropped. I didn’t mind paying a lot for an iphone as the good apple service came with it but not any more. Think I need a Samsung",@692979 We'd like to hear additional details about your visit. Send us a DM with details of what is going on. https://t.co/GDrqU22YpT
1887779,"@115858 If you have your phone silenced in #iOS11, it mutes your alarms. Are you fucking kidding me?!?",@207344  The Ring/Silent switch should not affect the alarm sound on your device. Let's take a look this for you in DM. https://t.co/GDrqU22YpT
2887420,@AppleSupport Hi - could you please please please disable the feature that automatically capitalises words in your contacts while typing? It is So Damn Annoying.,"@800707 We'd like to help with your autocorrect on contacts. DM us, and we'll get started. https://t.co/GDrqU22YpT"
1467790,What is going on @AppleSupport ? https://t.co/HuJtyW8Zbl,@460695 Hey we can help. Let's continue in DM to have a closer look. https://t.co/GDrqU22YpT
1419123,@AppleSupport No I haven’t. I don’t have Wi-Fi in my house. Only unlimited data through my service provider.,@449861 Thanks for letting us know. Please send us a DM and we'll continue this conversation there. https://t.co/GDrqU22YpT
1633049,YO @115858 EYEM SICK OF HAVING TO TYPE LIKE A DAMN FOOL FIX THIS OR EYEM GONNA PULL UP TO CUPERTINO WIT THE GLOVES ON EYEM TIGHT,@499665 Thanks for reaching out. We have a workaround for this here: https://t.co/xXaXeeSRt9 https://t.co/GDrqU22YpT
2065580,"Hey @AppleSupport if I promise to get a new Apple Watch instead of new phone upgrade, will you please let my phone stop acting up? Lol","@610835 How about you tell us more about what your iPhone is doing, and we'll work together on it. Send us a DM with the details. https://t.co/GDrqU22YpT"
1947645,@118845 hi - my second pair of beats (rose gold) have broken.  one ear not working.  as say - second pair to have fault. can you help?,@578730 We're very happy to look into this with you. Please join us in DM and let us know your country to get started. https://t.co/GDrqU22YpT
1887587,@AppleSupport I think there’s something wrong with my battery. Currently gets too hot doing normal tasks. iPhone 6s Plus,@562967 Thank you for reaching out to us. We'd like to gather more information. Please DM us the iOS your device is running on. https://t.co/GDrqU22YpT
1946887,Hey @AppleSupport I am seeing this in Safari too https://t.co/teZUeum3Cy?,@578548 Let's take a closer look via DM. Are you only receiving this message when trying to view particular websites? https://t.co/GDrqU22YpT
2014405,Is anyone else going to type “I️” but getting “A ?” As a suggestion? @AppleSupport what is this bug,@595642 Thanks for reaching out. We have a workaround for this here: https://t.co/xXaXeeSRt9 DM us if you still need help. https://t.co/GDrqU22YpT
119492,"Yes, I’m looking for my playlists. What happened to them? @118936 @AppleSupport @115948 @118721 #iTunes #Apple https://t.co/lB3mfRYPyT","@142510 Thanks for reaching out. Do you currently have iCloud Music Library enabled? Also, let us know the iOS you're running on your iPhone and we'll take it from there."
63217,@115858 what is with these boxes in the middle of sentences ? It’s frustrating me,@130504 We're happy to help. Can you explain what boxes you're talking about? Are you using a certain app?
1550277,@AppleSupport how can 11mins of safari use 40% of my battery? iPhone 7 iOS 11.1 https://t.co/ZyKiCXqfc0,"@479824 Hey, we'd like to gather some more details. Send us a DM and we'll work together from there. https://t.co/GDrqU22YpT"
2145463,"Hey @AppleSupport, need help in updating my apps. I always get “Sign in to iTunes. Enter your password”. I'm logged in anyway?",@424769 We're here for you. Does this issue also occur while trying to download and app as well?
1023841,@AppleSupport the screen had the alarm screen showing with the options for cancel/snooze but that was it. Haven’t changed my alarm settings,@362282 Let's look into that. Send us a DM and we'll go from there. https://t.co/GDrqU22YpT
43346,"@AppleSupport No, it does not.",@125608 Are all your apps updated from the App Store?
559199,"@AppleSupport I upgraded to High Sierra yesterday, now Mail will not accept my passwords for a Yahoo and SBCGlobal account. Frustrating, and I haven't found a fix. Please help!",@250684 We'd be happy to assist today. Send us a DM to get started. https://t.co/GDrqU22YpT
2899002,@AppleSupport Listening music for example.,"@803139 Good to know. Are you normally listening to the Music app, Pandora, Spotify, Sound Cloud, etc.? Do you use Bluetooth devices when listening to the music?"
1858301,"For instance, @115858, a text saying “Hello — I’m well” translates to “Hello —” Nothing more. Coding error? Screwed up a convo w/ my source","@555662 Hey Ryan, we'd like to look into this with you. DM us which device this is happening on and we'll go from there. https://t.co/GDrqU22YpT"
1724863,@AppleSupport Just like that!!!,@521690 Here’s what you can do to work around the issue until it’s fixed in a future software update: https://t.co/qODbOsp4wz
1582060,Thanks for all the new emojis @115858 BUT theres no white girl w/ brown hair. Also y’all need to fix this whole “I” problem. ❤️ UNsatisfied👩🏻,@486982 We’d love to help you with that. Let's work through the steps suggested in this article: https://t.co/xU1AGHStV6
1434357,@AppleSupport hey guys you getting many reports of iTunes update being buggy?! #help,@453033 We're happy to help. Are you experiencing this on iTunes for Windows or Mac? Thanks.
1941926,"@115948 @AppleSupport Hi, is there a way to disconnect a UniDays account from an old Apple ID so that it can be connected to a new one?","@577473 Using the new Apple ID, try the steps under ""Verify your Student Membership eligiblity"" here:  https://t.co/ovhvOGgQpP"
219653,"this new apple update is horrible, my phones battery life is horrible, siri doesn’t work, and every app is glitching @AppleSupport",@166006 Let's work together to get your device working as it should. Please meet us in DM. https://t.co/GDrqU22YpT
2590417,"@AppleSupport My settings seem to be optimized, as always.",@733722 Let's take a look into this further for you. Which iOS version are you using in Settings &gt; General &gt; About?  Let us know in DM. https://t.co/GDrqU22YpT
2169837,Man @115858 need to fix this shit!!! I’m so sick the letter “I️” messing up!,@636525 Here’s what you can do to work around the issue until it’s fixed in a future software update: https://t.co/xXaXeeSRt9
2757528,@AppleSupport my MacBook Air keeps over heating. Even when I first turn it on fan so loud after not using it. Think I should take it to be looked at?,@771707 We'd be happy to help. Send us a DM and we can start there. https://t.co/GDrqU22YpT
1791094,@AppleSupport my Apple Music still won’t fucking work &amp; it been like this for a week now. https://t.co/hGBCAlNOdD,@195604 We’d like to see how we can help with your Apple Music. Send us a DM with more details and we'll go from there. https://t.co/GDrqU22YpT
2892036,left bud completely stopped working for no reason @AppleSupport what in God’s name is going on,@249531 Is this with the EarPods that came with an iPhone or other iOS device? We'd love to help look into service options. What country are you in? Let us know in DM. https://t.co/GDrqU22YpT
2558746,"@AppleSupport after os update to 11.1 my wife's iphone 7plus is not able to play audio files on browser whether it is safari or chrome nothing is working ""now can't play audio files on mobile browser""",@726377 Thanks for reaching out.  We know how important it is to be able to playback audio files and we'll do everything we can to assist.  Does this issue also occur with videos as well?
1564094,@AppleSupport brand new iPhone X completely stopped recognizing touch 3 hours into use.  Nothing fixes the problem,@482982 We are here to help. DM us the details of your issue and we can take a look at this. https://t.co/GDrqU22YpT
2734051,"@AppleSupport :ISSUES :
BATTERY DRAINED FASTLY (IF IT IS IN IDLE MODE OR MOBILE DATA ON (AT THE TIME OF USAGE , WIFI)
HEAT ISSUE LIKE PAN 
HANGING ISSUES FOR SOME CUSTOMERS","@766303 Hello there. We’ve received your DM and we’ll respond from there, shortly. https://t.co/GDrqU22YpT"
2752662,"Hey @115858? Just figure this crap out already, k? I'm now locked out because you demanded an answer to a security question I would never have elected to fill in. https://t.co/Up8VElwpLf","@220903 We have an article that can assist you: https://t.co/kUOJVm36A0

If this doesn't work, reach out to our Account Security experts here:  https://t.co/UJm15vmMM2"
2477660,@115858 run me my money smh everything on my phone has been crashing and messing up my services and i can barely understand what ppl send me bc those weird symbols,"@708175 We'd like to see how we can help with your iPhone. To get started, send us a DM with more information about what's going on. We'll meet you there. https://t.co/GDrqU22YpT"
2249887,@AppleSupport 11.0.2,@655547 Thank you. Do you have a current backup of the device?
233618,Mi pila del IPhone con el #iOS11 se baja muy rápido. Además está muy lento el sistema operativo @115858 @AppleSupport,@171611 We offer support via Twitter in English. Get help in Spanish here: https://t.co/IBIY3vMgPj or join https://t.co/OczyRx7IOs
1670652,Did WatchOS 4.1 break activity tracking for anyone else? According to my Apple Watch today I’ve been entirely sedentary today. @AppleSupport,@508566 Hey there. We'd like to look into your issue with you. Send us a DM so we can look into it together. https://t.co/GDrqU22YpT
1497336,"I turn off WiFi and Bluetooth from dashboard, check my phone 2 hours later and the battery is dead cos it never turns them off. ffs @115858","@467648 Control Center disconnects you from the Wi-Fi/Bluetooth device, it doesn't disable it. Read more about it: https://t.co/G7BHuQnDS6"
1605502,@AppleSupport I am testing replacement but there has to be a way.,@492494 Hello there. Try out this workaround until this issue is fixed in a future update: https://t.co/xU1AGHStV6
567669,Downloaded and installed iOS 11.2 because release notes say Apple Pay Cash is finally enabled. Once my iPhone restarted I opened Wallet app to find no Apple Pay Cash option. Seeing around the web that the option is still not ready. 😕 @AppleSupport,"@253147 Thanks for reaching out to us. We're here to help. If you're in the US, those features will require iOS 11.2 and will begin rolling out early next week."
2286496,@AppleSupport “ I️ “ is the problem,@664382 Let's look into this for you. iOS 11.1.1 was recently released and it includes a fix for autocorrect issues. Be sure to back up your device prior to updating. This page should help: https://t.co/80YRnjDFDk DM us if you run into any issues. https://t.co/GDrqU22YpT
2367705,@AppleSupport IOS 11.1.1 iphone 7 only trying to view google search and tried restarting the device nothing,"@561505 Let's try forcing Safari to close, so the next time it's opened, a fresh instance of the app is launched. This page explains how: https://t.co/RqqIctrDWV If the behavior persists, send us a screenshot that includes the status bar at the top of the screen."
1745493,I️ need @115858 to fix this “I️” situation.,@526305 Here’s what you can do to work around the issue until it’s fixed in a future software update: https://t.co/xXaXeeSRt9
889126,@AppleSupport why won’t my safari quit on my MacBook 😡😡 I can’t update it because safari won’t quit,@331088 We're here to help. We recommend the following steps: https://t.co/qyCtTUs7VU
290514,"Since the last iPhone OS update emails read in landscape/horizontal looks like this, with text and images overlapping. @115858 https://t.co/QggcRQpdwC",@185186 Let's find out why that's happening. Has this happened in multiple email messages?
306091,"@AppleSupport @189080 Safari won’t open on my MacBook!! Like you can’t even click it, when you do it doesn’t do anything","@189081 No problem, let's look into that. Shoot us a DM with any specifics and we'll take it from there. https://t.co/GDrqU22YpT"
390082,"@AppleSupport I tried a reboot and so far I think it’s ok, but I’ll get back to you if it happens again. 😀",@208344 Sounds like a plan! Keep us updated. Reach back out if you need us.
2734064,@AppleSupport currently on my iPhone every hour sometimes more often a notice pops up saying iMessages will be charged at the rate set by the provider and has either cancel or ok as the buttons. I’ve clicked ok even updated the phone but it happens yet again and frequently,"@766307 We'd like to help with iMessage. Do you know what version of the iOS is on the device?  If not, you can check under Settings &gt; General &gt; About &gt; Version."
1839542,"Hi @AppleSupport . I’m from france and I have big problem on my macbook. All my my web browsers are shutting down.. Safri, chrome, all..",@551300 Thanks for reaching out! Let’s dig a little deeper to see what we can find out. DM us your macOS version to proceed. https://t.co/GDrqU22YpT
2021412,@115858 bruhhh stop playing... Fix This “I️” crap !!!,@597821 Thanks for reaching out. We have a workaround for this here: https://t.co/xXaXeeSRt9 DM us if you still need help. https://t.co/GDrqU22YpT
1395715,"@AppleSupport Turns out VPN was the cause of the issue. Sync has worked with it previously, but stopped working couple days ago. Trying to sort it out now",@216962 Glad to hear you were able to isolate the cause. Let us know if you've got any other questions!
610283,@AppleSupport  the aluminum on the back panel of my iPhone 6s is chipping off. Phone is under warranty period. Can I get a replacement?,"@265094 Send us a DM and let us know more details and the country you're in, please. https://t.co/GDrqU22YpT"
1341765,"@AppleSupport every time I get an album pre-release on Apple Music, it won’t let me add the rest when the whole album drops.. any solution? https://t.co/X2DmA2HRKg","@432962 Hey, let's meet in DM so that we can gather some details. We'll work with you to see what's going on. https://t.co/GDrqU22YpT"
2377066,@115858 Fix this shit. We literally pay an arm and a leg for these phones that cost you $10 to make. https://t.co/XsTWl9WtFc,"@296084 We recently released an iOS update, 11.1.1, that contains a fix for autocorrect issues. Let’s be sure to back up your device prior to updating. Here's a great resource for both steps: https://https://t.co/ahjigcvFRG DM us if you have any questions. https://t.co/GDrqU22YpT"
1574380,EYEEE NEED @115858 TO FIX THIS I️ PROBLEM. WTF I️,@119636 We’re here for you. Try the steps here and let us know if you still need help: https://t.co/xU1AGIa4ME
2619829,iCloud doesn't even have a select all button to select all my 3k+ photos and collectively delete/download them. Doing a $('canvas').click() crashes and redirects to calendar. Is there nothing I can do except manually select 3k+ photographs. WTF @115858,"@740306 That’s a great question. If you click on the first photo and then hold down the command key, you should be able to click on other photos to select them. Is this when you notice the calendar opens?"
1640248,@AppleSupport hi. My HomeKit home just disappeared from my iPhone X,"@501471 Let's work together to get it back. If you search for it in the App Store, do you see it there?"
1706872,@AppleSupport My apps that require internet keep saying “cannot connect” or “error cannot refresh” even tho I have data or WiFi 😭,"@517279 We want to help you. Restart your iPhone as our article explains, and DM us if this still happens: https://t.co/OWRDHWSt4h https://t.co/GDrqU22YpT"
1078782,@AppleSupport No. It does not alarm. The only time it alarms is when I press on the home button.,@374477 Thanks for trying that. We're going to need to dig in deeper here. Please join us in DM where we can do that. https://t.co/GDrqU22YpT
543729,@115858 c’est quoi ce bug aujourd’hui avec votre iOS ? Mon iPhone tape des reboot toute les 2 minutes ..,@246303 We offer support via Twitter in English. Contact an Advisor for help in your preferred language here: https://t.co/IBIY3vMgPj
1929701,". @115858 need their arses kicked for putting out #ios11 in the nick it's in. Buggy, slow and so many crashes #justworksmyarse",@574230 Help is here. We'll be glad to check into this further. Please send us a DM to get started by tapping here: https://t.co/GDrqU22YpT
1981108,@AppleSupport I️ want my question answered,@427003 We want to help you with this issue. Please send us a DM with what iOS version you have on the iPhone. https://t.co/GDrqU22YpT
2013947,Also... why is the letter “i” being auto corrected to a box with a question mark  inside of it after I️ updated my phone @115858,@595506 Thanks for reaching out. We have a workaround for this here: https://t.co/xXaXeeSRt9 DM us if you still need help. https://t.co/GDrqU22YpT
2615247,Bro anybody else iPhone messing up @115858 @AppleSupport need to be fixed,@739248 Let's look into this together. Let us know what issue you're experiencing with your iPhone.
2921549,@AppleSupport Did this become a thing yet? I think it did but I can’t find it.,@808566 Hello. This is true. You are now able to share iCloud storage with your family. Look here: https://t.co/TnyKbijxSd
2403664,Onarım için garantiye gönderdiğim cihazın arızası giderilmeden geri gönderilmesi nasıl bir rezalettir ! @115858 @AppleSupport,@691439 We offer support via Twitter in English. Contact us for help in your preferred language here: https://t.co/IBIY3vMgPj
1748819,"@AppleSupport I’ve just updated today to whatever the latest version available was, can’t tell if the battery life is any different but videos not playing",@527125 Okay. Join us in DM so we can better assist you with this: https://t.co/GDrqU22YpT
266452,"@AppleSupport No, don’t have any other. Also when this happen, my headphones won’t allow skipping songs and volume control",@179478 Shoot us a DM and we'll look into the next best option. https://t.co/GDrqU22YpT
1908770,The new apple update has totally jacked my phone up? why @AppleSupport ?? Don’t you know I’m old and don’t like change?,@568632 We'd love to help! What kind of issues are you having? Send us a DM with which version of iOS 11 you've updated to. https://t.co/GDrqU22YpT
2567085,@AppleSupport Any chance of sorting the battery issue out in the next update? I know you want us to buy the new phones but come on 😒 https://t.co/4Fe3w6pWjX,"@728193 We want you to enjoy your current iPhone and we'd like to help. To start, please DM us with the country where you're located and the model of iPhone you're using. We look forward to working with you. https://t.co/GDrqU22YpT"
386556,oh hey @115858 why is my phone making a crackling sound when i listen to music? 😩,"@207512 We'd like to see how we can help with this. Does this happen when listening through headphones, the speaker, or both?"
368342,@AppleSupport Just got an email saying my apple id was used in Singapore. How do I know it's legit &amp; not a phishing scam!,@203275 This resource will help you identify phishing scams: https://t.co/V2QRdtocGo DM us if you have any questions. https://t.co/GDrqU22YpT
682054,Damn this update. @AppleSupport,@282773 What's going on? We'd love to help with any questions or issues you've got.
1847972,"Every time I update my iOS I hope that @115858 will have fixed its extremly buggy touch ID, but nope 😞",@553406 We're happy to look into issue you're having with Touch ID. DM us details of what's going on with it and we'll get started. https://t.co/GDrqU22YpT
1151928,@AppleSupport explicit restrictions on music keeps turning on automatically by itself and explicit songs are disappearing out of my library,@369073 We'd be happy to help with your music. Can you DM us the device and version of OS we are working with? https://t.co/GDrqU22YpT
458400,@AppleSupport yo so my iPhone X won’t let me go to my home. When I swipe up etc nothing happens even with the home bar showing I’m using assistive touch rn,"@223859 We can help. Let's restart the device and let us know in DM if it persists, please. https://t.co/GDrqU22YpT"
1534977,@AppleSupport Succeeded at 4.75 hour mark.,@476000 We're glad you were able to get your device activated. Reach out to us if you run into anymore issues.
771952,@AppleSupport Yes I have one on my computer and an older one on my phone,@304387 Great.  You can use one of these backups to restore to get your messages back.  Instructions here: https://t.co/OZqPAGY0tk
2300721,"@AppleSupport GPS no longer works after iOS 11 update on iPhone 6. Tried soft &amp; hard restart, reset location svs, still no maps work.","@667748 We know how important it is to have GPS working for you on your iPhone, and we want to help. Which version of iOS 11 are you currently using?"
1566792,@115858 Will #Animoji ever be available on the 8plus.. say through an ios update? or is it exclusive to only the X,@486420 We'd be happy to answer that for you. The Animoji feature will only be available on the iPhone X.
1522693,"@AppleSupport I would like to use the app ""pages"" on my iPad Mini, I can't now... What can I do?",@473166 Please reach out to our Pages Support here: https://t.co/jlnCXNzVxH
1596635,When will @115858 fix this update?! I️ look like a spazz whenever I️ try to type a message #Apple #UPDATE #FirstWorldProblems,@490506 We have a great article available to get this resolved for now until it's fixed in a future update: https://t.co/xU1AGHStV6
748563,@AppleSupport Trailers app is broken...only showing a few movies in “Theaters” view.   Swiping up in App Switcher does not fix it.,"@139266 Hey, we'll do our best to help. DM us specifics on the issue and we can get started. https://t.co/GDrqU22YpT"
2647366,@AppleSupport why the hell is my screen automatically changing my brightness? As I was typing this it went from what I wanted to dark brightness to full brightness,"@746917 We'll be happy to help with your screen's brightness. What device are we working with? If an iOS 11 device, go to Settings &gt; General &gt; Accessibility &gt; Display Accommodations to turn auto-brightness off. See: https://t.co/bkqEVCrK2l"
1575012,It sure would be nice if iOS offered the option to offload an app right from the app icon. /cc @AppleSupport,@485355 Thanks. You can share feedback on this here: https://t.co/eTPVYVFyd8
2210732,"@115858, please will you fix the annoying autocorrect which changes ‘we’ to ‘W.E.’ every time I type? It never used to do that before your iOS11 updates... thanks! x","@646160 We'd be happy to look into this with you. Send us a DM with your current iOS version, and we'll continue together there. https://t.co/GDrqU22YpT"
396969,@115858 @AppleSupport since recent software upgrade my phone alarm rings at FULL VOLUME no matter if the sounds off or it’s on silent. why 😧,"@127720 We'd be happy to look into this with you!  To begin, are you using the bedtime schedule or a custom alarm?"
1367086,@AppleSupport After updating to 11.0.3 battery drains quick and takes for ever to charge. Screen stay Horizontal when you go back vertical.,@438237 We’d like to help. Do your device settings match what is seen in the following link? https://t.co/bivpdfBNJ6
1175548,@AppleSupport thanks! 😊. This one. Read&amp;Write Insta photo settings but says it can’t save to library when posting https://t.co/IW1OxP0YAH,"@396528 Let's move into Direct Message so we can get more information, here: https://t.co/GDrqU22YpT"
719923,@AppleSupport can you guys provide an iOS 11 update that doesn’t mess with our service because yea this sucks,@292299 We're happy to look into your service concerns. What are you experiencing with your signal?
246317,"@AppleSupport the Arabic font in ios11 is not user friendly, please go back to previous font. Below is the new font 👇 https://t.co/WQEvsol4Yr",@174514 We can help get you to the right place to make your suggestion. Provide your feedback here:  https://t.co/eTPVYVFyd8
790386,Update: it still works I just cut myself every time I touch it. What should I do @115858 https://t.co/Xsnnc2y40m,@308478 Thanks for reaching out to Apple Support. Let's meet up in DM to discuss this further. https://t.co/GDrqU22YpT
1924835,"@AppleSupport No, just that one.",@572923 Got it. Do you see a certain issue when trying to sync your emails or use chat?
1151833,@AppleSupport iPhone 7 iOS 11.0.3,"@391058 Thanks for confirming. And what happens when you attempt to use Maps, are you experiencing a crash, or location issue, etc?"
915121,"@AppleSupport Everything was working fine until the MacBook went to sleep. Yes, I am an engineer - checking cables and connections was step 1",@337299 Great! Have you tried with another display? Let's work on this together in DM. https://t.co/GDrqU22YpT
2117192,What's going on because my Apple Music app crashed @AppleSupport #AppleMusic #applebug,@318752 Let us know in a DM which device you're using with Apple Music. We'd like to help out. https://t.co/GDrqU22YpT
554886,@AppleSupport Still having trouble with the freezing,"@249526 Alright, understood. DM us and we can continue from there. https://t.co/GDrqU22YpT"
1629831,@AppleSupport GOD FUCKING DAMMIT HDJHXHAJS https://t.co/6Frb6EulW6,@498865 Help is here! Check out this article for additional help: https://t.co/xXaXeeSRt9
1012954,"@115858 Not to mention, I’ve had this phone less than a year @AppleSupport",@359698 Let's look into this. Send us a DM and we'll go from there. https://t.co/GDrqU22YpT
2572660,"@AppleSupport I’ve been on both WiFi (am now) and cellular. I take the photo, then it loads (or doesn’t load) and then sometimes won’t let me save edits.",@377735 We want to take a further look into this. Please meet us in DM. https://t.co/GDrqU22YpT
2774458,"@AppleSupport my phone is being hella stupid, reply when you read this so i can dm",@775387 Give us all the details. We're happy to help. https://t.co/GDrqU22YpT
2014006,Eye just want to be able to text the letter after ‘h’ and before ‘j’. @115858 @AppleSupport please fix this already.,@487228 Thanks for reaching out. We have a workaround for this here: https://t.co/xXaXeeSRt9 DM us if you still need help. https://t.co/GDrqU22YpT
1683387,@AppleSupport Is there an ETA for this glitch with the letter I ??,@511670 Here’s what you can do to work around the issue until it’s fixed in a future software update: https://t.co/xXaXeeSRt9
2212966,"Also what’s with all the random symbols whenever I️ type things on here and I️ see them in other peoples tweets, get your shit together @115858","@646750 We recently released an iOS update, 11.1.1, that contains a fix for autocorrect issues. Let’s be sure to back up your device prior to updating. How to back up: https://t.co/4f8hwT5to6
If you have questions, DM us. https://t.co/GDrqU22YpT"
1581428,@AppleSupport Not working anymore?,@486836 We got your DM and will continue with you there.
2487295,"@AppleSupport Hello. How do I get the Move &amp; Exercise achievement. Clearly I’ve done more than 0 calories and 0 minutes. (Apple Watch Series 3, watchOS 4.1, iPhone X) https://t.co/q63rGhmLiI",@321557 We'd be happy to look into this with you. Let us know the version of iOS you're running on this iPhone via DM. We'll go from there. https://t.co/GDrqU22YpT
1345651,Left home with full charge this morning at 8:30... Why is my phone at 26% with minimal usage? 😡 @AppleSupport,@433776 We can help. Which iPhone do you own? What iOS is shown in Settings &gt; General &gt; About?
679914,"@AppleSupport To start, my iPhone 6 no longer recognizes my Touch ID and I have to manually start every podcast","@282222 Let's start with the Touch ID. What's the iOS version? Also, have you tried all the suggestions here? https://t.co/xqiXha6yeB"
1822526,@115858 nice try with 11.0.3. Crashes non stop and you still haven’t fixed the music app. #apple #ios1103 #iPhone7,@547118 We certainly want to look into these issues. Select the following link to join us in a DM and describe the issues in more detail. https://t.co/GDrqU22YpT
1631283,Thanks @115858 for making my iphone 6 slower with your update #thinkingofsamsungnow,@499250 Let's get this resolved. Which version of iOS are you using? Reply in DM to get started. https://t.co/GDrqU22YpT
1930599,"@AppleSupport was looking through my music when I noticed 1 was missing, went to the album on iTunes and was unable to redownload https://t.co/irvgCN9fXZ",@574486 We'd be happy to look into this with you more in detail.  Please reach out to us via DM and we'll get started. https://t.co/GDrqU22YpT
2045241,This is a really annoying bug. @115858 please fix the lyrics bug on your #iOS music app.,@604842 We'd like to look into this. Tell us more about the issue you're encountering with lyrics in DM. We'll go from there. https://t.co/GDrqU22YpT
517192,"Just me or is apple software getting sloppy? I've only had my new iPhone for about 2 months and this is the third time that it's been stuck in a cycle of restarting itself. Never happened to my old iPhone 5. And new, rushed updates seem half-assed @AppleSupport",@239243 We want to help. Please tell us which version of iOS you have installed on your iPhone. Check this in Settings &gt; General &gt; About &gt; Version.
2029476,@115858 can you guys... idk... release updates that don’t entirely mess up the phone? Thanks.,"@600148 We can help. Go ahead and DM us the type of iPhone you're using, the iOS version, and some details of your experience. https://t.co/GDrqU22YpT"
274943,Can I suggest to @AppleSupport that an option be added for the iPhone X to have battery % displayed up top instead of an icon?,@181685 You can submit that feedback to us directly by using this link  https://t.co/eTPVYVFyd8
757830,"@AppleSupport , this new update kills my phone battery so fast 😑",@301095 Hey. We're here to help. Have you tried the suggestions here for maximizing battery life: https://t.co/bivpdfBNJ6
92846,"@AppleSupport why this always happen? Pls fix it, always need to restart my iPhone to get it back working https://t.co/Jhoj8UqOFD",@615723 We see the blank view on the Camera app. Does this happen with both the front and rear cameras? Send us a DM: https://t.co/GDrqU22YpT
1996464,"😕 Hello @AppleSupport since your last update the proximity sensor is no more working on my #iPhone6S
#ios11
@115858",@590335 Having your iPhone work great is our goal. DM us your model device &amp; the iOS version installed to get started. https://t.co/GDrqU22YpT
61332,"@AppleSupport This dialogue has started appearing every time I unlock my device, even though I've completed the  share. (It offers to share the same WiFi password each time.) I upgraded some days ago to iOS 11.1.2. I can't even find where to turn this feature off. https://t.co/SFQvqlswbC",@21723 We're happy to look into this with you today. Wi-Fi password sharing is a built-in function of iOS 11. Does this persist through a restart of your device?
1578363,@486096 @115858 Seriously! It’s an iPhone glitch that’s driving me batshit crazy!,@526162 Here’s what you can do to work around the issue until it’s fixed in a future software update: https://t.co/xXaXeeSRt9
961736,my @115858 iPhone that i’ve had for barely a year keeps freezing for 6-8 hours a night :-) if it does it tonight i’m going to flip shit.,@348211 We want to help. Does this happen while using specific applications or features? Have you tried restarting your iPhone yet?
2343790,@AppleSupport I have some EarPods I bought in July &amp; they're already not working properly. Left pod isn't working and the wire moving causes it to pause and skip songs. Are these covered in warranty? Can I just go in and show a receipt?,@200151 We'd be happy to look into this with you. We want to be sure your EarPods are working. Have you used your EarPods with other devices yet? Does the same thing happen with every device you use them with?
1046602,@AppleSupport how do you save podcasts to Apple Watch 3? Not seeing podcast under Music or settings?,"@117796 Thanks for reaching out. Though music playlists can be saved to the Apple Watch, podcasts cannot: https://t.co/C06PxOuf5a"
2046463,Ugh 😡 Since I updated to #ios1102 my phone keeps freezing &amp; its never done that before. Not cool @AppleSupport 👎🏾,"@605222 We want to help you. Restart your iPhone, and DM us if you still experience any issues: https://t.co/OWRDHWSt4h https://t.co/GDrqU22YpT"
2519444,@AppleSupport i started using apple music and it deleted half of the music off of my harddrive!!!,"@717656 We know how important it is to have access to your tunes. For the songs that disappeared, were they imported into iTunes or purchased from iTunes? Do you use Time Machine?"
384048,@115858 @AppleSupport what’s going on with this update?! My battery is draining so fast and my phone keeps freezing.,@206968 We want you to enjoy using iOS 11.0.2 without worrying about battery life. What kind of iPhone do you have? DM us here: https://t.co/GDrqU22YpT
1701970,.@AppleSupport make it stoppppp https://t.co/svAWdSZ6PD,@516026 Here’s what you can do to work around the issue until it’s fixed in a future software update: https://t.co/xXaXeeSRt9
1910289,Thanks @AppleSupport for IOS11 ... I can now use my phone for 30 minutes on a full charge .. #2017,@569087 Let's look into this battery issue for you. Send us a DM with more details and we can check on available options. https://t.co/GDrqU22YpT
2305914,"@AppleSupport iPhone 8, iOS 11.1.1","@669002 Awesome, thanks for sharing! Let's take a closer look at this issue together in DM. https://t.co/GDrqU22YpT"
1906030,"@AppleSupport yo iOS 11 is sooooo buggy and it’s making my phone crash every 20 minutes, rendering it useless amongst other issues 👎🏼👎🏼",@567954 Thanks for reaching out! That’s not the experience we want you to have. Let us know all the issues in DM so we can help. https://t.co/GDrqU22YpT
1822052,@291700 I’m just having issues in general. @115858 needs to fix their shit.,@546983 Hello. Help is here! Let's meet in a DM and check a few things together. It will be our pleasure to get started here: https://t.co/GDrqU22YpT
885794,@AppleSupport https://t.co/2ZomKd6w8n,@330327 Our iTunes Store support team would be happy to assist with this. You can reach out to them here https://t.co/SDIe7UiyJN
1338924,İyice saçmalamaya başladı #ios11 @AppleSupport @115858 bu ekrandan çıkmak için restart gerekti https://t.co/4rc9jRNk92,@432314 We offer support via Twitter in English. Contact us for help in your preferred language here: https://t.co/IBIY3vMgPj
1155293,@AppleSupport Safe mode is the same,@165813 Let's Force Quit Finder and try again. DM us the results of that step. How to force an app to quit: https://t.co/qyCtTUawxk https://t.co/GDrqU2kzhr
1153433,@AppleSupport why is there noticeable latency in Notes 📝? Also it freezes and locks up upon first use after periods of unuse.,@391387 We're happy to look into this with you. Do you notice this slowness when first opening it or is it with the keyboard in Notes?
2007351,"@AppleSupport how do we go about fixing the autocorrect for I?? I had to turn off my autocorrect in order to stop it, but still shows up https://t.co/gIBizSkXUw",@593578 We're happy to help. Check out this information here: https://t.co/xXaXefaskH DM us if you have further questions. https://t.co/GDrqU2kzhr
2705021,More &amp; more I feel like an unofficial beta tester for @115858. My MBP randomly crashes. iOS 11 sucks. If not for 3rd party apps that I &lt;3..,@759719 Let's partner together as that's not the experience we want for you. Join us in DM with additional details and we'll get started: https://t.co/GDrqU22YpT
960016,"@AppleSupport I’ve just found ‘springboard’ in my settings, what is it &amp; why do I need it? https://t.co/NzWbcOilUB",@347785 We'd be happy to look into this. Can you DM us the exact version of iOS you are running? https://t.co/GDrqU22YpT
2652506,@AppleSupport None of my stuff came back,"@748071 In that case, let's get you specialized support. Our Photos team is ready to help out. Please reach out here https://t.co/IBIY3vMgPj"
946689,Sure wish iOS Safari had a configuration option to automatically use Reader View on every page. How about it @AppleSupport?,@344486 Thanks for reaching out! We'd recommend leaving that request on our feedback page: https://t.co/eTPVYVFyd8
585959,@AppleSupport une explication? parce que ça l’a fait 3 fois en 5 minutes c’est un peu nul,@258349 We offer support via Twitter in English. Contact us for help in your preferred language here: https://t.co/IBIY3vMgPj
1650154,"@AppleSupport Thank you, it worked!",@504033 You're most welcome.
2313137,@AppleSupport Ok it’s happened again. My Mac book pro has a black screen. I can’t see anything on the display. HELP,@666347 Thanks for reaching out again. Which year and model of Mac are you using? What troubleshooting have you tried so far?
2294094,@AppleSupport i have a question my usb port broke on my mac i’ve tried everything can i buy something to imitate a usb port,"@666167 We’d like to look into this with you. To start, please send us a DM letting us know in which country you are located, as well as which model Mac you’re using. https://t.co/GDrqU22YpT"
1861510,@AppleSupport thanks. my issue is severe. I was in contact today. it's been forwarded to your network engineers,@556366 It sounds like your in the best possible hands for this. Reach out if there's a different issue we can help with.
1773668,@AppleSupport Nice! Thanks!,@533066 You're welcome! We're always happy to help.
1886936,"@AppleSupport while playing music, i get the 30sec option, i want next track option. https://t.co/IqYBs9i2KY",@562786 Let's work together as we look further into this. Can you DM us the device you're using and the iOS version? https://t.co/GDrqU22YpT
2376088,So why is my iPhone 7 starting to fuck up ever since y’all drop the new iPhones?🤨 @115858,@685356 Let's look into this for you. What issues are you experiencing. With your iPhone 7? Are you running the latest version of iOS 11? Let us know in DM. https://t.co/GDrqU22YpT
852883,@AppleSupport From day 1 of using Apple Music,"@322605 Okay, thanks. Can you tell us which steps you've tried so far? This way we won't have you do any steps over again."
541132,@230273 @AppleSupport Thanks!,"@245531 Thank you for reaching out. If your device with iOS 11 unexpectedly restarts repeatedly on or after December 2, 2017, this article will walk you through a solution:
https://t.co/osZOKKTalm
As with any update, we also recommend backing up your iPhone first."
1621157,@496782 Yes!!! It's annoying! This why ppl don't never update their phone @AppleSupport,"@496781 We can assist you. Check out our article for work around steps, and DM us if this continues: https://t.co/xU1AGHStV6 https://t.co/GDrqU22YpT"
1443352,@115858 fix it. now. https://t.co/L4WwVXpPIj,"@454892 Let's take a look at this together. You've already updated to iOS 11.1, correct? Let us know in DM. https://t.co/GDrqU22YpT"
1037473,Hey @AppleSupport can you please explain why 4 months into buying a brand new expensive phone off you its gone completely unresponsive?,@365426 We can work together to see what's going on. DM us the exact iOS version and we'll take a closer look. https://t.co/GDrqU22YpT
60334,@AppleSupport this new iOS update doesn’t send whatsapp notifications when my phone is locked. FIX THIS PLEASE,"@129797 We'd like to look at this with you. Are you receiving other notifications? If you are, try updating WhatsApp and check again."
1646138,NOOO WHAT THE FUCK @AppleSupport WHY WHENEVER ‘i’ try to say ‘I’ its AUTOCORRECTED TO I️,@502981 Here’s what you can do to work around the issue until it’s fixed in a future software update: https://t.co/xXaXeeSRt9
1974151,Dear @115858 your iOS update SUCKS.  Drains battery. And insists on “live” photos #FAIL,@231157 We'd like to look into the issues you're having on iOS 11. Join us in DM and confirm the iPhone model that you're using. https://t.co/GDrqU22YpT
1292110,Quick shoutout to the new @115858 iOS update for disabling any sound on my phone alarms and almost causing me to sleep through a midterm🤘🏼,@422165  We want to help with your alarms. Let's meet in DM to continue. https://t.co/GDrqU22YpT
243276,@173768 @AppleSupport Se activa solo el bluetooth me tiene los huevos al plato,@173767 We offer support via Twitter in English. Get help in Spanish here: https://t.co/IBIY3vMgPj or join https://t.co/OczyRx7IOs
794630,"Help, anyone know what the ‘Waiting for activation’ under iMessage means? @115858 @AppleSupport https://t.co/NqB7KctzXk",@221844 We can shed some light on that for you.  Take a look here for more information. https://t.co/jhvYu3nzpA
1022581,@AppleSupport @361972 Ready pull my hair out! iPhone8 WiFi connection died 48 hrs ago. Password wrong&amp;wrong. The 7 IOS devices (include an 8) happily connecting.,@361973 Let's work together. We'll continue in DM. https://t.co/GDrqU22YpT
999044,@AppleSupport anytime I️ go to say “I️”,@356554 We've seen the issue you're talking about and we have a workaround for it: https://t.co/xXaXeeSRt9 Did that help?
2003300,Ey yo @AppleSupport can you get this together please? I shouldn’t have to click the i when I️ want to type i @115858 https://t.co/ys2ryiw5yG,"@286058 We'd be happy to look this over with you. Please meet us in DM so we may gather information, and better assist. https://t.co/GDrqU22YpT"
1168616,@AppleSupport I’ve just got a new iPhone 8+ but I can’t get it to pair with my 1st gen Apple Watch. Help?,@394879 We'll gladly assist. What happens when you try to pair. Are you getting an error message?
2890658,@AppleSupport hi is this a real email or scam ? I haven’t logged into the mentioned device either https://t.co/Tj8fqYHsZF,"@431054 Thank you for reaching out to us. We'd like to make sure that this is coming from us. First, we will need to gather more information. Send us a DM and we'll go from there. https://t.co/GDrqU22YpT"
1078356,@AppleSupport having issue with #iOS11 whenever I text through the notification bar itll exit me out mid text,@374384 Let's see if we can change that. Is it happening every time you reply from a notification? Is it happening with Messages?
84238,Hey @AppleSupport @115858  why did I play soccer and come back to every contact in my phone deleted? 2nd time that’s happened. #whatgives,@134530 We’d be glad to help take a closer look at your contacts. We’d like to start by gathering some more information so we can determine where to get started. Are these contacts saved in iCloud or another account on your iPhone? Let us know in DM and we’ll start there. https://t.co/GDrqU22YpT
920904,@AppleSupport with this new update my phone is almost un-usable- I hope help and big fixes are coming soon- #miserable,@338606  Let's look into this together. Could you tell us which iPhone and iOS version you're currently using?
520243,iPhone7 crashes (to a black loading screen) every now and then. Initially thought I just need to update my OS (to 11.1.2) but even after the update it still crashes. Anyone with similar problems? @AppleSupport https://t.co/bOeMCIWYA7,@240069 We'd be happy to look into this with you! Send us a DM to get started. https://t.co/GDrqU2kzhr
883597,No custom ringtones (even those from iTunes) work with the new iOS update. Do @115858 want everyone's phone to sound the same @AppleSupport?,@329821 We're here to help. Can you please contact us in DM? https://t.co/GDrqU22YpT
1131396,@AppleSupport is there a way to fix my phone to stop freezing and crashing ? Started right after i got ios11 on my iphone 7+,@212696 We can help with your device. Let us know in DM when you notice the freezing. https://t.co/GDrqU22YpT
2971252,"@AppleSupport Not all, just some - hard to replicate, very random. Have not restarted since. Seems to just be a cosmetic quirk.",@819555 If it continues to happen let us know so we can look into it further.
2983153,@115858 all of my messages just got deleted. v confused ???? I'm a sentimental person and reread cute messages?? pls fix.,"@822632 Let's look into this together. To start, which device are you experiencing this on, and which software version is it running?"
2007372,@AppleSupport this iOS update has been known to be full of awful glitches for weeks now. Please fix.I️,@593587 We're here to help. DM us details what you're experiencing and we'll get started. Include which iPhone and version of iOS 11. https://t.co/GDrqU2kzhr
2567112,@115858 my phone has been acting up since i’m updated I.T last Monday.. is this a ploy you’re using for me to get the new iPhone ?,@728198 Thanks for reaching out. We want to help. Would you tell us a bit more about what happens to your iPhone since you updated?
2013706,@115858 can you losers fix this I️ autocorrect nonsense pls? https://t.co/8sxsO9NAgB,@595440 Thanks for reaching out. We have a workaround for this here: https://t.co/xXaXeeSRt9 DM us if you still need help. https://t.co/GDrqU22YpT
1623376,@115858 really must want ppl to buy their new phones.. Cause mine has been fucking up so much ever since the 8 came out ...😑😠🙄 coincidental ?,@497283 We'd like to help. Tell us in detail the issues you're having with your iPhone.
1546822,@AppleSupport facing a lot of slowness and screen freezing issue after updating to iOS 11 on my iPhone 6s. Thought this will be fixed in next releases but not yet fixed even after 3-4 bug fix updates. Please help.,@478972 We want to do everything we can to help you. What apps are freezing? Which iOS are you running now? What steps have you tried to resolve this?
1966837,@AppleSupport Now I can’t backup my WhatsApp chats because of this https://t.co/6XrHzE2mSO,"@149283 Hey, let's get together in DM so that we can look into what's going on with iCloud Drive. We'll help you get things sorted. https://t.co/GDrqU22YpT"
1950583,@AppleSupport 11.0.3,@503007 You're fully up-to-date. That's good. Join us in DM and we'll continue to look into this with you. https://t.co/GDrqU22YpT
2804428,"Hey @115858, what do I do if my Apple Watch is still working but literally hanging by a thread, just like honestly all of us? https://t.co/dr3pIsU34A",@782221 We'd be happy to look into this with you. Please reach out to us via DM and we'll get started. https://t.co/GDrqU22YpT
1642523,Ok @AppleSupport why can’t I️ type I️,@502061 Here’s what you can do to work around the issue until it’s fixed in a future software update: https://t.co/xXaXeeSRt9
1065869,Not sure if it's an @ATT issue or a @115858 issue but my husband just received 10 texts I sent him over the course of the last three weeks,@371654 We're happy to help. Where all the texts from only 1 contact or were multiple contacts included? What's the iOS version?
1102663,@AppleSupport are your Maps servers down today? Nothing loads https://t.co/dKYJp1cLcm,@380193 We'd be happy to take a look into this with you. Please send us a DM so we may better assist you. https://t.co/GDrqU22YpT
1760180,WTF IS THIS WHY ARE YOU MAKING ME QUESTION MYSELF @115858,@529774 Here’s what you can do to work around the issue until it’s fixed in a future software update: https://t.co/xXaXeeSRt9
2435311,"@AppleSupport Is it possible to save the ""reserve copy” on your locale drive or NAS?","@163700 Hi there. So we can better answer your question, please DM additional details. https://t.co/GDrqU22YpT"
1949173,I was just on the phone with @115858 for 30 + minutes and then they hang up. Problem also not solved.,"@579054 That’s not the experience we want for you. DM us some details on how we can help today, and we'll look into this with you. https://t.co/GDrqU22YpT"
34610,"Oh great, iMessage not working after the latest iOS update. 😐 @AppleSupport",@123499 Thanks for reaching out. DM the specific issue you are seeing with Messages to get started. https://t.co/GDrqU22YpT
508243,@AppleSupport how do you type a £ sign on a Norwegian keyboard?,@236693 We are here to help. Which device are you using the keyboard on? Send us a DM to continue. https://t.co/GDrqU22YpT
2301959,"@AppleSupport Yes but I don’t want option 1, 2, or 3. I want no click feedback at all! :)","@194679 Currently, there isn't an option to disable feedback when tapping the Home button. If you'd like to provide feedback or make a feature request, you can do so here: https://t.co/eTPVYVFyd8"
2906796,Hey @AppleSupport notice a problem?  The time at the top &amp; the time on the clock don’t match. https://t.co/wtZ8Pkneew,@804904 We're happy to help. Can you tel us which iOS version you are currently using please?
2058393,My iPhone is tripping @115858 help https://t.co/LuLCLVbM79,@608777 We're here for you. Have you had a chance to restart the iPhone? To restart your iOS device: https://t.co/JWOTqcWcbG https://t.co/GDrqU22YpT
1847266,Am I the only one whose battery life was cut in half with the iOS 11 update? @115858,@135162 We'll be happy to help to get this resolved. Which iPhone do you have &amp; what version of iOS is installed? DM us. https://t.co/GDrqU22YpT
2065704,@115858 my iPhone freezes and has a battery life of an hour. Fix your shit,@610876 Let's help get this resolved. Please DM us the version of iOS 11 you're using and we can go from there. https://t.co/GDrqU22YpT
1798568,@116333 I have a question. I called my Apple about these files that appeared on my computer. One senior adviser said keep them,@351246 Perhaps we can help with your question! Send us a DM with some more details about what files appeared. We can go from there. https://t.co/GDrqU22YpT
998372,Hey @115858.  5th time I’ve reset my phone today.  Want to fix this?   That’d be great.,@356408 We'd be thrilled to assist. Which iPhone model and what iOS version is it running? Is an app freezing or the entire device?
95791,@AppleSupport Through settings,@136854 Let's have a look at this together. Can you please DM us? https://t.co/GDrqU22YpT
1650074,@AppleSupport How do I see update sizes in the App Store for 11.1? Why would you remove this information?,"@504004 While this is normal behavior, we appreciate any product feedback you decide to submit using this link: https://t.co/eTPVYVX94G"
812222,@AppleSupport I'll try to the OS upgrade and see if it's still an issue.,"@313543 Sounds like a plan. If the issue persists, send us a DM and we'll get right to work on it. https://t.co/GDrqU22YpT"
1440690,"What is wrong with my phone, this update is causing weird symbols to appear whenever people enter certain letters 😡 @AppleSupport @115858",@454320 Thanks for reaching out to us. We received your DM and you should see a response there.
2734053,@AppleSupport They disappeared and this is what my texts look like now https://t.co/Phw4ITYVfg,@766304 Thank you for the screenshot. Did this happen after an update was installed on your device? Which iOS version is your device running now? That may help us isolate this a bit more.
2520816,"Do me fucking better @115858
My iPhone 7 keeps crashing, freezing at times, and then to top it all off it’s overheating @AppleSupport","@718008 We're here for you. We know that you expect more our of your iPhone. As such, let's meet in DM and go from there. Thanks! https://t.co/GDrqU22YpT"
1134082,@115858 @116333 @AppleSupport Battery life also being worsened..need to charge 3-4times a day. https://t.co/cY9xlKJCnP,"@387218 We can help address this. To start, please DM us where you are located. https://t.co/GDrqU22YpT"
1930657,"@574512 @AppleSupport In fairness, the update halved my battery life.",@574511 We'd like to look into the issues you are seeing with your battery life. Could you join us in DM to get started? https://t.co/GDrqU22YpT
1473819,@AppleSupport The iPhone is a 6s and the iWatch is a 2. My husband has the same issue. I ask Siri to call and she doesn’t recognize the name anymore.,@462131 Have you tried restarting the devices? Sens us a DM and we'll go from there. https://t.co/GDrqU22YpT
2801475,@AppleSupport 11.1.2,@781517 Thanks for keeping your device updated to the latest version. Please DM us your current region and we'll go from there.
2414286,@AppleSupport Here is a screenshot of what its still doing https://t.co/eMxAE3wSU9,"@693971 An update has been released to assist with this issue. If you haven’t yet, please back up your device and update it to iOS 11.1.1. For more info, check out: https://t.co/4f8hwT5to6"
2054758,"Hey @AppleSupport 
I'd like to change my scheduled call with phone support to another time. I won't be available at the agreed appointment.",@607700 We'd be happy to help with this. Please come on over to DM and we'll gather your details and check your available options. https://t.co/GDrqU22YpT
2291585,"@AppleSupport hello. I am so annoyed at the new updates on iPhone. It’s literally has ruined my phone from function normally to very slow, is this a scam for people to buy new phones wtf",@665538 That’s not the experience we want you to have. Send us a DM and let us know which country you are located in to get started. https://t.co/GDrqU22YpT
1239009,@AppleSupport My phone is extremely slow. Half the time it’s not responding when I touch the screen. And it’s been just quitting apps,@__burke__ Got it. How do you get your iPhone to respond again? Do you restart it or does it start responding again on its own? DM us here: https://t.co/GDrqU22YpT
523844,@241082 @115858 My iPhone keeps freezing and will stop working constantly! Apple is killing me!,@241081 Relying on your iPhone is vital and we understand the concern to ensure your iPhone is working as expected. Please DM us the iOS version that's currently installed on your iPhone and we'll go from there. https://t.co/GDrqU2kzhr
1370252,@115858 please fix your basic app performance. the visual voicemail hangs on every letter i type... UGH!!!,@438954 We'd like to know more about what is happening. Are you seeing this behavior in the Voicemail tab of your Phone app? https://t.co/GDrqU22YpT
2795922,This new @AppleSupport iPhone update has my 7 LAGGING and running slow! #annoying,@780179 We'll gladly assist. Are you running iOS 11.1.2? Let us know in DM. https://t.co/GDrqU22YpT
1726203,@AppleSupport Fix my now practically useless phone!,@522066 Tell us more about what's going on with your iPhone. Send us a DM. https://t.co/GDrqU22YpT
1689385,OKAY CAN SOMEONE FIX THE GLITCH THAT AUTOCORRECTS THE “I️” EVERYTIME I️ TYPE IT PLEASE AND THANK YOU. @115858 (I’m sorry for yelling),@512936 Here’s what you can do to work around the issue until it’s fixed in a future software update: https://t.co/xXaXeeSRt9
1860552,"So @115858, you’re very proud of wireless charging on the iPhone 8, but iCloud backup doesn’t work unless the phone is actually plugged in?","@156464 Hey Alan, we'd like to look into this with you. DM us the iOS version currently installed on your iPhone and we'll go from there. https://t.co/GDrqU22YpT"
686864,@AppleSupport I didn't buyany thing,@284005 Our iTunes Store team is going to be the best team to contact based on the information you provided. Reach out to them here:  https://t.co/SDIe7UA9Bl
845832,@AppleSupport iPhone 6 and im running 11.0.3,@321040 Thank you. Send us a DM and we can take a closer look there. https://t.co/GDrqU22YpT
1834542,I’m not sure why these obnoxiously large headers were necessary in all of my apps 🤔😑 @115858 #updatefail #whocomesupwiththisstuff,@550242 Let's look into this together to make sure things are working correctly. Send us a DM with more information to get started. https://t.co/GDrqU22YpT
1974288,"@115858, my #iPhoneX has been “preparing for shipment” since Saturday... getting annoyed. 😒",@584669 We'd be happy to look into this with you. DM us where you ordered your new iPhoneX from and we'll go from there. https://t.co/GDrqU22YpT
361403,@AppleSupport @115858 Why on iOS 11 does the Bluetooth icon activate itself all the time?,@201582 Let's look into this together. Are you toggling Bluetooth on or off from the Control Center or from Settings?
1212786,Me carga que se conecte el wifi solo con la nueva actualización de #ios1103 #iOS11 @115858 @AppleSupport hace que la batería dure menos aún 😱,@404644 We offer support via Twitter in English. Get help in Spanish here: https://t.co/IBIY3vMgPj or join https://t.co/OczyRx7IOs
262228,@AppleSupport This crackling of sound on the new iPhone is for the birds. Fix coming soon?,"@178461 Where are you noticing the crackling? Receiver, speaker, or both?"
2002446,Can y’all fix this question mark box that so many people are revising when they type the letter “i” please @115858 @AppleSupport https://t.co/me0kBf6NOk,@592116 Let's meet up in DM to discuss this issue further today. Here's a link to meet us there with your device and iOS version: https://t.co/GDrqU22YpT
1960620,New #iPhone/update comes out. Updates old phone. Phone hasn’t functioned properly in weeks. Super convenient. @115858 #PissedOffLoyalCustomer,@581516 We'd be happy to look into any issues you're experiencing. DM us the details and we'll get started there. https://t.co/GDrqU22YpT
249325,So my phone glitched and apple this is a idea u should do in the next update make that black glitched screen into the home screen so I can do two things at ones @115858 https://t.co/KzV1KIRSzt,"@175237 If you're having trouble with your iPhone's display, we'd like to help. Are you still seeing the same thing on the screen?"
590928,"@115858 I get it, you want me to use Preview. I don't want. The more you force open pics in Preview overriding my attempts to set Photoshop default, the more annoyed I get with @115858",@259786 You can permanently change the app used to open a file. This article has info for doing this in macOS Sierra and the steps should be the same for a different macOS: https://t.co/r5QkOlHaM7
2615314,"#IOS still same problem my phone showing only apple logo not going on 

#DontUpdatePlease 
@AppleSupport @115858 @84244 @50525 https://t.co/pjIZEP1PY0",@739269 We'll do all we can to help. Let's try all the steps listed here: https://t.co/8MvHMFZ83h Let us know the results once completed.
1639029,"@AppleSupport That’s what I tried earlier, I can get my them to pair but I just get phone unavailable. It was fine before the initial update to iOS 11","@501177 Okay, thanks. Let's continue in DM. https://t.co/GDrqU22YpT"
2621165,Battery lasting half a day on a 1 year old phone is apparently ok. Thanks @AppleSupport,@686168 We'd like to help if you're experiencing unexpected battery drain. Which model of iPhone are you using and which iOS version is it running? Let us know in DM. https://t.co/GDrqU22YpT
1433747,@AppleSupport they’re just displaying as boxes w ?s in then  - as if i hadnt done the update.,@452896 Can you confirm which device and iOS version you're using?
869466,@AppleSupport Thank you for replying but I managed to get it fixed now! And my Apple Music has fixed as well!,@326451 Glad to hear it. Don’t hesitate to reach out in the future. Take care.
1736098,So is @115858 not going to fix this I️ problem,@524166 Here’s what you can do to work around the issue until it’s fixed in a future software update: https://t.co/xXaXeeSRt9
2892129,"Hey @115858 I’m saying it not I.T, get your shit together!","@801682 We want to help with this. In DM, please let us know the software version you're using. https://t.co/GDrqU22YpT"
771195,.@AppleSupport many hours wasted trying to get music to sync and custom photos to stick. You needlessly broke iTunes,@304183 Thanks for reaching out. Can you please provide more information about your issue in DM? Thanks. https://t.co/GDrqU22YpT
2814280,While i was previously working with the senior advisor named James on my recent case he just disconnected the chat session while i was typing. So unprofessional. Is this the way you treat your customers? @116333 @AppleSupport,@708505 We want to continue to help out. Your DM has been received. Look for a response from us shortly there. Thank you.
593599,@AppleSupport what’s wrong with my software update. Y’all got me messed up.,"@260556 We'd love to help! Which device are you using, and what's the issue that you're seeing? Do you know which exact version of the operating system it's running?"
1455384,@AppleSupport Hi. What's the cost and time required to replace the battery in a 15 inch late 2013 MacBook Pro? Thanks.,@187277 Let's see what we can find out. Which country are you located in? Reply in DM to get started. https://t.co/GDrqU22YpT
2138769,@AppleSupport I updated my iMac  to the newest IOS yesterday and there was an error while installing. Now I can’t use my iMac. It keeps wanting me to restart and then the the same thing. I hope I haven’t lost everything 😢,@629037 We can help with your Mac. DM a screenshot of what you're seeing to get started. https://t.co/GDrqU22YpT
1870108,@115858 the IOS 11 update slowed my iPhone 8 down fam. Imma need y’all to fix that in like 30-45 minutes. Good lookin 👌,@558534 That's not how we want your new iPhone to be working. Meet us in DM with some more details and we'll go from there. https://t.co/GDrqU22YpT
2051226,"@115858 fucking stop w/atrocious IOS updates, battery dies in 20 secs, fucks up my keyboard, I end up just turning off all the new stuff",@606608 Send us a DM and let us know exactly when you updated to iOS 11.0.2: https://t.co/80YRnjDFDk We'll do our best to help. https://t.co/GDrqU22YpT
2565817,Help @AppleSupport @115858  !! J'arrive pas à déverrouiller mon iPhone X 😢😢 là j'écris ce tweet avec le téléphone de mon voisin ! Que faire ?? https://t.co/na4kVFACF6,@484125 We offer support via Twitter in English. Contact us for help in your preferred language here: https://t.co/IBIY3vMgPj
2061784,"@AppleSupport Ever since updating to iOS 11 I can no longer take screenshots that don’t come out blank, and my Snapchat freezes often.",@575141 Let's take a look at these things together. Have you restarted since you noticed that the screenshots are blank? Let us know in DM. https://t.co/GDrqU22YpT
2476102,"Didn't update my ios after the ios 11.0 update because I don't trust @115858 but now my Siri is getting slow af, barely responds or understands anything. It's better to do it manually than actually ask Siri to do it because it takes forever!","@707811 We can help out with Siri, but we will need to upate to the latest version of the iOS.  It will help us isolate the issue further."
2652664,@AppleSupport Closes as soon as I try to open it.,"@301936 Got it, thanks. Since the update has a normal restart of your iPhone been completed? If not, go ahead and restart now and let us know the results."
2143973,hey @115858 why does my battery go from 92 to 74 in five mins???? fix this fam,"@170998 That's not expected behavior. Let's figure out what's causing this. Which iPhone do you have, and what's the iOS version?"
1597329,I’m seeing mad question marks @AppleSupport,@490690 Check out this article and DM us if you have questions: https://t.co/xU1AGHStV6 https://t.co/GDrqU22YpT
2047593,"@AppleSupport are you aware update iOS 11.0.1 still can’t make calls? (uk, iPhone 7 +) ?","@605545 We'd love to help you out! If you have a backup already, update to iOS 11.0.2 and let us know if that helps by sending a DM. https://t.co/GDrqU22YpT"
1583855,I am trying to change the app store country but I couldn’t.. can you help me with that please ..@AppleSupport https://t.co/wuTzzXSXJs,@487422 We'd like to see how we can help. The steps provided here can get us started: https://t.co/Ps98mtDxy0
289976,"My battery went from 74% to 41% from doing nothing! In a matter of 12 minutes...
I hate this new update @AppleSupport",@185075 We can help. Try these steps and if you still have issues let us know what device you're using in a DM: https://t.co/bivpdfBNJ6 https://t.co/GDrqU22YpT
1641289,i️ also hate my phone for not working &amp; changing i’s to boxes @115858 needs to get it together,@501765 Here’s what you can do to work around the issue until it’s fixed in a future software update: https://t.co/xXaXeeSRt9
1626217,If my iPhone glitches out one more time because of this damn update.... 👿🙄😾 @115858,@497969 We'd like to help. Please let us know in DM if you're experiencing this while using a particular app. https://t.co/GDrqU22YpT
2850873,@AppleSupport fix you’re stupid fucking auto correct system.,@684957 We want to help. What seems to be happening? https://t.co/GDrqU22YpT
2297321,@AppleSupport this High Sierra upgrade has rendered my computer useless and now I can’t get back in touch with support! Grrrrr,@203399 Thanks for reaching out! We can understand wanting to get your computer back up and running again. Let us know what kind of issues you’re having with the computer in DM. We’ll continue working with you there. https://t.co/GDrqU22YpT
2410147,@ATT and @115858 GOT SOME EXPLAINING TO DO 😭😭 #upset #SICCUD I ordered my phone before my cousin and one of my friends! My cousin got hers and my friend’s phone done been shipped!!!,"@692955 We’d like to look into this with you a bit further. How did you go about ordering the device? Let us know in DM, and we’ll keep working with you there. https://t.co/GDrqU22YpT"
1149944,@AppleSupport When I first updated to iOS 11. Every time.,@390603 Let's look into this a bit closer. Join us in DM using this link: https://t.co/GDrqU22YpT
1517857,Like I updated my phone. And why am I still seeing weird boxes ? @115858,@472154 Let’s look into this for you. Send us a DM with more details and we'll go from there. https://t.co/GDrqU22YpT
881152,@AppleSupport 11.0.3 on the iPhone SE!,@329228 Are other music apps working when you use them from the Control Center?
2646296,"@AppleSupport, the new update for the iPhone is killing my battery extremely fast &amp; my chargers are dying, it is very frustrating!! Please fix this!!! #iphone #iphone6s",@746618 We'd like to investigate what's causing the battery drain with you. DM us which iPhone and iOS version you're using and we'll get started. You can see the version by going to Settings &gt; General &gt; About &gt; Version. https://t.co/GDrqU22YpT
2831779,"Waited ages to update my iOS for my 6s, since I have, it constantly freezes &amp; some apps just don’t open at all. Poor show @AppleSupport",@788449 We are here to help. Let's take a look at this for you. DM us which apps are freezing and we can take a look at this for you. https://t.co/GDrqU22YpT
323879,"@AppleSupport I have to restart it just because the phone is non responsive, it happens for all apps, even playing music it stops and freezes everything",@193149 Got it. Let's dig into this a little deeper. DM us and we'll continue working with you there. https://t.co/GDrqU22YpT
1339784,@AppleSupport how long for my pre order to process? I already have the order number but my car has yet to show a salezzzzr,@432504 Thank you for reaching out to us. We'd like to get you in touch with our Sales Support. See this link: https://t.co/RmFSlCBcIE
2957123,"@AppleSupport if I purchase a 4K Movie from @6575, will I be able to watch it in 4K on my 5K iMac? Thank you!","@710024 Yes, there is no problem watching HD content on your iMac."
1058134,@AppleSupport your shitty new update got me blacklisted from Domino’s because I couldn’t reliably recieve calls. Hot fix when?,@369827 We're here to help. Let's take this to DM so we can better assist you https://t.co/GDrqU22YpT
877377,"@AppleSupport 
I bought a new iPhone and tried these steps 
https://t.co/T1Naem325L 
to install Facetime but does NOT work. 
Plz help.",@174834 Thanks for reaching out. May we ask where you're located? Let us know in DM. https://t.co/GDrqU22YpT
1579733,What is up with these question mark boxes? Fix this @115858,@486422 Thanks for reaching out. Follow the steps in this article regarding this issue: https://t.co/xXaXeeSRt9
486180,"@AppleSupport hello, my family member have troubles since (monday) have updated my credit card expiration date. Can you help me? thx!",@230667 Of course! We'd be happy to help guide you in getting your payment information updated. Check out this article that provides a few ways to do so: https://t.co/Y0YoIRcZa7 Let us know if that helps.
546678,"@AppleSupport Hi! Thanks for getting back to me.  Not on beta, downloaded the GM when it went live overnight","@20653 Hi. Send us a DM, and we’ll take a look into this. https://t.co/GDrqU22YpT"
1949281,@AppleSupport is 128 GB iPhone 7 not enough to hold call list for few days. Why iOS update 11.03 does not wrk. #hangtheiphone,"@579085 Hey, we want to learn more about what's going on with your iPhone. Meet us in DM and we'll go from there. https://t.co/GDrqU22YpT"
1657815,when i updated my phone to ios 11.1 my phone become so hot and slowly to move the app fix this please @115858,@505827 We'd be happy to look into this with you. DM us so we can get started. https://t.co/GDrqU22YpT
2534860,"@AppleSupport wie lang soll mich dieser #Tippfehler noch nerven? Noch schlimmer ist es eigtl. nur noch, wenn #Siri versucht das auszusprechen. https://t.co/mMxr5ZP1or",@721221 We offer support via Twitter in English. Contact us for help in your preferred language here: https://t.co/IBIY3vMgPj
1508062,@AppleSupport what’s it gonna take for you to fix the bug where I can’t type the letter “i” without a problem??,@470022 We want to look into what’s going on. DM us your device and OS version and we’ll continue there: https://t.co/GDrqU22YpT
1659244,"@AppleSupport 5S, 11.0.03 was installed on Saturday night","@506237 Re: The Podcasts app, you'll want to leave feedback here: https://t.co/eTPVYVX94G  Re: the battery, we'll need to get to DM: https://t.co/GDrqU2kzhr"
2036674,"Ever since I updated to IOS11 my iPhone 6s messes up. Slow, all the apps crash. @AppleSupport @115858 are u trying to make me buy a new phone","@602158 Hey, we can work with you to see what's going on with your iPhone. DM us the exact iOS version and we'll go from there. https://t.co/GDrqU22YpT"
2303203,@AppleSupport i have to turn in my phone for a trade in policy but i can’t reset it because of a restrictions passcode that i don’t know,"@668319 We can help with that. You'll need to restore the iPhone through iTunes on a computer. First, be sure to sign out of iCloud to disable the Activation Lock in Settings &gt; your name. Then restore. Restore your iPhone to factory settings: https://t.co/swvuDDNFQT"
2032238,@AppleSupport How do I keep my Apple Calendar synchronized with Google calendar?,@600937 We’ll need to gather a few more details to better assist. Let us know which device you’re using in DM to proceed. https://t.co/GDrqU22YpT
2289043,@AppleSupport i noticed that my iphone memory is almost full because it’s been saving a misterious system data. Can I delete this somehow? I need more memory https://t.co/vlXNis508z,@665016 We're more than happy to look at your iPhone storage with you. DM us which iPhone model you've got: https://t.co/GDrqU22YpT
1012964,"@AppleSupport It is already 4 time it freezes. Nor do I put the problems of the applications that it is with the applications, but the same IOS.",@359700 Can you let us know which version of iOS 11 you're running? You can check from Settings &gt; General &gt; About.
2015696,"@AppleSupport why is everyone I's turning into ?,? Please fix it.🙂",@596055 Thanks for reaching out. We have a workaround for this here: https://t.co/xXaXeeSRt9 DM us if you still need help. https://t.co/GDrqU22YpT
2683938,"Hey @115858, 
Since I updated to iOS 11 my battery drains as fast as my niece eating a Mars chocolate bar. 😳",@754887 We can help! Which device and version of iOS 11 is it happening with? Reply in DM to get started. https://t.co/GDrqU22YpT
867496,Wtf @115858 https://t.co/dZzSZWJF3w,@325988 Does the keyboard appear on every screen? DM us using the link below. We'll work from there. https://t.co/GDrqU22YpT
1625010,@AppleSupport This doesnt help when I am trying to read content. Please send out a fix asap.,@497665 We understand. Please meet us in DM to continue. https://t.co/GDrqU22YpT
858419,.@115858 why are my phone contacts a little messed up after your updates? Contacts now showing in messages as “Maybe: xxxx” #SortItOut,"@323841 Let’s see what’s causing this. To begin, which iOS 11 version are you using? 11.0.2 is the current version."
766838,@AppleSupport   Look the isso using the new sustém https://t.co/JHCPlgdHTu,@303266 We are here to help. DM us your current iOS version and we can take a look at this for you. https://t.co/GDrqU22YpT
2914647,"@AppleSupport 10.12.6, and it persists after reboots and signing out and back into iMessage.","@447511 Does it occur while connected to different networks as well? Also, does this happen with certain contacts or multiple/all contacts?"
2901907,@AppleSupport 11.1.2 (15B202),@803777 Thank you for confirming that for us. Could you please send us a DM with what country you're located in so we can look into this further? https://t.co/GDrqU22YpT
1932830,"My iPhone automatically updated and suddenly ThiNGs aReN’T WORking 😱😑
 I hate you @115858",@575163 We're here to help. Let's take this to DM so we can better assist you. https://t.co/GDrqU22YpT
1500789,When the @115858 specialist gives your replacement watch to someone else and doesn’t offer a solution #notgoodenough,@468434 Let's look into this together. Here's a link to DM us. https://t.co/GDrqU22YpT
2284488,@115858 @AppleSupport Screenshot attached ☹️ https://t.co/D5plXYNFcr,@306593 We'll be happy to get you pointed in the right direction on this. Let's continue chatting about this via DM. https://t.co/GDrqU22YpT
1989468,My Applewatch won’t stop talking and keeps saying ‘buzzing’!!! I cant stop it and Mickey Mouse just told me the time... @AppleSupport Help!,"@588769 We understand your concern with your Apple Watch. Let's work together. To start, please DM us which watchOS is installed. https://t.co/GDrqU22YpT"
1387630,@AppleSupport Sadly not. There's no stock online. Only a couple of stores. Seems it was popular.,@442862 Best of luck to you!
2893320,HELP! my iphone 5 updated last night and now it has a mind of it's own and randomly sends messages or tweets mid typing. What do I do. #help #apple #iphone @AppleSupport,"@744415 We'd like to look into what's happening with your iPhone 5. Which update was installed? This is available in Settings &gt; General &gt; About. It sounds like the issue may be with the keyboard, have you noticed any issues when typing in Notes or Safari?"
1350510,@AppleSupport my iPhone 7 is 5 months old and it's already dying on me at 15%. What's this BS,@434901 We understand how important your battery life is. We can help! Send us a DM and we'll look into this further. https://t.co/GDrqU22YpT
1857286,this usually happens for screen recording instagram lives - help @115858,"@555421 We'd like to see if we can help. DM us the iOS version your iPhone is running, and we'll go from there. https://t.co/GDrqU22YpT"
1750374,This “I️” issue on new iOS update needs to stop 🤯 @115858 having to constantly correct the autocorrect in emails from iPhone is not cool 👎🏼,@527494 Here’s what you can do to work around the issue until it’s fixed in a future software update: https://t.co/xXaXeeSRt9
2281249,@663125 @115858 Lmao but the new update is messing up my phone 😤,@663124 This is not the experience we want for you. We'd be happy to assist with any issues you're experiencing. Provide us some details and we can begin from there.
1656558,@115858 so are y’all gonna fix how when I type “I️t” this happens... I️t,@505489 Here’s what you can do to work around the issue until it’s fixed in a future software update: https://t.co/xXaXeeSRt9
2374393,"@115725 @VerizonSupport @AppleSupport @115858 I’m about to order the iPhone X, when will it be available because I don’t want to wait, I’ll pay extra","@684947 Thanks for reaching out! Please contact our Online Sales Support Team here:
 https://t.co/8yjRd1Xo0i
They will be able to assist you further with any questions you have about the purchase."
1062180,@AppleSupport hi 11.03 it’s everything really it takes forever for my emails to load and is just really slow:(,@370792 Let's take a closer look at your issue. Reach out via DM using the link below. https://t.co/GDrqU2kzhr
2860061,The new iOS update sucks. My battery life on the 7+ has been fine for a year. Now all of the sudden it drains and I’m missing texts. Droid users laughing at us now. Sad! @115858,@794757 We'd be glad to assist on this. Are you having issues with iOS 11 beyond the battery drain? How long ago was it updated? Let us know in DM. https://t.co/GDrqU22YpT
1622340,@AppleSupport Turning it off in settings,@116382 Thanks for letting us know. Which iOS version is your device currently running?
1151815,"@AppleSupport I really feel like im back to using android with all its slow performance, lagging and freezing … I’m extremely upset and frustrated",@391053 We'd be happy to help out the best we can. Let's meet in DM. https://t.co/GDrqU22YpT
40534,@AppleSupport Tried that too.Didn't work.,@124894 Thanks for trying. Please send us a DM and we'll continue this conversation there. https://t.co/GDrqU22YpT
660485,@AppleSupport Lol it’s all my apps,@277330 Let's talk and check a few things together in a DM. Please tap here and we'll get started: https://t.co/GDrqU22YpT
1742592,Okay you need to fix this I️ issue now @115858,@525657 Here’s what you can do to work around the issue until it’s fixed in a future software update: https://t.co/xXaXeeSRt9
6829,"@AppleSupport Since i updated to ios11 my iphone 6s, it is much slower",@716131 Thanks for reaching out to us. We are always happy to help. Send us a DM so we can look into this together. https://t.co/GDrqU22YpT
1795516,"iphone 7 ios 11 frozen, wont restart either... just literally draining battery now so it would power off... @115858",@539531 Hello. We're here to help. Have you tried the steps here: https://t.co/8MvHMFZ83h Let us know if this helps. https://t.co/GDrqU22YpT
1984081,@115858 @AppleSupport can y’all fix this 🙄. https://t.co/uYnzGP9nI2,@587288 Helping you enjoy a smoother experience with your iPhone is a top priority. Follow us to DM to get started. https://t.co/GDrqU22YpT
2296290,@115858 how can my phone be plugged in and charging and still loose it’s battery at the same time. Another reason I’m about done with iPhones,"@666703 We'd love to look into this with you and figure out why this is happening. Are you using an Apple cable and power adapter? Have you tried another wall outlet? Also, which iPhone do you have, and what's the iOS version it's running?"
1706934,@AppleSupport my iPhone has been stuck on this for ages now. Any idea why it’s not updating https://t.co/uGIQ8p08CG,@517294 We're happy to help. Which iPhone are you using? Thanks.
1065247,"@AppleSupport AOL Email, Facebook, Twitter, MyFitnessPal, sky news, bbc news, snapchat, Instagram, WhatsApp, Timehop, Wales online, capital one, imdb",@202820 DM us and we can look into this together. https://t.co/GDrqU22YpT
1990899,what is wrong with the letter “i” ? @AppleSupport @115858 watchu got going on ?,@589207 We're happy to help out. Send us a DM with your iPhone model and current iOS version from Settings &gt; General &gt; About &gt; Version. https://t.co/GDrqU22YpT
512548,Psssst @115858 @AppleSupport it would be really cool if iPad Pro would play nice with 4K 60P from @4263 drones. It seems like a thing it should already do. Make it so.,"@237882 We've got a great website where you can leave your suggestions, and let your voice be heard: https://t.co/eTPVYVFyd8"
1640821,Um hey @AppleSupport @115858 can you please fix this annoying af autocorrect with the new update?? I can’t type I 😐,@330092 Here’s what you can do to work around the issue until it’s fixed in a future software update: https://t.co/xXaXeeSRt9
336599,"@AppleSupport Updated my software yesterday, and my battery drained overnight which it NEVER does - what the heck did you do to my phone??",@196308 We want to help with your battery. Look here for a few tips: https://t.co/bivpdfBNJ6  DM us if you're still having trouble. https://t.co/GDrqU22YpT
1201986,Are @115858 TV 4 remotes repairable? @AppleSupport,@402412 Thanks for reaching out. Out Apple TV Support Team are able to assist you here: https://t.co/1OxnSOXiWG
312843,@AppleSupport I'm done with ur products! Had this crapple iPhone 6s since feb &amp; battery drains so fast! I'm over it😡 3rd 1 in 16 months!,@190710 We're here for you. DM us a bit more about what is going on and we can go from there together. https://t.co/GDrqU22YpT
2005230,Yo @115858 fix this shit I️,@592985 We're happy to help. Try the steps here: https://t.co/xU1AGHStV6 Still need help? DM us with the link below. https://t.co/GDrqU22YpT
152807,@AppleSupport Hi I still have the problem and no solution found,@150950 Please meet us in DM to continue working on your case. https://t.co/GDrqU22YpT
2253534,@AppleSupport Yes I did that this afternoon. All up to date,"@656470 Great. So, let's get this sorted out. Join us in DM so we can better assist you: https://t.co/GDrqU22YpT"
2082474,"I considered Apple Pencil to be the worst product among all @115858 products, because of its design. iOS 11 is the new topper now.",@615877 We’re happy to help with any complications you’re facing. Could you let us know more details via a DM? We’ll go from there. https://t.co/GDrqU22YpT
2036892,@115858 when are y’all going to fix this problem,@602224 We'd be happy to help with any Apple issues. Please join us here in a DM to discuss what issues you've been experiencing: https://t.co/GDrqU22YpT
332105,@AppleSupport WTF is up with #iOS 11.0.2 that I can’t save pics from mail to my photos file?? Gone again!! https://t.co/3Y3JXa36U6,"@195071 Let's take a look at this. Please send us a DM, so wee can investigate further. https://t.co/GDrqU22YpT"
245232,@115858 a new bug in ur iOS 11 the wifi does not turn of now from ur control centre u have to use the settings why nothing after jobs ✊️✊️✊️,"@174218 Thank you. In iOS 11, you can turn Wi-Fi off completely under Settings. This article can help you: https://t.co/vzVz37YMv0"
2741943,Hi @AppleSupport i'm having problems (again) with your ever-bugging iTunes software. plz help,@768076 We want to help! What model of device are you having issues with? DM us and tell us more about the problems you are having. https://t.co/GDrqU22YpT
2279161,@AppleSupport get ya shit together first the letter I bug and now w that fix the phones freeze? Ima switch to Samsung soon 🙄,"@662645 We want you to be able to use your iPhone as you expect to. Is your iPhone freezing while using a particular app, or does this happen randomly? Also, is your current software version iOS 11.1.1?"
869481,@AppleSupport 😠ios11 I'm always charging the battery. Fix this urgently,@123833 We want to look into your battery life issue with you. DM us details using the link below. https://t.co/GDrqU22YpT
793976,"@115858 nothing but issues since upgrading my 6S to iOS 11...particularly audio, cant even control music with watch #QAFail #NotCool https://t.co/FwW6xoP4W2",@309311 We're for you and happy to help. Have you restarted both devices since this started?
2627750,@AppleSupport Yes I restarted it. I've done all I know to do but the screen is still not working.,@742176 What country or region are you currently located in? This will help us provide the best support options. Let us know via DM. https://t.co/GDrqU22YpT
1515372,"@AppleSupport can you point me to your policy on gift returns? Is it 14 days from purchase, or 14 days from when gift received?","@471580 Thanks for asking, we can certainly help you find this info. It's available right here: https://t.co/p9YvE0HdmK"
711657,"@AppleSupport If a 4K video on iTunes is Dolby Vision, does that mean it supports HDR10 as well? I have a TV that is HDR10 but not DV.",@290192 Great question! Look for the HDR tag for HDR10 support: https://t.co/K0JFxd39ox For more help connect here: https://t.co/SDIe7UiyJN
2015630,@115858 bring the update fam i’m tired of this i️,@596029 Thanks for reaching out. We have a workaround for this here: https://t.co/xXaXeeSRt9 DM us if you still need help. https://t.co/GDrqU22YpT
2562353,"@AppleSupport While I'm at it, how do I relocate my iTunes? It's on my desktop computer and to move every song then start a new iTunes just to have it elsewhere is traumatizing to think about!","@727169 Another great question! To better answer this question, we need to know if you're trying to move the entire thing to a new computer or if you're trying to share the library between two computers."
1326099,Just had my iPhone 6s plus battery gone from 50% to 20% in 5 minutes.. ios 11 is shite. @115858 Sort this shit asap!,@429416 We're happy to look in your battery concerns. Reach out to us in a DM and we will continue there. https://t.co/GDrqU22YpT
1527743,@AppleSupport Nevermind… It was a hardware issue. The Apple Store fixed it. Thanks!!,@202477 We're glad the Apple Store was able to resolve your issue. DM us any other questions. Have a great night. https://t.co/GDrqU22YpT
2112948,What is this? It’s driving me nuts. #iphonex #ios @AppleSupport ?? @115858 ?? #softwaregore https://t.co/6ZV3zSmm0q,@623078  Here’s what you can do to work around the issue until it’s fixed in a future software update: https://t.co/xXaXeeSRt9
2040196,@AppleSupport i️m going to rage quit my phone if y’all don’t fix this “i️“ business. i️ TRIED the keyboard preset method and it didn’t work. my screen is already v cracked i️ can’t afford anymore damage from throwing it out of anger. pls help.,@603249 Thank you for letting us know. Please DM us which iPhone and iOS version you're currently using and we'll continue from there. https://t.co/GDrqU22YpT
2771852,"@115858 @AppleSupport had submitted my iphone 7plus on 6th nov. service centre promised me to give a new iphone after checking the fault. now they say that they dont have stock. it is more than 15 days. Job no SOBO61117402575
pls resolve the issue asap.",@774802 We know how important it is to have your iPhone back to you. Let's chat over in Direct Message so we can gather some additional details to look into this with you. https://t.co/GDrqU22YpT
1458765,My new phone is on the way. Does it come with a new T-mobile SIM card or do I put the one from my 7 plus in it @AppleSupport?,@144337 Your new device should come with a SIM card in the box. Let us know if you have any other questions.
1895897,@AppleSupport my battery jumps in large gaps &amp; phone dies. ie: it jumps from 56% to 18% within 20mins then 18% to 5 4 3 2 1 dead in 2mins.,"@565080 We'd like to team up with you on this. To get started, DM us the iOS version your iPhone is running. We'll meet you there. https://t.co/GDrqU22YpT"
90619,"@AppleSupport Yes, it's on.
No, I'm signed in.",@135614 Let's move over to DM to work on resolving the issue further. https://t.co/GDrqU22YpT
1760164,I️ am sooo annoyed w this @115858 iPhone glitch 🙄,@529768 Here’s what you can do to work around the issue until it’s fixed in a future software update: https://t.co/uQeXsrrlXJ
644385,@AppleSupport All apps are lagging and phone calls are silent. No sounds at all,"@272954 We want you to be able to rely on your iPhone. First, let's tackle your calls. Are you unable to hear or be heard on calls?"
1641217,WHY AM I STILL SEEING BOXES WITH QUESTION MARKS @AppleSupport,@141845 Here’s what you can do to work around the issue until it’s fixed in a future software update: https://t.co/xXaXeeSRt9 https://t.co/GDrqU22YpT
2834329,@AppleSupport Bought iPhone 6s but battery is not working properly.kindly help.,@788994 We'd like to look into any issues you're having. Please DM us more about what's occurred with your battery. https://t.co/GDrqU22YpT
2271616,My phone won’t charge over 83% @115858,"@270089 Are you using the original Apple charger? Are you plugging your phone in to a wall outlet, or some other power source? These questions should give us a great start to resolve the issue with you."
38861,My alarm never went off this morning and I have no idea why @AppleSupport help,@124480 We want you to be able to wake up on time. Is this the first time this happened?
1886292,#iTunes is getting on my nerves..how many times you gonna #crash tonight?! @115858 please #help your #programs on @116230,"@562595 We'd like to see if we can help get iTunes running as expected. DM us with more information, and we'll get started. https://t.co/GDrqU22YpT"
1101052,.@AppleSupport I got a duplicate group message and it’s sending messages in both even when I leave and get added back I’m using my phone #,@379774 We can certainly take a look into this issue and work towards a resolution. To help us out may we get the iOS version on the iPhone?
2143338,"When is @115858 gonna get their shit together and sort out this txt problem? I know you have a new product on the market, but keep sabotaging your customers like this and I’m going elsewhere",@630156 Here’s what you can do to work around the issue until it’s fixed in a future software update: https://t.co/xXaXeeSRt9
2942206,@812883 Will apple ever fix the I️ problem? @AppleSupport,"@254397 We've got your back. An update has been released to assist with this issue. If you haven’t yet, please back up your device and update it to the latest version iOS 11.1.2. For more info, check out: https://t.co/xXaXeeSRt9"
1474837,I think my iPhone knows that the X is coming out because it's tweaking...What is this @AppleSupport? https://t.co/INiuis4NRu,@462377 Let's help. DM us some further details on what is going on and we can go from there. https://t.co/GDrqU22YpT
2435760,"@115858 why is the keyboard become weird looking during landscape mode in iOS 11.0.3?where are the shortcuts i.e. cut,paste,etc that use to be at the empty area?the empty area also can be accidentally typed in a confusing manner. https://t.co/UasECUeGhn","@698846 Meet us in DM, then we can take a look at this with you from there. https://t.co/GDrqU22YpT"
498638,@AppleSupport I set it up with a email that i made up just for the ipad but can not remember what that email was in how to get id it says need to enter email which a cant as i do not remember what it is thats my problem,"@234039 We value privacy and security, for further assistance, please reach out to us here:   https://t.co/IBIY3vMgPj"
2307257,So my iCloud iTunes Library isn't working @AppleSupport,@669325 Let's work on this together. Tell us what is happening with your iCloud Music Library.
2685400,@AppleSupport 11.03 but I️ see there’s an update available for 11.1,"@755227 That's right! The newest update was just released, so we advise backing up and updating. Here's a guide: https://t.co/ahjigcvFRG"
2558686,@AppleSupport Version 11.1.1 &amp; my MacBook is updated w/ the most recent High Sierra. I’ve made an appt w/ Genius Bar close 2 me but wanted 2 see if this was happening 2 anyone else.,@726361 Let's move over to DM to continue looking into this. https://t.co/GDrqU22YpT
520234,help @115858 @applesupport https://t.co/yLLV6mja1q,"@240067 You're in the right place, and we'll do all we can to help. To get started, let us know what macOS version is being used via DM. We'll continue from there: https://t.co/GDrqU2kzhr"
855428,@AppleSupport I may have got number wrong - done the latest. Msgs re no storage but have upgraded there too. Texts not working either.,@323158 Let us help you get this sorted out. Join us in DM so we may better assist you: https://t.co/GDrqU22YpT
1859707,@118721 @115858 @118936  please can someone help me?! I've received a really strange email and now im worried,@555992 We’re glad you reached out. We’d be happy to help! Please let us know more about the email in DM. We’ll continue there. https://t.co/GDrqU22YpT
824755,Apple pay on Apple watch never work!!! Horrible!!! How could you design this?!!! Horrible!!!  @115858,@316425 We'd like to help. Does this happen at a certain location or all locations? Which watchOS is installed?
40485,@AppleSupport is de update 4.2 niet voor de Apple watch 1?,@124879 We offer support via Twitter in English. Contact us for help in your preferred language here: https://t.co/IBIY3vMgPj
1924442,@applesupport does Apple still offer $80 battery replacements for iPhone’s out of warranty????,@572821 We'd be glad to verify some options for your phone. Please DM us so we can get some info to help us confirm what's available. https://t.co/GDrqU22YpT
345134,@AppleSupport why doesn’t my phone automatically lock anymore? I’ve double checked the settings and I have it set to lock after a minute,"@198109 Does this occur when using a specific app or any? Also, which iOS is this occurring on? Let us know, we'd like to help."
872679,@AppleSupport Yes it's actually the whole bottom part of my screen,"@327179 Great information. Follow the steps under, ""If your display doesn't respond to touch"" in this article: https://t.co/kQXBriN504"
735912,@AppleSupport wanna make the next IOS 11 update to stop the random freezing and fix the sound issue? K thanks,@296028 We want to be sure you get the most out of your device's performance. Send us a DM and let us know what device you're using. https://t.co/GDrqU22YpT
1625367,"@AppleSupport i’m up to date, using 11.1","@497756 So we can gather more details, can you message us in DM? https://t.co/GDrqU22YpT"
2306195,@AppleSupport It seems to have fixed the issue. Props for the quick customer service,@669057 No problem and we're glad to hear it's fixed too! Just reach out if you need help again and have a good one.
2592257,@115858 @AppleSupport Downloaded the new update on my Mac Air and it wouldn't install. Kept giving me an error I now have lost everything years and years of stuff. I couldn't be more upset right now :( #disappointed #upset,@734148 We're here to help. Let's meet up in DM to figure out what happened and the next steps. https://t.co/GDrqU22YpT
2972475,"@AppleSupport It is an iPhone 6, IOS 11.1.2
It started somewhere around 4pm, I've tried restarting the phone, erased the content, and I tried logging into iCloud online (but that doesn't seem to work either?)","@819837 Great steps so far! When you said you erased content, what did you mean by that exactly?

Also, what happens when you try logging into the iCloud website from a computer? https://t.co/MdGttkkFL9"
2285375,@AppleSupport None of these helped.,@195267 Let's meet in DM so we can gather some specific information from your iPhone X. https://t.co/GDrqU22YpT
2210708,"Thank you @115858 for the error 9 defect. I met the most amazing person because of that. 👌🏾👌🏾👌🏾

BTW, gotten a fix yet?","@646154 We know how important it is to correct errors you're receiving. We do have an article that can help. Check out https://t.co/lMMVPdjGNN, for details. Please keep us posted on how it goes."
1714179,The letter I turning into I️ is a problem that @115858 needs to fix now,@519107 Here’s what you can do to work around the issue until it’s fixed in a future software update: https://t.co/xXaXeeSRt9
2484294,@AppleSupport 11.1.1,@709714 Are you getting any error messages? Is Bluetooth showing the devices or is Bluetooth grayed out?
2096217,@AppleSupport None of the #Galaxies convinced me 2 change my iPhone. Ur last 2 updates r doin just that! Fix the damn 🐜s,@619298 Reach out to us via DM and let us know what is happening with your iPhone so we can help get you back up and running. https://t.co/GDrqU22YpT
595775,@AppleSupport hi i have query regarding iphone X can you please connect with me via DM,@261174 We have received your DM and will respond there shortly. Thank you.
1054194,I’ve had to enable this setting over 10 times today @AppleSupport,@369073 We can help. Reach out to our team that can assist with content issues like this:  https://t.co/SDIe7UiyJN
1773215,@AppleSupport Tell me how to roll back the last major update to my phone. It worked back then,@317397 We'd like to point you in the right direction. Join us in DM. https://t.co/GDrqU22YpT
2517140,"@115858 never been so frustrated with your updated iSO 11 until now! Can’t play music while on other apps. (Snapchat) my “I” problem, Siri doesn’t work, my voice to text doesn’t either. Phone gets stuck, buffering, on apps, then shuts off. Galaxy where you at?","@717031 We want you to be able to enjoy using your iPhone, so we’ll partner with you to address all of these issues. To be sure we’re on the same page, is your iPhone currently running iOS version 11.1.1?"
1890487,"@AppleSupport &gt; use the letter p, number 0,  delete button or upper right corner of my screen. Update said it would solve this for 6s. WTF",@563774 We'd love to look into addressing these concerns with you. Send us a DM and we can look into this with you from there. https://t.co/GDrqU22YpT
1615374,I updated my phone thinking that would fix the question marks problem but NOPE. Come on @115858 @AppleSupport,@495436 We're here for you. Tell us a bit more about the issue you're experiencing via DM. We'll go from there. https://t.co/GDrqU22YpT
2740754,"I-Phone &amp; Mac Book chargers have packed in today, both less than 6 months old.....Any chance @115858 😞😤",@767810 You're in the right place for help. Select the following link to join us in a DM and let us know more about what happened with the chargers. https://t.co/GDrqU22YpT
813370,"Hey @115858 , there seems to be some bug in the IOS 11.0.3 upgrade...I have lost my entire iBook’s collection on my iPad...how do I retrieve?","@313818 Your library is important to you; we'll do all we can to help. To start, please connect with us in DM: https://t.co/GDrqU22YpT"
1427636,Anyone else think this new iPhone update is slowing down their phone? @115858,"@451630 We’d love to help with the performance of your iPhone. To start, send us a DM confirming the iOS version you are using. https://t.co/GDrqU22YpT"
2051459,Hey @AppleSupport #iOS11 SUCKS bc it won’t recognize whenever I’m playing music from Spotify. FIX. IT!!!,@606675 We can definitely look into this with you. Send us a DM and let us know what's happening with Spotify specifically. https://t.co/GDrqU2kzhr
866651,Devolvedme mi batería @AppleSupport,@325785 We offer support via Twitter in English. Get help in Spanish here: https://t.co/IBIY3vMgPj or join https://t.co/OczyRx7IOs
1166739,"@115858 Worst customer service ever. Ignorance for Canada and its laws. Unbelievably painful experience. Apple, you’re doing it wrong.",@394440 We'd like to know more about the issue you're experiencing. Meet us in DM with additional details to get started: https://t.co/GDrqU22YpT
1772827,Trying to add an email account andddd I️ cannot find the option in my settings anymore @AppleSupport wasssupp?,@532823 We're glad to hear you were able to find it. Don't hesitate to reach out to us if we can be of any help in the future.
1985039,@AppleSupport Hey again I️ I️ I️ I️ WTF IS THIS,@587576 Thanks for reaching out to us for support. We would love to help you. Please DM us so that we can troubleshoot together. https://t.co/GDrqU22YpT
2284445,@AppleSupport when are you gonna fix the I️ ?,"@663854  We recently released an iOS update, 11.1.1, that contains a fix for autocorrect issues. Let’s be sure to back up your device prior to updating. How to back up: https://t.co/4f8hwT5to6"
559133,@115858 Sierra update  just lock my computer out.  On a cruise ship unable to perform. Making me want to PC #badapple https://t.co/r2hzErWaoT,@228358 Hello. We understand it's important for you to be able to use your Mac. Let us help. Check out this article for help when you see the prohibitory symbol at startup: https://t.co/KKHbRRkCpI Let us know if this helps.
1344609,It’s bad enough to be a goofball wearing TWO airpods but now I have to be a goofball wearing ONE airpod @115858 help,"@229524 Let us know via DM which country you are in, then we'll be happy to help out from there https://t.co/GDrqU22YpT"
2077429,@AppleSupport this 11.0.2 Update sucks. My phone is for work and it’s just completely problematic at this time. Really disappointed 😔👎🏻,@210987 Thank you for reaching out to us. We know how important your iPhone is to you. Let's work together to resolve this. DM us. https://t.co/GDrqU22YpT
1915370,iOS 11 is garbage 🤦🏽‍♂️ battery lasts like 2hrs. @115858 fix it.,"@570517 We'd be happy to look this over with you. Please meet us in DM so we may gather information, and better assist. https://t.co/GDrqU22YpT"
2704222,I’ve had my phone not even two months and it black screened and won’t work. Your products are dog shit @115858,@464804 That's never the experience we want you to have. Which iPhone are you seeing this on? https://t.co/GDrqU22YpT
2775936,Went for a walk w/ a fully charged iPhone battery for it to die 25 min later. Would love to switch to a new phone but can’t find any I tend to like. Hate how chained to @115858 I am at times. Makes me miss the Sidekick! That thing was awesome.,"@775658 We know how important battery life is, and we’d like to help out. To start, can you tell us the iOS version your iPhone is running currently? This info can be found in Settings &gt; General &gt; About."
2109714,@115858 #iphone making everyone fail spelling #A? Where is my “I️”! #AppleNews,@601420 Here’s what you can do to work around the issue until it’s fixed in a future software update: https://t.co/xXaXeeSRt9
1420112,"@450136 @115858 Sou usuário há anos , acredito que isso é um BUG mesmo não trata de obsolescência forçada, ela @115858 é amante da prática mas não assim","@450135 Since our Twitter support is available in English, get help at https://t.co/IBIY3vMgPj or join https://t.co/pvaOFfPbjt"
511110,Hey @AppleSupport @118721 @115858 what is going on with the itunes movie store ? https://t.co/IgCb9hKxGy,"@237469 You’ve come to the right place today and we’d love to help. To begin, have you tried restarting? If not, let’s give that a try and let us know the results. We’ll be here for you."
1497355,"@115858 @AppleSupport  need help
Twice in 3 months after purchasing have an issue with heating&amp; frm last one day Only showing apple logo,,,😈",@467655 We'd love to help. Please get in touch with us in DM so we can look into this further. https://t.co/GDrqU22YpT
2205940,Seriously @115858 my phone has become a piece of crap since this last update https://t.co/bD0fZKBR16,@254282 We'd like to help if you're having problems with your iPhone. DM us some details about what you've been experiencing. https://t.co/GDrqU22YpT
2838666,@AppleSupport My iPhone X screen becomes unresponsive for 30-45min if my phone is exposed to temps under 45° for even 5 min. The phone is supposed to operate from -4° to 113°. This is extremly frustrating because I live in NYC &amp; walk everywhere I go so this is a daily occurrence. https://t.co/zIKmvE9lbk,@477146 That's unexpected. We'd be happy to help. Which iOS version are you using? You can check in Settings &gt; General &gt; About.
260850,"@AppleSupport The battery does not withstand, please correct",@178104 We want to help with your battery. Look here for a few tips: https://t.co/bivpdfBNJ6  DM us if you're still having trouble. https://t.co/GDrqU22YpT
944198,The new iPhone update has made my life a living hell. Songs literally just skip for no reason. I hate you @115858,@343880 We'd like to look into this. Please DM us. https://t.co/GDrqU22YpT
1970959,@AppleSupport 11.0.3,@583808 Thanks for the info. Try backing up and updating your iPhone: https://t.co/80YRnjDFDk DM us if this persists. https://t.co/GDrqU22YpT
1143587,"Dear peeps of Twitter, anyone knows what this is and what to do? 😢@AppleSupport @115858 https://t.co/h0jXpy0T8x",@389163 We'd be happy to look into this with you. Can you provide us which macOS is currently installed on your device?
2292798,@AppleSupport It's in iTunes. I'm not a member of either that I know of.,@665835 Got it. Let's confirm that iTunes is up-to-date. Check out this link for additional guidance: https://t.co/g2HM9lnith
1763,"@AppleSupport Thanks, thing is I still have like 81 cents in credit and won't let me do that until I have zero credit",@116100 Try contacting our iTunes Store team here for more help: https://t.co/SDIe7UiyJN
2683904,why the FUCK aren’t my alarms going off @115858,"@754878 We rely on our alarms to keep us on task throughout the day. We want to make sure yours are working the way you need them to. We'll be happy to see how we can help. To start, which device and OS version are you experiencing this on?"
407101,@AppleSupport @115858 come on my 6s is mad slow now that I updated and it also says no internet when I’m clearly connected.such trash #iOS11,"@212031 Let's work together &amp; check this out. In Settings &gt; General &gt; About, are you on 11.0.2?"
1988386,@AppleSupport care to explain why my phone crashes every 30 minutes ever since I updated it?,@588511 Let’s team up to get this addressed. Does your iPhone become completely unresponsive when it crashes? Let us know in DM. https://t.co/GDrqU22YpT
1926392,@AppleSupport it’s super cool how I can no longer hear calls that I receive. Awesome.,@573318 We'd like to know more. Is the incoming call not producing an alert or is it the receiver that doesn't have sound? DM us. https://t.co/GDrqU22YpT
2355174,"@AppleSupport @193535 Updated to iOS 11.1.1, but, still can’t search and download apps from the App Store. It’s been over a month.",@680425 We'd like to look into this with you. What happens when you try to search for or download an app?
1291068,"Just the 13 hours of @115948 not working, but luckily I’m paying for it not to work, so that’s a bargain, isn’t it! @AppleSupport",@421916 We're happy to help. What happens when you try to use Apple Music? Let us know to continue.
1768889,If you guys could fix the “I” problem that’d be great. Thanks. @115858,@531816 Here’s what you can do to work around the issue until it’s fixed in a future software update: https://t.co/xXaXeeSRt9
1475440,"@AppleSupport i'm using my phone while charging, battery is going down however. Normally, the charging just slows down or plateaus...",@462524 Hi. We'd like to help. Does this happen with the cable that came with your iPhone? Let us know in DM. https://t.co/GDrqU22YpT
1417349,@AppleSupport I can’t get my volume control to turn down or mute. New update done and all suggestions. Now what?,@449431 We would like to help. Are you using earphones with your device? Let us know in DM. https://t.co/GDrqU22YpT
2434236,@AppleSupport Yes,"@698529 Thank you for clarifying. Does your iPhone have iOS 11 installed, or is an older version still in use?"
2199271,@AppleSupport I tried the itunes one but i got an error while downloading the update why?,"@643246 OK, what was the specific error message that you see when you attempt to update via iTunes?"
2831826,I DIDNT DROP 1K ON A PHONE FOR IT TO CHARGE 1% EVERYTHING 5 MINUTES HELLO @115858,@788463 We'd love to help with any issues you're experiencing while charging your iPhone. Let us know all about what's going on.
356798,"#IOS11.0.2: Upgraded and found the phone lagging in all areas. Should not have upgraded. @115858, when r u fixing this?",@200720 We'd like to help. What iOS device are you currently using?
1640264,Is @115858 or @AppleSupport gon fix this “I️ “ problem or what. It’s annoying,@501478 Here’s what you can do to work around the issue until it’s fixed in a future software update: https://t.co/xXaXeeSRt9
2838614,"@AppleSupport 
Always happens 🙃 https://t.co/uzLlueGgnc",@789998 We want to help. Please let us know what issue you are seeing.
2833039,I’m about to throw my phone away. It’s making me so mad with this new update. @115858 @AppleSupport why is my iPhone 6 so SLOW now?,@452920 We are here to help. DM us your exact iOS version and we can take a look at this. https://t.co/GDrqU22YpT
2676552,"@115858 iPhone on #ios11 so slow, sometimes touch areas not working, virtually unusable.  Was going to do iPhoneX, but going2 android now :(",@753325 Let us help. Does this happen while using any specific app or feature on the device? Which version of iOS 11 are you running?
2627719,"@AppleSupport iPhone keeps requiring new log-ins with Safari, unlike before - how to remedy?",@742166 Let's help. Tell us more about when you receive these requests in Safari. Does this seem to persist after force quitting Safari or rebooting the iPhone? What's the version of iOS in Settings &gt; General &gt; About?
1413829,@AppleSupport Yes it does,@448571 Thanks. We've got a great guide to share with you. Let us know if this helps connect to the iTunes Store: https://t.co/yoNhV7Et2A
1765163,@115858 FaceID is terrible :( Works maybe 40% of the time at best. 0% in low light. 20% if I’m wearing my hat.. it’s bad :( #iphonex #faceid,@530943 We want to work on this together. Check out these steps and let us know if it helps: https://t.co/V5aWSz5xXV
1701974,"Wonder if @AppleSupport will be able to explain why, everytime I️ type “I️” it shows up as “A (little question mark in box)” 

🤔🤔🤔",@516028 Here’s what you can do to work around the issue until it’s fixed in a future software update: https://t.co/qODbOsp4wz
41556,@AppleSupport locked out of my iPad. Followed instructions but it hasn’t worked. Please help. Also I want to turn this feature off,@125135 Let us know exactly what you see on your display currently. This will help us determine the best next steps to assist.
446480,"@AppleSupport My phone will unlock, receive messages but I can't click on apps or restart/shut down my phone",@220755 Have you tried a force restart yet? https://t.co/8MvHMFZ83h. DM us if that doesn't help. https://t.co/GDrqU22YpT
1982333,"Hey @AppleSupport if you sabotaging my battery, sincerely fuck off. I don't want to upgrade",@586780 We'd be glad to take a look. DM us with what's happening with your battery and which device you're using. https://t.co/GDrqU22YpT
1642631,RAM management on #iOS11.1 is totally broken. Apps have to constantly reload. @116333 @AppleSupport @115858 @123857,@502099 We'd be happy to help. Send us a DM and we can start there. https://t.co/GDrqU22YpT
2957126,"My machine has this problem, great @115858 https://t.co/bTN6nFNgkT",@816268 Thanks for reaching out. We can definitely look into this with you. Send us a DM and we'll go from there. https://t.co/GDrqU22YpT
2522414,@AppleSupport why does my Apple Music shut off every time I get a notification or open an app??,@636754 That's not expected to happen. We can help. What device are you using with Apple Music when this happens? https://t.co/GDrqU22YpT
228528,@115858 look this fuckkng glitch is not ok,"@170481 We'd like to see how we can help. To get started, send us a DM with what's going on, and the device you're experiencing it on. We'll continue from there. https://t.co/GDrqU22YpT"
641956,"@AppleSupport my new iphone x shut off and it's not turning back on!!! I put it on the charges, and it's still not working.",@272345 We want to help. Have you tried force restarting your iPhone X? Check out this article on what to do if your iPhone won't turn on: https://t.co/YtirCCKOxq DM us if you need additional assistance. https://t.co/GDrqU22YpT
2795449,can y’all tell me why my 7 plus is acting like a 4 right now? hm??? @115858 @AppleSupport,"@780061 We'd be glad to assist with this. Can you give us some details of the issues you're dealing with? Also, what iOS version is running on your iPhone 7 Plus?"
787449,@115858 WTF is this? iOS 11.0.2 or whatever. https://t.co/wA8GbUr4NV,@307838 Which device are you using? Does a restart help to resolve this behavior?
553460,"@AppleSupport Hi, thank you for your help, I’ve gone from Sierra to Lion?","@249079 The newest version is called High Sierra, OS X Lion was released quite a few years ago. What method did you use to update?"
2583141,"Apple, WHAT IS THIS?! @115858 @AppleSupport https://t.co/EBAGSwzlEQ",@732029 We want to help. Let's continue our conversation in DM. https://t.co/GDrqU22YpT
87164,"@AppleSupport Where I live I barely have service, so it says “no service” but I usually send texts through WiFi &amp; it still doesn’t work. But now it’s working. Why is that?","@135074 Thanks for clarifying this. When you see ""No Service"" it means your iPhone can't connect to your cellular providers network. You should have the option to send and receive iMessages via Wi-Fi if you don't have access to the cellular network."
819535,"So, @115858’s new updated have now not only fucked up my phone but now my computer. Fml.",@315218 We'd be happy to look into this with you. Please feel free to DM us. https://t.co/GDrqU22YpT
796612,Anyone else (@AppleSupport) having Mail act oddly like this with iOS - usually have a force close and reopen to reset. https://t.co/Q2AbyUog62,@309955 We want to see how we can help. Which device and iOS version are you experiencing this on?
2545629,"@AppleSupport (2/2) ... and my battery doesn’t die constantly throughout the day.  In fact, how about offering a roll-back to iOS 10?",@723554 We’re glad to help with your battery and other features that you’ve noticed changes in. Please start by explaining everything you’ve noticed and we’ll start from there via DM. https://t.co/GDrqU22YpT
493616,@AppleSupport will the Series 3 watch be damaged in salt water?,@232682 The Apple Watch Series 3 may be used for shallow-water activities like swimming in a pool or ocean. https://t.co/jD4ilgjPHG
2039474,@AppleSupport How do I get my devices to stop the pop up icon when I have a Safari window open on my iPhone/ipad/MacBook?,"@398233 We're here for you. Send us a DM, and let us know where exactly you're seeing the pop-up icon on your devices. https://t.co/GDrqU22YpT"
2321402,"@AppleSupport I have the latest version, 11.1.1. Can you please confirm, I’m planning to move all my photos to iCloud and erase the device completely. Then, I would set it up as a new phone. I heard this can help dramatically with battery life. Looks like the back up is the culprit in my case.","@672708 This is a step you could try if there are some apps in which are causing the issue. You would be able to restore as new using these steps: https://t.co/swvuDDNFQT
Though, we can look into this further with you. DM us here with details of your battery issue: https://t.co/GDrqU22YpT"
1895828,@AppleSupport need to someone to call me immediately on 8978801165 indi no as I have serious issue on my phone. None of your india nos work,@565061 We'd like to learn more about the issues you're having. Please DM us more info about what's happened. https://t.co/GDrqU22YpT
1802701,Patch #3 and iOS 11 is still as glitchy as my love life. Thanks @115858.,"@541669 Hey, we want to hear more about what's going on with your device. DM us the details and we'll go from there. https://t.co/GDrqU22YpT"
2516062,#Apple @115858 PLEASE fix that BLOOD&amp; Sh*% in iOS where the Bluetooth turns on automatically!!!!,"@716747 We'd love to help! If you want Bluetooth to stay off, you'll need to turn it off from the Settings menu, rather than from Control Center. This article goes over how Bluetooth and Wi-Fi work in iOS 11: https://t.co/G7BHuQnDS6"
2050203,@115858 iPhone8. Not worked since received. Apple can’t help online. Advised go in store. Store too busy. Told try Sunday. Disgusting Service,"@606288 We'd be happy to look this over with you. Please meet us in DM so we may gather information, and better assist. https://t.co/GDrqU2kzhr"
1762261,Yo. @AppleSupport. What up? When is this autocorrect a? thing going to be fixed? I look idiotic and sometimes it looks fine in draft and then changes at posting!?,@530246 Here’s what you can do to work around the issue until it’s fixed in a future software update: https://t.co/xXaXeeSRt9
208213,@AppleSupport That makes me think it’s the battery,@165255 What's the exact OS version number installed on your Mac? Please DM us here: https://t.co/GDrqU22YpT
2585607,"Working on my laptop, all auto updates turned OFF, while I reset my NVRAM on my desktop to hopefully save @AppleSupport some customer repair time on terrible High Sierra installation. #applesantaowesme",@729917  Please DM us so that we can look into this together. https://t.co/GDrqU2kzhr
1918434,@AppleSupport Performance of 6splus after latest update is like that of a 5000 INR cheap android Phone. What can be done ?,@370394 It's important for your iPhone to work the way you expect. We're here for you. DM us more information. We'll go from there. https://t.co/GDrqU22YpT
2001875,Fix this @115858,"@591948 Meet us in DM to let us know which device you have and which iOS is installed, then we can advise you forward from there. https://t.co/GDrqU22YpT"
717232,iOS update made my phone freeze many times. You should fix that. I’m not the only one bother bout the update @AppleSupport,"@291712 We'd love to look into this with you!  To start, can you DM us what iOS version and model iPhone we're working with? https://t.co/GDrqU22YpT"
1647372,So you telling me that I️ can tweet normally with this stupid bug??? @AppleSupport  HELP,@503303 We'd like to help. Try these steps to see if it helps: https://t.co/xU1AGHStV6
1954109,@AppleSupport help my phone broke,@580076 Thanks for reaching out! What happened to your iPhone? We’d be happy to help you with it.
2358575,@AppleSupport Do you have a release date for South Africa?,@681214 We can help you with this. Keep an eye out for upcoming release information on this page: https://t.co/pLvnMv72bf
2119382,Also... @115858 you really gotta fix this I️ thing... it’s making me look like an idiot... I️ don’t understand why it’s not fixed yet. I️ don’t. I️ don’t get it. I️ wonder how much longer I️ have to wait. I’m gonna go nuts. #BringBackTheI #Justice4I,@624568 Here’s what you can do to work around the issue until it’s fixed in a future software update: https://t.co/xXaXeeSRt9
1199334,@AppleSupport can y’all PLEASE fix this stupid changing the I to that A! symbol,"@401786 We'll do everything we can to help. Take a look at this: https://t.co/xXaXeeSRt9

Let us know via DM if the issue persists. https://t.co/GDrqU22YpT"
1835508,Hey @AppleSupport it seems odd that I can't drag an image from Photos to another app in order to change it or share it. Thoughts? Possible?,@550452 Hi there. What device are you using?
2138262,@115858 your update made my phone go so slow and not be able to type the capital letter “i” .... FIX IT,@628922 Here’s what you can do to work around the issue until it’s fixed in a future software update: https://t.co/xXaXeeSRt9
2834497,"@AppleSupport my phone just randomly logged every online account (twitter, Mail, AppleID) out. Logged most back in except AppleID. Must have forgotten password. Said enter trusted phone #, I did, then when it sent the text the entire phone crashed and I cant do anything. Now what",@789041 You've come to the right place. We're glad to look into this with you. What's your iPhone showing on screen at the moment?
1829306,@AppleSupport please fix this bug in iMessage!! https://t.co/RzBjcPToYe,"@126462 Thanks for bringing this to our attention. Let us know in DM which iOS version is installed, and we'll take it from there. https://t.co/GDrqU22YpT"
1707618,@AppleSupport Fix it!,@517474 Here’s what you can do to work around the issue until it’s fixed in a future software update: https://t.co/xXaXeeSRt9
1948731,@AppleSupport I doubt it. Was happening on multiple devices. iPad and iPhone.,@578963 Do you recall the exact steps taken to replicate this Calendar issue? Please DM us to proceed from here. https://t.co/GDrqU22YpT
1795222,This thing is the bane of my life. @115858 when will you make things that don't break after a couple of months? This is the second one starts to pause and skip songs. 🙄 https://t.co/eJDJuuI7fo,@307350 Let's get this resolved. Have you tried it with any other headphones? Reply in DM and we'll get it resolved. https://t.co/GDrqU22YpT
1086051,@AppleSupport auto lock not working on iPhone 8 is it a general problem or only mine?,@376177 We can definitely look into this with you. Send us a DM and we'll take it from there. https://t.co/GDrqU22YpT
1735845,@69613 @115858 My battery has been awful since I updated,"@524088 We'd be happy to look into this with you!  To begin, can you tell us what model device and OS version we're working with?"
2616581,@AppleSupport iOS 11.1 (15B93),"@193516 We recently released iOS 11.1.2, We'd recommend backing up and updating to that, then let us know if the issue continues. This is a great article if you need help updating: https://t.co/80YRnjDFDk"
1352242,@AppleSupport has apple been able to connect with ATT carrier yet have phone in reserve and trying to the apple upgrade program received reservation email but still waiting on second one to complete order? Already tried to chat on apple support to many people to get thru,"@435343 Thanks for reaching out. For this particular issue, reach out to our Online Store Advisors here: https://t.co/8yjRd1Xo0i"
1813756,@AppleSupport You guys need to fix IOS ASAP. Music preview on lock screen still does not work for most users. Freezing apps still happens👎🏼,@544888  We want to work with you to find a solution. DM us the apps you are having trouble with in detail and we'll get started. https://t.co/GDrqU22YpT
2447512,@AppleSupport it has to do with the activation lock and my apple id password,"@701591 Are you having trouble getting it to accept your password, or do you need to reset it?"
2516022,"@AppleSupport 1) phone wouldn’t let me turn off my alarm this morning. Had to restart it. 
2) not getting notifications for text messages
3) text messages disappearing 
4) text messages out of order 
5)apps freezing
6) apps closing out 
7) had that problem with the letter “I️”",@716736 We're happy to assist. Which iOS 11 version are you currently running? Go to Settings &gt; General &gt; About for the version.
151553,@AppleSupport I am on an iPhone 6S Plus running iOS 11.1.2. This has been happening intermittently since upgrading to iOS 11.0,"@150616 Got it. Does this happen with notifications from multiple different apps? Also, are there any steps you've taken since noticing this? Let us know your answers in DM: https://t.co/GDrqU22YpT"
2152159,@115858 my iPhone 7 + is a disaster on iOS 11.  Seriously fix it!!!  Our iPads too.  Samsung is looking good if this keeps up!!!,@620575 We are here to help whenever possible. What specific issue are you having with your devices currently?
2525540,"And my phone doesn't let me make outgoing calls, @115858 is playing too fucking much","@719150 We want you to be able to make calls on your iPhone. DM us, and we can look into this. https://t.co/GDrqU22YpT"
438069,Thanks @115858 for this #ios11update my battery life is half what it used to be,@219075 Which iPhone model does this occur on? Let us know in a DM. We'd like to know more to help. https://t.co/GDrqU22YpT
2052401,@AppleSupport I'm having trouble with my dad's phone he recently updated it to ios 11 &amp;now he can't facetime &amp;the app is nowhere to be found,"@606970 We're here to help! Send us a DM, and we'll take a closer look at the issue together. https://t.co/GDrqU2kzhr"
1357320,"@AppleSupport Ok, so what option do give me to solve this HUGE design problem? Any thoughts?",@436456 Great question! We encourage for you to contact our sales support team to further review this for you: https://t.co/8yjRd1Xo0i
1941022,"@AppleSupport Just says “An error occurred during activation. Try again”
Apple ID and Password are correct as i have been trying this all day.",@577241 Thank you for those details. Let's try the steps in this article to see if they fix the problem: https://t.co/jhvYu3nzpA
1940024,What’s up with all these glitches on the iPhone 7 @AppleSupport,@577040 Thanks for reaching out! We’d be happy to look into this with you. What kind of issues are you having with the iPhone?
2366219,@AppleSupport What the heck,"@130081 Understood. We have released a newer iOS version which will help with the issue you're experiencing. Let's make sure you have a recent backup, then update to 11.1.1 as listed here: https://t.co/ahjigcvFRG"
1802446,"@115858 do you know when you search your emails &amp; select an email from the search shortlist, the cancel button is then unresponsive? Annoying",@541598 We'd be happy to look into this with you. DM us the iOS version installed on device &amp; any troubleshooting you've tried. https://t.co/GDrqU22YpT
53567,"@115858 is there A solution for the network bug in combination iPhone8 and T-Mobile in the Netherlands, can not call with my new iPhone8..",@128106 We're here to help. Let's take this to DM so we can better assist you. https://t.co/GDrqU22YpT
582819,@AppleSupport hey u gonna fix the bug that keeps restarting my phone cause I'm about to switch to samsung lol,"@257429 We've got a solution for you. Check out the steps from the following article. Be sure to creat a backup before updating your device: https://t.co/osZOKKTalm

Let us know how things are going after that."
374217,@AppleSupport can you tell me why my phone does this when I'm on the phone and trying to do something else !? https://t.co/gmDyOuTzz1,"@204723 We want to help you. DM us, so we can assist you with this. https://t.co/GDrqU22YpT"
1655501,Dear @13071 @115858 why do you turn on Bluetooth when I switch off my airplane mode?,"@441344 Great question, we can help! The Control Center works a little differently now in iOS 11: https://t.co/vzVz37YMv0"
1763042,@AppleSupport IOS 11.1,"@338713 When this started taking place, did you download any third party apps around that time or make any other changes?"
1044447,@115858 @AppleSupport i seriously have gotten a call about 5 times today from your queens store about how theres a problem with my iCloud,@366962 Thank you for letting us know. Look here for more info on identifying and reporting phishing attempts:  https://t.co/LNMCdqt6fD
2704256,Why the fuck haven't I got an email to reset my @115858 password yet if I've been trying to do it since this morning... #whatupsamsung #goodbyeiphone 🚮,"@759521 We'd be happy to look into this with you!  To begin, feel free to DM us and we'll go from there: https://t.co/GDrqU22YpT"
1678512,"Hey @115858, I️ am getting really annoyed that I️ can’t use I️ without it turning into some secret code. I️ think I️ deserve an explanation.",@510527 Here’s what you can do to work around the issue until it’s fixed in a future software update: https://t.co/xXaXeeSRt9
2373223,@AppleSupport iPhone 7 and iOS 11.1.1. Only pauses music that i have downloaded as of now,"@684660 Are you using headphones or are you playing music through the speakers on your iPhone? Also, is this happening with the Music application or another third-party music application?"
735504,My @115858 Powerbeats3 have crapped out on me again. Had the battery fixed twice and now the Bluetooth function doesn't work. Piece of crap.,@295948 Thank you for reaching out! Let's get you connected with the right folks. Our @159983 team will help from here.
633834,@AppleSupport Fix the glitches of the phones,"@804166 We'd love to help with any unexpected behavior you're seeing. Please let us know exactly what's going on with your device, including which iPhone model and version of the iOS software you're using."
1482949,I tried this and my phone is still doing it!!! @AppleSupport @115858 https://t.co/W3lOhyts1f,@464346 Let's meet up in DM to discuss what you're experiencing further and work on this together. https://t.co/GDrqU22YpT
722564,"My phone has been trash since this update 🤦🏾‍♂️, I guess this @115858 way of getting everybody to get the new Iphone.","@293003 We'd love to take a look!  To begin, can you tell us more about the behavior you're experiencing?"
938924,@AppleSupport @AppleSupport  I can't download any app he say your apple id has been disabled,@342577 Thanks for reaching out. We're here to help. DM us so we can look into this further with you. https://t.co/GDrqU22YpT
1687686,How has @115858 not fixed this keyboard issue yet?!,@367144 Here’s what you can do to work around the issue until it’s fixed in a future software update: https://t.co/xXaXeeSRt9
1605066,When is @115858 gonna fix this weird “I️” glitch? Please let me know.,@492378 Check out this article and DM us if you have questions: https://t.co/sDSg93LaFu https://t.co/GDrqU22YpT
2193272,@641882 @115858 @AppleSupport Me too,"@669668 Hi, are you experiencing this when you're composing or sending messages, or are you seeing this in messages that other iOS users are sending/posting?"
245320,Luuuuv updating my phone and having my battery drop from 100% to 25% in 30 minutes:~))))) @115858,@174246 Have you updated to 11.0.2 yet? https://t.co/80YRnjDFDk DM and let us know. https://t.co/GDrqU22YpT
1897471,@AppleSupport my iPhone 7plus won’t let me install the latest update! Tried multiple times anything I should do? https://t.co/1LAphwFFyl,"@565521 Try out the steps in this article: https://t.co/Ui1yTnOCUz If this doesn't resolve it, let us know via DM. https://t.co/GDrqU22YpT"
1533082,@AppleSupport I️ hate y’all. I️ paid $700 for this phone and y’all don’t know how to stop this: I️ from happening???,@289035 We want to look into what’s going on. DM us your device and OS version and we’ll continue there: https://t.co/GDrqU22YpT
515866,Pop up in Safari has totally crashed iPhone. #WarningVirusAlertCallApple. @238866 @AppleSupport https://t.co/DjdijF8pCf,"@238865 That’s certainly not what you want to have happening with your iPhone. You’ve come to the right place. Begin by following the steps in this article: https://t.co/qr0pQfKgYD

Let us know if that resolves the pop-up."
542406,"Fix your system already, @115858 !!! My phone's been restarting since idk when argh","@245890 We’d like to offer some guidance on this. Let’s make sure you have a backup, then follow the steps in this article, which includes updating to iOS version 11.2: https://t.co/osZOKKTalm

If you have any questions, let us know."
1649528,@115858 There it is 👆🏻🙄,@503859 Here’s what you can do to work around the issue until it’s fixed in a future software update: https://t.co/xXaXeeSRt9
2281247,"iPhone X - Screen of death? @115858 @AppleSupport- there’s a green line along the right hand side of my screen. Restarting doesn’t fix it. Known issue? If yes, next steps? https://t.co/my5yvHjylR","@663123 We're happy to take a look with you. Does this show up on each screen you navigate to?  When did you first notice this appear? Let us know more, and we'll do all we can to help."
1752377,Soooo why can’t I find my FaceTime Live Photo’s @AppleSupport,@527923 We want to help. DM us what iOS version you're on and we'll look further into this with you there. https://t.co/GDrqU22YpT
1606697,@AppleSupport How to download FCPX trial that works with High Sierra? Current trial says no to HS and points me to App Store to buy. #fcpx,@493551 We've got an expert team of phone advisors that can help look into this for you. Reach out via: https://t.co/IBIY3vMgPj
1636193,"@AppleSupport 
Whhhyyyy??????? https://t.co/7SLZ7ZUtTR","@500458 Hey, we want to look into what's going on. Please DM us the iOS version and we'll work together from there. https://t.co/GDrqU22YpT"
2354999,"@AppleSupport Every call, both after reboot and full restore. The phone rings but the UI to accept never shows up.",@251108 We understand. Let's take a closer look at this issue together in DM. https://t.co/GDrqU22YpT
1651840,@AppleSupport any help with this available??,@504417 We're here to help. Let's take this to DM so we can better assist you. https://t.co/GDrqU22YpT
285688,"@AppleSupport my iPhone keeps pocket dialling contacts in my phone, any way of making this stop?",@184056 We'll be glad to assist you. Is your iPhone set to auto-lock? Tap Settings &gt; Display &amp; Brightness. What is Auto-Lock set to?
879321,@AppleSupport I’ve been trying to re-record my voicemail via visual voicemail and it keep getting this error message!👇🏾...I’m on iOS 11.2 https://t.co/SdBmnoHpwu,"@328752 We're happy to help with this. Please start by updating your iPhone to iOS 11.0.3, then DM us if the voicemail issue persists."
2308428,@AppleSupport I should add that I have an iPhone 7,"@669593 We’d love to help with your iPhone. To start, please send us a DM. https://t.co/GDrqU22YpT"
172974,"@115858 Malesef @AppleSupport @115858  benim telefonum haricinde her şey ile çok ilgilisiniz,  3 aydır beni telefonsuz mağdur bırakabildiniz ama..",@156472 We offer support via Twitter in English. Contact us for help in your preferred language here: https://t.co/IBIY3vMgPj
1243817,WiFi automatically turn on any time after turn off in iOS 11 &amp; abov 4 iPhone 5s. @AppleSupport @116333 @115858 @115858 @119462 @2501,@411807 We would like to help. Go ahead and meet us in DM and we can work together there. https://t.co/GDrqU22YpT
1991149,This question mark shit when you type the letter i is getting annoying @115858. FIX IT,@374515 Thank you for reaching out. We'd like to look into this with you. DM us your iOS version to get started. https://t.co/GDrqU22YpT
98855,@AppleSupport  why does this only happen with the Mail app? It’s annoying https://t.co/iPOS51R0yD,@137638 We can help you with your Mail app. Which iOS version is this happening with? Let us know in DM. https://t.co/GDrqU22YpT
1642570,@115858 is really trying me. My phone is acting hella stupid! But i will not get a new phone.,@502078 We want you to be able to enjoy your iPhone. Let us know more about the issue you're experiencing in DM. https://t.co/GDrqU22YpT
2412410,"When you’re trying to listen to music on your iPhone and your phone says your @115858 headphones are not an accessory supported by the device...excuse me, what?","@693533 Help is here! Since experiencing this issue, have you restarted your device to see if the issue persists? What iOS version is currently installed? To find out, navigate to: Settings &gt; General &gt; About."
2111471,@AppleSupport I've been trying to request account recovery since August! When can I get my account back??,@622801 We'd like to look into this with you! Join us in DM with your location. https://t.co/GDrqU22YpT
1524126,@AppleSupport Had my iphone 7 just over 3 weeks and everytime I watch a video on youtube it seems to get really hot. Any advice?,"@473500 We
We'll help out. What iOS version is running? Is the YouTube app up to date?"
2730402,@AppleSupport It’s off,@498939 Let's move over to DM to continue working on this. https://t.co/GDrqU22YpT
1282394,@115858 why did my phone hold charge before the update and not now?? could go days before.. now not even a half day.. on 8% already???,"@420008 We'd like to check into this with you. To get started, could you let us know which iPhone &amp; iOS version you're using?"
2065764,"@AppleSupport ever since I updated to iOS 11, my phone has been non-stop freezing and glitching, it’s being slow and apps keep crashing.",@230688 We can look into that with you. Which iPhone and version of iOS 11 are you using?  Can you please reply in DM? https://t.co/GDrqU22YpT
2261479,Do Not Disturb doesn’t work anymore @115858... another update in the works?,@251810 Can you send us a DM and tell us which device you have? We want to help get to the bottom of the issue you're seeing with Do Not Disturb. https://t.co/GDrqU22YpT
2122482,Hey @115858 thanks for reducing the battery life of my phone since your latest software update 👍🏼👌🏼 really handy,@625289 Thanks for contacting us. We know battery life is important. We recommend checking out this link: https://t.co/bivpdfBNJ6
2696033,@AppleSupport No. One device.,"@757608 Do you know what version of the iOS is on the device?  If not, you can check under Settings &gt; General &gt; About &gt; Version. 

Let us know in Direct Message and we'll take a closer look. https://t.co/GDrqU22YpT"
2443841,"@AppleSupport My blue tooth speaker won't play when I am trying to broadcast a voice memo on Iphone 7. Can you help? Thx,",@700741 We're happy to assist. Which iOS version are you currently running? Go to Settings &gt; General &gt; About for the version.
2237139,Didn’t realise how useful 3D Touch is and how much I used it until it stopped working on my phone. One of those @116333 😑,@652360 We'd like to help you get your 3D Touch working again. Please DM us which version of iOS you're currently running and we'll start there. Thanks. https://t.co/GDrqU22YpT
1756322,@115858 I️ 😡 am not playing. If you don’t fix this I️ 😡 issue ASAP I’ll be a proud #note8 owner before you know it and I’ll never look back,@528843 Here’s what you can do to work around the issue until it’s fixed in a future software update: https://t.co/qODbOsp4wz
2304601,"Dear @115858, when are you going to fix your “I️” problem? !?","@668672 We recently released an iOS update, 11.1.1, that contains a fix for autocorrect issues. Here's how to update: https://t.co/80YRnjDFDk"
54583,@AppleSupport @7531 @115858  I need your help! I want to play animal crossing but the app immediately crashes when I open it,"@128371 We want to make sure you are able to play the games you'd like. In order to assist you, we need some information from you. What kind of device are you using? What version of the software is installed? Meet us with this information, here: https://t.co/GDrqU22YpT"
2307585,@115858 WHY THIS HAPPENING EVEN AFTER THE TEXT REPLACEMENT I WANT A NEW PHONE,"@177789 The iOS 11.1.1 update fixes this issues for any future typing that you do. If you're seeing this on other people's posts or texts, it's because they haven't updated yet, or the post was from before the update was released."
554773,@AppleSupport Apple Pay Cash is not showing up in iOS 11.2 for me. How do you activate it? Tried adding a card in Wallet/Pay settings. Located in US. USE 2 compatible cards in Pay. https://t.co/fCMi5NWJj9,"@249489 Thanks for reaching out about this. If you're in the US, those features will require iOS 11.2 and will begin rolling out early next week. Since you're on 11.2, you're set for when it's released."
2070244,Love that my iPhone now dies in 1 hour after the new @115858 update...🙄,"@612240 Which device and version of iOS 11 are you using? Check Settings &gt; General &gt; About, and let us know in DM. https://t.co/GDrqU22YpT"
2065978,Ever since I updated my phone to iOS 11 my phone has been freezing non stop @115858 get your stuff together 🤦🏻‍♀️,@610950 Please let us know what you are doing on your device specifically when you notice that if freezes. DM us here: https://t.co/GDrqU22YpT
249174,@175199 @115858 I noticed mine today is losing battery fast. This needs to be fixed ASAFP @115858 @AppleSupport,@175198 Let's look into this for you. Send us a DM and we can get started. https://t.co/GDrqU22YpT
2139897,@115858 @AppleSupport what’s up with the I️?,@629324 Here’s what you can do to work around the issue until it’s fixed in a future software update: https://t.co/xXaXeeSRt9
1335431,@AppleSupport I love you guys but i swear to god you need to fix your mail app ASAP - it doesn’t let me mark an email as read - infuriating!,"@431531 We'd like to see how we can help. To start, which device are you experiencing this on, and which software version is it running?"
103207,Yo @115858 you can make my phone not send/receive texts all you want I’m not buying your overpriced piece of glass #CanYouHearMeNow,@138706 Hi. We'd like to help. This article can help resolve most issues with sending and receiving messages on your iPhone: https://t.co/2hgNQH8Vvq Let us know if this helps.
1785140,@AppleSupport Hi! The lightning cable that came w/my 7Plus stopped working properly (works ~30% of the time). Is it covered under warranty?,@160251 We'd be more than happy to look into this with you. Let us know which country you're located in via DM to get started. https://t.co/GDrqU22YpT
1912781,@AppleSupport Barely now got an alert for a voicemail that I received last Saturday and it may have cost me a job,@308758 Let's help take a closer look. Please DM us the version of iOS you're using and we can go from there. https://t.co/GDrqU22YpT
2355880,"@AppleSupport And by the way, I just bought this iPhone 3 days ago",@680602 Hi! We got your DMs and you can expect our assistance there shortly.
1776877,Riddle me this one @115858 I’m connected to my internet yet it’s telling me I’m not. Frustrated is an understatement https://t.co/MnE8Vxgn9N,"@533940 Keeping the iOS on your iPhone updated is important. Meet us in DM, and we'll continue there. https://t.co/GDrqU22YpT"
2439721,I’m so tired of my phone fake cutting off and closing all of my apps 🙄🙄 #fixit @115858,"@699751 Thanks for reaching out. When you state your iPhone is 'fake cutting off', can you tell us exactly what's happening? For example, are you seeing a blank screen when this occurs or the Apple logo and a spinning gear? Let us know, we'd like some details to assist."
1584686,@115858 @AppleSupport why can’t eye type the letter eye 😭,@487626 We've got you. Try this workaround: https://t.co/xU1AGHStV6
1761191,@115858 I’m getting tired of having an A?phone. Can I have my iPhone back now? Thanks :) #Apple #iPhone  #whatishappening #update #please,@530011 Here’s what you can do to work around the issue until it’s fixed in a future software update: https://t.co/xXaXeeSRt9
935883,Hey @AppleSupport this been coming up on my screen lately. Is this real? https://t.co/4CgWmgV5yP,@341870 We'd love to help! It's not real; your iPhone is safe. Follow these steps to clear it out: https://t.co/qr0pQfKgYD
400834,@AppleSupport Yes,"@210809 That's great. We're glad to hear that the issue is resolved now. If you need us in the future, reach back out to us anytime."
2069093,hey @115858 if my phone could stop freezing every time I open an app or try to answer a phone call- that would be great. i hate ios 11 😒,@611873 We'd be happy to look into this with you. Which version of iOS 11 do you have on your iPhone? DM us and we'll go from there. https://t.co/GDrqU22YpT
1007823,More bugs @AppleSupport: phone rings but can’t answer. Screen is either off or showing blurred background only. Buttons don’t work.(7 plus) https://t.co/Vh2BRbJtXR,@196839 Thanks for this report. Does this behavior continue after you restart the iPhone?Does it happen with only certain apps open?
864000,😐 #BleedGate @AppleSupport https://t.co/0G6h12P6RS,"@325183 Let's look into this together. Send us a DM with more information, and we'll continue with you from there. https://t.co/GDrqU22YpT"
1980410,My sound working when it wants and when I’m on the phone my screen is black not to my lock screen @115858 FIX IT,@496180 DM us using the link below and let us know your iOS version from Settings &gt; General &gt; About &gt; Version. We're glad to assist. https://t.co/GDrqU22YpT
2628953,@AppleSupport It’s still saying invalid on my phone even though the very same card is on my Apple Watch,"@742480 We appreciate you trying those steps. Next, let's reach out to our Apple Pay experts using this link: https://t.co/IBIY3vMgPj They can take a closer look into this."
2412463,"@AppleSupport My phone calls the police ON ITS OWN. it opens up apps ON ITS OWN. it texts, and calls people ON ITS OWN. it shuts off for minutes at a time. I shouldn’t be experiencing this since I just bought it in June.","@693547 Thanks for clarifying. Has this been happening since you got your iPhone, or did this behavior just start recently? Let us know via a DM. We’ll keep moving forward from there. https://t.co/GDrqU22YpT"
1041400,"@AppleSupport Why Do I have to pay for replacement headphones, if the ones I just paid for don’t work, isn’t the price of the phone enough ?",@366298 Thanks for reaching out. We're here to help. DM us so we can look into this further with you. https://t.co/GDrqU22YpT
2677923,@AppleSupport i want to set up an appointment at the Philadelphia genius bar.  how can i do that?,@753617 We love to help with any issue you're experiencing. What's going on? Reservations can be made here: https://t.co/ugGWwe3u7S
982405,@AppleSupport I downgraded to iOS 10.3.3 last week because my 6s+ became unresponsive. Do you confirm that 11.0.3 fixes the issues?,"@352930 For iOS 11.0.3 details, check out: https://t.co/sEGtKE1pbr  DM us any questions you may have. https://t.co/GDrqU22YpT"
2798432,DEAR @AppleSupport @115858 @115858 PLEASE PLEASE IN YOUR NEXT SOFTWARE UPDATE CAN YOU MAKE A SPLIT SCREEN LIKE THE @2247 @125607 DO ??? IT WOULD BE SO SO HANDY . THANK YOU @160726 @240986 @8975 @780787 #APPLE #UPDATE #UK #DEAL #SOFTWARE #SPLITSCREEN,@326406 We appreciate the feedback and you are welcome to submit your ideas here:  https://t.co/oWzjJxkvlC
2349361,"@AppleSupport However, when Im trying to add my icloud email to my gmail app im not gettig this two auth passcode request",@679105 Send us a DM and we can take a closer look into this with you. https://t.co/GDrqU22YpT
1558100,Ok @115858 get your shit together why is my letter “i” being autocorrected to some BS,@481585 We've got a temp fix available here: https://t.co/xU1AGIa4ME Check it out and let us know if that helps.
2237337,@115858 @AppleSupport What’s with this weird animation?? #Apple #AppleWatch #watchOS4.1 https://t.co/d9DsAhlKz2,@652423 Does it only happen with that one action? Let us know.  We'll take a look.
1082431,@AppleSupport could you point out which phone number specifically?,@375327 Our direct number varies by region. DM us your current country of residence and we'd be happy to share the number with you. https://t.co/GDrqU2kzhr
2634963,Lost over 2300 old pictures &amp; videos when I updated to #macOSHighSierra! Wth @AppleSupport?? How do I get them back. They've vanished from the photo app on my 💻 😫😫😫😫🤦🏽‍♀️🤦🏽‍♀️,"@743878 We're here for you. As a starting point, let us know what version of macOS you upgraded from. That will help us plan the most relevant next steps."
2007608,@AppleSupport the latest software update on my iphone7 is draining my battery at lightening speed.....help! Can I downgrade my IOS?!,"@593664 Great battery life is important, and we want to get to the bottom of what you're seeing. Let's pair up in DM to get started. https://t.co/nYknMGviju"
2962866,@AppleSupport why is it so hard yo login again on my iPad srsly i can't get my apple id back,@817560 We can assist you. Please DM us via the following link regarding the issue you're experiencing with your Apple ID. https://t.co/GDrqU22YpT
2143312,Is this @115858 bug named the iBug because that would be the icing on the cake of a garbage fire of a year,@630148 Here’s what you can do to work around the issue until it’s fixed in a future software update: https://t.co/xXaXeeSRt9
2544018,@AppleSupport my phone has really been off it’s rocker since you guys dropped these new phones. I️m not buying a new one ☝🏽,@723194 We're here for you. What seems to be going on with your iPhone?
1773646,why is my volume not working now😐 get it together @115858,@148896 We'd be happy to take a look into this with you. Could you please confirm what device you're having this issue on?
2012823,MY iPHONE IS SO FUCKING LAGGYYY DO NOTTT GET THE NEW UPDATEEEEEE FOR IFONE @115858,@595169 Let's get this figured out. We want you to enjoy the latest iOS update. Which apps does this occur with? Please send us a DM. https://t.co/GDrqU22YpT
1989926,@AppleSupport why have you started my applecare a week before the device shipped #iPhoneX,@435370 We can certainly get you pointed in the right direction. Can you DM us and let us know which country you're in? https://t.co/GDrqU22YpT
907065,Getting real tired of my phone deleting texts and conversations without my approval @AppleSupport,@335375 That sounds like it could be troubling. Join us in DM and we'll get to the bottom of this. https://t.co/GDrqU22YpT
2303188,So I update my phone to fix the stuff and yet I’m still seeing boxes and shit @115858 y’all getting me guh 😤💯.,@668315 We'd be happy to look into this with you. DM us so we can get started. https://t.co/GDrqU22YpT
1396701,@AppleSupport why I can order an iphone X for delivery but I can't choose to pick it up?,@444790 We'd be happy to see if we can get you pointed in the right direction. DM us your country to get started. https://t.co/GDrqU22YpT
2303439,Dear @115858 please stop fw my volume by having it randomly go to mute. That shit is irritating.,@668385 We'd like to explore this issue with your volume with you. How long has this been going on? Which device and OS is this happening on?
1516121,Fix this ➡️ I️ ⬅️!!! Please and thank you @115858,@471759 We can give you some guidance on that. Please send us a DM so we can assist. https://t.co/GDrqU22YpT
2676052,"@AppleSupport iOS 11.0.3 - phone turns off randomly, stops getting signal, calls drop, and the screen stops working. All happened from on day to the next","@753222 Got it, thanks. We'll want to move to DM at this point where we can dig in deeper. https://t.co/GDrqU22YpT"
766962,@AppleSupport wifi which is irrelevant because the songs are downloaded.,@303302 Is the music purchased from iTunes or from Apple Music catalog?
2429263,Anyone else having issues with latest #iOS &amp; #healthapp not saving data? @AppleSupport,@379034 We'd be happy to look into this issue with you. Send us a DM with your current iOS version and we'll continue together there. https://t.co/GDrqU22YpT
1642402,"@AppleSupport I am using iPhone 7 Plus. I am using icloud, gmail, yahoo and outlook using the ios 11.03",@502030 Let's continue looking into this via DM: https://t.co/GDrqU22YpT
936908,@AppleSupport The iOS 11.0.1 update is still draining my battery.,"@342101 We can certainly help you. We have recently released 11.0.2, let's have you update first. For steps: https://t.co/80YRnjDFDk"
1025658,@AppleSupport how do you upgrade to ios 11 on iphone 5?,@371018 iOS 11 is only available on the iPhone 5s or later. More information on iOS 11 can be found here: https://t.co/LVMJqqcDhs
1298517,My Apple Music isn’t working 😢 @AppleSupport,@423471 Let's look into that. What issues are you experiencing with Apple Music?
557786,Someone please help me get off this page on my Mac before I throw this computer out the window!  @115858 @AppleSupport @115858 https://t.co/nEnf2sEoL1,"@250276 Hey Tricia, we'd be happy to help with this. DM us with a bit more info about how this issue started and we'll go from there. https://t.co/GDrqU22YpT"
1913121,Shouldn't have updated to the new #iphone IOS... Still ridiculous. @115858  you know people are having problems. Help us out.,@569864 We'd like to see how we can help. Please DM us the details of what you are experiencing and we'll go from there. https://t.co/GDrqU22YpT
2433695,"@AppleSupport #ios11 App Store continues downloading the app infinitely!!!! Very frustrating!!! Nothing happens, just loading!!!",@404509 Let's get this resolved. Have you tried using both Wi-Fi and Cellular data? Let us know in DM. https://t.co/GDrqU22YpT
2041515,So annoying!!! I️ wish @115858 would fix this! https://t.co/y3fCel89sb,@603630 Here’s what you can do to work around the issue until it’s fixed in a future software update: https://t.co/xXaXeeSRt9 https://t.co/GDrqU22YpT
1402942,Going to a party tonight n can’t upload any pics bc my iCloud is acting up @115858 @AppleSupport pls resolve xo,@446182 Send us a DM with more details please. Include the country you're in and we'll do our best to help. https://t.co/GDrqU22YpT
1720814,"My IphoneX has glitches and isnt working properly. Check b4 you buy.
@115858 @AppleSupport @156471 @2310 https://t.co/kpIQZAgbSe",@472137 Congrats on the new iPhone. Let us help you enjoy it as expected. DM us the details of your issue here: https://t.co/GDrqU22YpT
1986789,@115858 pls pls can you fix the Bluetooth so my music doesn’t skip and randomly disconnect from my speakers???,@588107 Thanks for reaching out. We’d be happy to help! Let us know which device you’re using in DM. We’ll continue from there. https://t.co/GDrqU22YpT
1983026,@AppleSupport do y'all cover expanded or damanged batteries ruining screens?,@422431 We'd be happy to look into this with you more in detail.  Please reach out to us via DM and we'll get started. https://t.co/GDrqU22YpT
981944,@AppleSupport iPhone 6s with IOS 11,@352820 Thank you. In your email account tap 'Edit' at the top right of the Mail app. From there you can select multiple emails to delete.
263445,@AppleSupport 11.0.02.,@178791 Got it. Let's go into DM so we can take a deeper look at what's going on. https://t.co/GDrqU22YpT
2834347,All my phones done since I updated it is freeze @AppleSupport whyyy?,@788998 Thanks for reaching out to us. We are always happy to help. Send us a DM so we can look into the issue with you there. https://t.co/GDrqU22YpT
2867301,"@AppleSupport Thanks for the quick reply. I’m actually at one of your stores right now, waiting on a technician.",@796329 They should be able to assist. Have a great day!
1199320,"@115858 this is some bs, what are the odds that my phone starts malfunctioning when ya fancy new phone comes out. But I won’t change companys","@401783 If you're having issues with your iPhone, we'll be happy to work through them. Send us a DM with the details. https://t.co/GDrqU22YpT"
12002,@AppleSupport It’s happening in all my apps. I’m thinking there’s a problem with the keyboard.,@118360 Thank you for confirming that. Let's discuss this further in DM. https://t.co/GDrqU22YpT
1758714,"@AppleSupport I have replied on DM, please check",@529414 We've got your DM and will continue with you there. Be on the lookout for our reply. Thank you!
878561,@AppleSupport how do I update my stickers in iMessage? the bar shows I have 8 updates in the sticker store but can’t find anywhere to update,@328583 Please send us a Direct Message. We'll be able to assist you there: https://t.co/GDrqU22YpT
1703997,@115858 please fix the “I️” problem.. it’s driving me and everyone crazy☹️,@516526 Here’s what you can do to work around the issue until it’s fixed in a future software update: https://t.co/xXaXeeSRt9
2505108,@115858 please fix this I️,"@714366 Hi there. We recently released iOS 11.1.1 to address this issue. If you haven't updated yet, you can learn how here: https://t.co/80YRnjDFDk

If the issue persists, send us a DM so we can help there. https://t.co/GDrqU22YpT"
2310156,Wtf @AppleSupport ??? https://t.co/0xVmKnZZS1,"@670001 An update has been released to assist with this issue. If you haven’t yet, please back up your device and update it to iOS 11.1.1. For more info, check out: https://t.co/4f8hwT5to6 https://t.co/GDrqU22YpT"
788420,@AppleSupport iphone 6S iOS 11.0.2,@308035 Thanks for the info. What we'd like to do next is invite you to DM so we can review this more with you. Click our link here: https://t.co/GDrqU22YpT
211264,@AppleSupport how can i check that? i probably do 😂,"@166043 You can learn how to check for Automatic Updates, and how to adjust your settings here: https://t.co/o0zJkBV0iY"
2502046,@AppleSupport Multiple people. Cellular bars up.,"@713679 Let's run through and make sure you've tried all the suggestions listed here: https://t.co/2hgNQH8Vvq If that doesn't help, let us know."
1142132,@AppleSupport It has a shortage and all I’m hearing is static,@388835 Does the same thing happen when using the adapter with another iPhone? Let us know in DM and we'll continue from there. https://t.co/GDrqU22YpT
889151,My phone has been acting really glitchy since the X came out🤔🙄 @115858,@331092 We'd love to help. Tell us what's happening with your phone. We'll take it from there.
228556,NO FR @115858 my shits been tweaking bad 😭💯💯🤪 https://t.co/lSTXeWM6dG,@170493 We'd like to help. Please DM us a bit more detail about exactly what's happening with your iPhone and we'll continue there. https://t.co/GDrqU22YpT
1697319,"@AppleSupport My battery drains super fast, apps force close, videos won’t play, getting the same texts notifications multiple times &amp; fuzzy screen",@514846 Thanks for that information. DM which iPhone and specific iOS version you are using so we can help. https://t.co/GDrqU22YpT
1631404,"@AppleSupport  iPhone 7 turn off Siri, assistch, bckgrnd, Lorna, email fetch. Update to 11.0.3 now battery goes from 100-50% in 20 mins. y?",@499281 Hey there! We received your DM and we'll continue assisting you there.
1451830,"@115858 Update:

Alright @115858 I.T did I.T again

Hands are being thrown 😤👊🏼",@456915 Let's see what we can find together. Do you have any text replacements set at Settings &gt; General &gt; Keyboards &gt; Text Replacement?
407562,"@AppleSupport hey my wife has issue in that when she receives an iMessage from me, the notification comes up as my number rather than name",@212145 We'll look into this with you. Is it only happening with you? What happens when you send yourself a message?
939221,@AppleSupport 11.1.2 ( 15B202),"@342643 Thank you. What's going on with your iPhone? The more details we have, the better we can help. You can DM us at the link below. https://t.co/GDrqU22YpT"
96984,"@AppleSupport It just came out the new iPhone X and the 7 already starts to freeze, the battery quickly go low , etc, always the same @AppleSupport",@137167 We can help with your iPhone 7. DM us with more details on what is happening. https://t.co/GDrqU22YpT
2977735,Capaz que si actualizo IOS me teléfono se convierta en ladrillo :(....ya no confío en sus productos @AppleSupport,@821247 We offer support via Twitter in English. Get help in Spanish here: https://t.co/IBIY3vMgPj or join https://t.co/OczyRx7IOs
2130375,"Yooooooo you going to fix this ""I"" problem??? @AppleSupport",@627050 Here’s what you can do to work around the issue until it’s fixed in a future software update: https://t.co/xXaXeeSRt9
2129122,"The iOS update messed up my iPad Pro, can’t even transfer my artwork from procreate into a PNG (photoshop file) so I can edit it on a computer, wassup @115858 that is interfering with artist’s commissions &amp; deadlines.",@626754 We'd like to get you in the right place to getting a resolution to this. DM us to get started. https://t.co/GDrqU22YpT
2132139,@115858 fix this it’s so annoying,@627451 Here’s what you can do to work around the issue until it’s fixed in a future software update: https://t.co/xXaXeeSRt9
2149107,@115858 please fix my damn keyboard,@631624 We'd be happy to help. Could you please send us a DM with what issues you're having and we'll get started. https://t.co/GDrqU22YpT
1990211,2017 @AppleSupport ! Seriously? Still thinking that Brazilians speak Spanish #Shame https://t.co/wkFDiRMOkS,@588994 We'd love to help. DM us which language you have enabled in Settings &gt; General &gt; Language &amp; Region and we'll get started. https://t.co/GDrqU22YpT
2639655,"@AppleSupport does apple replace 1/8"" dongles? It's really shitty to have to carry it around and much shittier that it never works","@744950 Hey, there. Are you referring to the Lightning to 3.5 mm Headphone Jack Adapter? If so, can you tell us some more details on what's going on? Send us a DM and we'll go from there. https://t.co/GDrqU22YpT"
1597331,@AppleSupport i️ hate this,@490691 Thanks for letting us know. Please DM us so that we can look into this together. https://t.co/GDrqU22YpT
1026325,@AppleSupport Recvd “Apple Notification” email alert claiming my AppleID has been disabled. Looks like a scam. How can I fwd it 2 u?,@362843 This article will help get you pointed in the right direction: https://t.co/LNMCdqt6fD
2520807,"Phone charges when it wants. Hanging up when i make a outgoing call. Resets on its on. What the hell going on with @115858 !!? Y’all need to stop making all these phones back to back like this. I got a 7plus brand new , ain’t no way in hell my phone suppose to be doing this !! 😤","@718004 Thank you for reaching out. We're here to help. To get started, let's go into Settings &gt; General &gt; About. If you are prompted for a carrier update, please apply and restart. Then test to see if you are able to make outgoing calls. We look forward to your reply."
29558,@AppleSupport your new iOS slowdown my phone and delayed everything. @116333 you should know by now that some folks works with their phone and you can messe up people work. Test the damn thing before lunch it. Or come up with a big warning “it slow down 6.7,"@122491 We understand how important your iPhone is, and we're here to help. Send us a DM, and we'll take a closer look at your device together there. https://t.co/GDrqU22YpT"
2405033,Hi @115858 I thought the #Applewatch #series3 was compatible with #qi charging tech. It is not?,"@458607 Thanks for reaching out. We'd be happy to clarify this for you. Apple Watch Series 3 supports our AirPower mat, which should be available in 2018. You can learn more about charging Apple Watch Series 3 here: https://t.co/RmQTRHYquI"
1634019,@115858 wtf is this -&gt; I️,@499884 We are glad to help. Let's continue in DM. https://t.co/GDrqU22YpT
2345938,@AppleSupport what is with WiFi and Bluetooth automatically turning on? This new update is a security risk.,@516722 We're glad you asked. You can control Wi-Fi and Bluetooth connections two ways. Check out this article for details: https://t.co/G7BHuQnDS6
1773256,@AppleSupport it won’t save on my phone. i’ve tried multiple times to save and it doesn’t work,@532953 Thank you for letting us know! DM us and we'll work from there. https://t.co/GDrqU22YpT
2004345,@AppleSupport That’s 👁 . #Halp https://t.co/fddmOSUgj9,@592713 Thanks for reaching out. We have an article with some helpful steps: https://t.co/QzF1SrcQLI DM us any questions. https://t.co/GDrqU22YpT
413124,@AppleSupport HELP! Phone CONSTANTLY freezes and apps (even native ones) frequently crash &amp; don't load. Running 11.0.2 on iPhone 7.,@213604 We'd love to help. Does restarting the phone seem to improve or resolve the issue? DM the answer below. https://t.co/GDrqU22YpT
1770026,I️ hate this bug @115858 fix it❗️,@532131 Here’s what you can do to work around the issue until it’s fixed in a future software update: https://t.co/xXaXeeSRt9
1895592,lol @115858 what you on with me? Is it cause I haven't downloaded the updates? https://t.co/gTZCn8u6zU,"@565006 Let's look into this together. Do you sync your contacts with an account, such as iCloud, Gmail, or Yahoo? Let us know in DM. https://t.co/GDrqU22YpT"
114499,@AppleSupport why every time I go to update of download an app I have to turn my phone on and off for it to work!?,"@141456 We want your iPhone working for you, and we'll do all we can to help. Can you describe for us what happens that requires you to restart your iPhone, for example, does the app become unresponsive after updating? Also, what iOS version is installed?"
2835775,@AppleSupport Thank you for your fast respond . It has the iOS 11.1.2 installed.,@789324 You're very welcome. Click here to join us in DM and we'll continue there: https://t.co/GDrqU22YpT
2580576,"Hi, can you please help me in unlocking my ipad. I forgot my password and also my recovery gmail password. @AppleSupport @115858",@731421 Hey there! We've recieved your DM and we'll continue with you there.
2978162,"Listen @115858 i WILL buy a new iphone when you realease iphone 20! so stop messing up my brand new 7plus! Because it’s BRAND NEW!There’s no reason for it to be turning on and off, with a 100% battery when its BRAND NEW!
-sincerely
 ur not so happy consumer! 
#apple #iphone #angry",@821359 It's our goal that you have an excellent experience regardless of the model of iPhone you have. It sounds like you're having some issues that we'd like to look at together. DM us details on what you're seeing and we'll continue there. https://t.co/GDrqU22YpT
652931,"@AppleSupport so, bought an album on iTunes and it’s added twice?! https://t.co/JyNasmYmyr","@233536 We can help with your duplicated album. Let's try restarting your iPhone first using these steps: https://t.co/kS3F7wfZK3
Let us know if this updates your library."
1743535,@525880 @AppleSupport way of making me say fuck it and buy a new phone 😒,@390592 Here’s what you can do to work around the issue until it’s fixed in a future software update: https://t.co/xXaXeeSRt9
2048862,Hey  @AppleSupport iOS 11 it’s so pretty but is ñor functional. Decrease the battery and is too slow to open any app.,@605933 Let's look into this together. Did the slowness start immediately after updating or after using an app? Let us know in DM. https://t.co/GDrqU22YpT
2534819,Fix this shit @115858,"@721210 We'd love to help, but need more information. What's going on with your iPhone? DM us as many details as possible, including the model of iPhone you're using and the exact version of the operating system it's running, and we'll get started! https://t.co/GDrqU22YpT"
114465,@115858 i tried putting it in some rice - no help,"@141448 We're here for you. Thank you for showing us that screenshot, we can see that your apps are out of alignment. Send us a DM with details about when it started. We'll work together there. https://t.co/GDrqU22YpT"
208242,@AppleSupport When i open my WhatsApp directly then my phone 📞 show a black screen,"@605755 Thanks for reaching out. Let's start by trying these steps: https://t.co/3WF5Z1DBGa If the issue persists, let us know by DM. https://t.co/nYknMGviju"
2420109,So I got the iPhone 8. The screen turned black literally 30 minutes after I bought it and it won’t even let me reset it. Still vibrates though. Thanks @115858. ☹️,"@695211 We'd like to look into your options with you. To do that, please let us know in DM which country you are located in. https://t.co/GDrqU22YpT"
2467685,@AppleSupport any tips for signing into an iPad mini that hasn't been used in months. I forgot the password,"@577288 We'd be happy to help you get back into your iPad. To verify, did you forget your Apple ID password or the iPad's passcode?"
2403633,@118721 @118936 @AppleSupport I haven't been able to connect to my App Store on my phone using 3G - been happening for months - why?,"@368846 Thank you for reaching out to us. We understand wanting to be able to access the App Store, and we'd be happy to help. Can you tell us which iPhone and version of software you're using? And what happens when you try to access the App Store?"
939601,@115858 I’m sick and tired of my phone lagging and freezing. Y’all better fix it or @1647 bout to know me,@342732 We're here for you. Click here to team up wit us in DM. We'll continue there: https://t.co/GDrqU22YpT
1815635,So @115858 maps car driver seemed to think it was okay to go the wrong way on one way streets today.,@545412 We'd like to look into this with you. Meet us in DM where we can learn a bit more about what happened and where you're located. https://t.co/GDrqU22YpT
2007153,"@115858 update: shoutout to @115858 because my phone turned off and won't turn back on, you're doing great sweetie",@593520 Thanks for reaching out to us for support. We would love to help you. Please DM us so that we can look into this together. https://t.co/GDrqU22YpT
346752,@115858 are you guys doing something to fix the fact that iOS 11 sucks the life out of my iPhone? It is the fourth time I had to plug it in.,"@198562 We'd like to know more to help. Which iPhone model does this occur on? Also, what's the exact iOS running?"
1098694,@AppleSupport Thank you I have sent you a screenshot of the message,@379261 We've responded to your DM. Look for us there.
2349372,"@AppleSupport it freezes constantly, doesn’t hold a charge, the lock button works 50% of the time. this phone is only four months old with zero cracks or water damage",@679108 Do you notice the freezing during anything more so than others? Like certain applications or functions. Do any steps you take temporarily remedy or help this like rebooting the iPhone?
256740,"@AppleSupport I need to change country my iTunes acct: have to cancel @115948 first, change and reactivate. Do I will lose my music?",@177053 We have a dedicated iTunes team who can help you look into this. Get in touch with them online here: https://t.co/SDIe7UiyJN
2477606,Am I the only one who has to try the “Alt”-boot option several times until I get the boot-option screen on my iMac? @115858? Fixable?,@273863 We'd like to check into what's happening here a bit more. What kind of keyboard are you using with your iMac? Is it wired or wireless?
1698617,"@AppleSupport bought the 8 and am seeing the A ? for every letter I now. running the 11.1, also did the short cut through the keyboard. did not fix.",@515191 Got it! Thanks for trying that workaround. Send us a DM and we can go from there. https://t.co/GDrqU22YpT
2551406,"new game for ios. Where is my dock?

CC @724818 @AppleSupport #iOS11 https://t.co/b4USJxmb2U","@724817 Thanks for reaching out, we understand the concern over the Dock missing. Power your device off and back on, does it show then?"
328550,@AppleSupport gracias a la nueva actualización de ios 11.0.2 mi teclado va con lag. Gracias por las novedades #ironia,@194337 We offer support via Twitter in English. Get help in Spanish here: https://t.co/IBIY3vMgPj or join https://t.co/OczyRx7IOs
2063713,"@115858 GREAT job on the update.  My mom LOST ALL her photos.

#androidftw",@251828 We know how important those memories are. Are you with your Mom and her iPhone? Let's work on this together. https://t.co/GDrqU22YpT
184527,"@AppleSupport Hi
1. The iTunes automatically goes on Shuffle mode
2. It does not remember the last song I played after exit.
3. If there is a notification on Safari, it stops the song and adds that notification to iTunes as a music
&lt;1/2&gt;",@159435 We would like to help with your issues further. Reach out to us in DM. https://t.co/GDrqU22YpT
2483091,@115858 why does my camera not focus since I did the update?! 😤,@709416 That is definitely not expected. We would like to help. What kind of device are you using?
2309080,@AppleSupport why is iOS 11 completely draining my battery in like an hour?!? #bs,@669748 We'll be happy to take a look into it for you. Is this the first time you've noticed the battery draining like this?
905289,@115858 @AppleSupport @115948 help!!!! My full Apple Music iTunes library has disappeared !!! Help help help,"@334916 We know how important your music is. If you go to Settings &gt; Music, is iCloud Music Library enabled?"
2524432,"my @115858 iphone started acting up earlier - losing contacts and photos and tabs in safari and resetting me to the start window. v upset that i was losing valuable information and photos, so i tried to call the apple customer support line",@229227 Were you able to reach support via phone? Send us a DM with your iOS version please. https://t.co/GDrqU22YpT
2777640,@AppleSupport I've just restarted and my mac still crashes when I delete a bookmark,@776021 Thanks for completing the restart. Let us know if this helps: https://t.co/jmfl9ljdvU
1649006,"Ï guess since @115858 won’t fix this ī will just keep using different forms of į. Í have no problem with this, î am happy. Ì am fulfilled.",@503725 Thanks for reaching out. We have a workaround for this here: https://t.co/xXaXeeSRt9 DM us if you still need help. https://t.co/GDrqU22YpT
2695038,Hi @AppleSupport. Is it true you can check my iPhone's battery health remotely? I'd love to do this before selling my current phone to a friend. Thanks.,@757373 Thanks for reaching out to us. If you're having battery issues we'd like to address them. Please reach out to us in a DM. We'll be able to assist you there: https://t.co/GDrqU22YpT
2277696,@662347 @662348 @662349 @115858 I have the 6s and did the updates. Still getting the weird A-thingy.,@662346 We are here to help. Are you still getting them when you type or just in things others have written? Let us know in DM. https://t.co/GDrqU22YpT
1807920,@AppleSupport since downloading ios 11.3 my phone has been awful always freezing when someone calls me I have to keep restarting my phone 👎🏾,@543139 Let's work on this together so you can enjoy your calls. Let us know in DM if your iPhone only freezes during phone calls. https://t.co/GDrqU22YpT
2035338,"@115858 first the glitch with I, and now I can’t type I.T without I.T doing that. What the? I️ am severely annoyed",@601736 We'd be happy to help with this issue! What iOS version are you using? Check in Settings &gt; General &gt; About and tell us via DM: https://t.co/GDrqU22YpT
2185399,@115858 WHAT THE FUCK IS WRONG WITH MY IPHONE 7 !!!!,@640025 Let us help with your iPhone! What kind of issues are you experiencing? Please use the DM link below to share the details so we can assist. https://t.co/GDrqU22YpT
889021,@AppleSupport hey how do I check what date these purchases were made https://t.co/t7z1iHz4Qe,@217095 We want to help. Send us a DM and we'll help you find the information you are looking for. https://t.co/GDrqU22YpT
1167787,@AppleSupport Restart seems to have worked 😀,@394675 That's great! Enjoy the rest of your day.
2309424,@115858 that stupid update about the error on pictures and blurring them out is annoying asf is there any way I can take them out !!! Becoming really upset,@669827 We know managing your pictures is an important part of using your Apple products. Can you send us a DM and tell us which device you're using? We want help you. https://t.co/GDrqU22YpT
1800303,@AppleSupport Can I get a check on my battery in my iPhone?,@540904 We're here to help. DM us which iPhone and iOS version you have. Tell us what issue you're having with your battery. https://t.co/GDrqU22YpT
1378515,"No puedo descargar apps, algo le pasa a mi cuenta @12228 @115858 @AppleSupport  😭",@440910 We offer support via Twitter in English. Get help in Spanish here: https://t.co/IBIY3vMgPj or join https://t.co/OczyRx7IOs
2743067,@AppleSupport why have all my voicemails disappeared? I had saved voicemails from 2 years ago that meant a lot to me and now they’ve gone. Why??? Please give them back?!,"@287776 We understand how important saved voicemails can be. We're here to help. Send us a DM with the version of iOS you're currently on, the latest is iOS 11.1.2 https://t.co/GDrqU22YpT"
2058370,"@AppleSupport My iPhone 6s Plus is not synching my music &amp; photos. It keeps saying ""Sync session failed to finish"" Please help.",@608768 Thanks for reaching out to us. We'd like to help! Where are you seeing this message? Let us know in DM. https://t.co/GDrqU22YpT
1655349,@AppleSupport I have this every time. With both my cards. I tried everything but nothing works... https://t.co/aSpcE0wzpT,@425210 We're here to help. Please send us a DM to get started. https://t.co/GDrqU22YpT
2269950,"@AppleSupport Can’t activate it. Sprint shows the phone is active in their end, but I can’t get past the activation screen on the phone itself",@660517 Are you getting an error message on the activation screen?
2056387,"Hi @AppleSupport, pls up your iOS 11 game. it's lagging. the phone crashed a few times. the battery is draining so quickly.",@608156 Thanks for reaching out to us. We'd like to help you and look into this further. Please DM us to continue working on this. https://t.co/GDrqU22YpT
2343865,@AppleSupport I’m on the upgrade program and I need a return label for my old iPhone. I still haven’t received my shipping box and I don’t want to be charged for the phone I’m not using.,@677865 Hey there. Thanks for reaching out. We'd be happy to point you in the right direction. For sales related questions you'll want to reach out to our Online Store team here: https://t.co/8yjRd1Xo0i
2713254,"I did the 11.1.1 update with @AppleSupport and now my phone freezes, won’t scroll, apps and websites won’t load, sometimes I can’t hang up a call and it’s super slow 😡😤🙄",@761708 Our current version is iOS 11.1.2 We want to make sure you are updated to the latest version. Can you clarify this? You can find the information under Settings &gt; General &gt; About.
2286753,"Hey, @AppleSupport. Why is my alarm going off minutes after the set time? 6:30 at 6:31, 7 at 7:08…",@664432 We are here to help. DM us your device details and we can take a look at this. https://t.co/GDrqU22YpT
1037441,@115858 @116333 How long does installing High Sierra take?  I need percentages vs this over 12+ hours.  It feels like Frogger:( Restart? https://t.co/jhQXFOVUyt,@365417 We'd like to look into this. Send us a DM to continue. https://t.co/GDrqU22YpT
2729099,@AppleSupport Email attachments,@164051 Thanks for clarifying this for us. Are you using the Mail app or do you access your mail from Safari? Send us a DM and let us know. https://t.co/GDrqU22YpT
937490,@115858 I have an iPhone 7plus Medium gig and my phone freezes and lags more then my iPhone 5. Can we hurry the hell up and fix this garbage?,@342234 We'd like to help. Please let us know in DM the exact iOS version you're using. https://t.co/GDrqU22YpT
2692841,"Hi @AppleSupport my iPad Pro 9,7” is dropping my Wi-Fi connection, it’s my only device doing it, any clues? Turning off Wi-Fi and on makes the reconnection to happen but I hate the interrupted YouTube videos cause of this, any clues ?","@458607 We'll be happy to take a look so you can go back to enjoying your videos without interruption. Even though you are able to connect after restarting the connection, let's be sure to try these steps to get a good, fresh connection: https://t.co/sXbhzfS2lM"
2900377,@AppleSupport There arent many options on the site provided. You say you dont have enough info to reset my questions....now I am locked out of managing my account,@268858 We recommend contacting our Account Security team using this link:https://t.co/UJm15vmMM2 You can also use this article to find a number to call: https://t.co/mq28K5VwJP
2303486,@AppleSupport The issue that replaces the I with I️,"@668395 An update has been released to assist with this issue. If you haven’t yet, please back up your device and update it to iOS 11.1.1. For more info, check out: https://t.co/4f8hwT5to6
DM us any questions. https://t.co/GDrqU22YpT"
2596449,"@AppleSupport hi there, my apple id is locked and i cant unlock it because i dont have access to the email address associated with my apple id","@686132 If you don't have access to the email address used for your account, you can use your security questions instead. This article will help: https://t.co/qLj64gHtqO Reach out to us here if you need any further help: https://t.co/IBIY3vMgPj"
236424,"@AppleSupport with ios11 if a video is being played and we receive a call, the video continues to play while the call is on. Please try fix","@172310 Hey, we want to hear more about this so that we can look into it. Please DM us and we'll go from there. https://t.co/GDrqU22YpT"
267772,@AppleSupport iOS 11.0.2 is causing my iPhone 7+ to freeze up several times a day (including when using Apple-native apps like Safari).,@179847 We want to help with your iPhone. Reach us via DM to continue. https://t.co/GDrqU22YpT
761898,@115858 this happened to my iPhone 5s won't turn on what do I do?? https://t.co/KNe23glijJ,@302033 Thanks for reaching out to us here. You'll need to connect to iTunes. Are you accessible to a computer currently? https://t.co/GDrqU22YpT
564004,"@AppleSupport yes and yes, started yesterday with my new iphone.",@191752 Is the iPhone fully up to date as well? We released iOS 11.2 recently.
2479086,@AppleSupport is this a real apple text? https://t.co/AWNEChn5Rn,"@708494 That appears to be phishing. Since this is a text message communication, we would recommend reaching out to your wireless provider for more details on how to report and prevent these phishing attempts."
2942144,"There’s been 2 iPhone updates since the ? box thing has fucked up “I” and is still not fixed @AppleSupport and no, going into text replacement doesn’t work",@812865 We'd like to look into this with you. DM us the details of what you are experiencing and we'll get started. https://t.co/GDrqU22YpT
1001162,@AppleSupport @357019 Older model iPhones have always slowed down with big software upgrades ! They design the upgrade based on the new models capabilities.,@357020 We look forward to hearing about your experience in DM. We want to learn more about the changes you've seen there. https://t.co/GDrqU22YpT
2746104,Can't sign in to iCloud lost all contacts on my phone. Not can I access my mail. Will not work on phone but works on iPad #icloud @115858 @AppleSupport #sos,"@769018 Thanks for reaching out to us. Did your iPhone log out of iCloud on its own, or was it logged out for another reason?"
1548538,"I’m suing @115858 for extortion 

They continually cut off features to my phone every time I don’t do one of their updates",@479380 We’d like to understand more about what you're experiencing. Please DM us some details and we’ll take it from there. https://t.co/GDrqU22YpT
1913860,@AppleSupport hey your new ios is trash I can’t even use spotify or make calls anyway to go back?,"@570078 Meet us in DM, then we can take a look in to this with you and figure out how to best resolve this on your device. https://t.co/GDrqU22YpT"
897706,Three updates to the new iOS by @115858 and shit still freezes entire phone. What the fucking fuck?!,@303912 Please send us a DM and we can chat with you there. Thanks. https://t.co/GDrqU22YpT
1872276,@115858 this update is trash. I want my old phone back. I can’t even preview my messages before I open them. Y’all have got to change that,@559089 We'd be happy to review the issue you're experiencing. Please DM us with more details and we'll go from there. https://t.co/GDrqU22YpT
1748768,@AppleSupport you guys charged me something I haven’t used...help!,@292334 Thanks for contacting us. We'd like to help. Let's meet in DM. https://t.co/GDrqU22YpT
1999911,Sérieusement @115858 vous allez prendre au sérieux mon problème ?? Ça fait 3 MOIS !!! @AppleSupport,@591343 We offer support via Twitter in English. Contact us for help in your preferred language here: https://t.co/IBIY3w3RGR https://t.co/GDrqU2kzhr
568419,@116333 hi Tim Cook. I would love to have the opportunity to speak to you about the horrendous service I received this evening. My phone will now be out of service for 24 days due to the iOS upgrade. Completely unacceptable!,@253369 We'd like to look into what happened and see if there's anything we can do. DM us a few more details about what happened to start. Thanks. https://t.co/GDrqU22YpT
2205852,@AppleSupport Looks like 11.0.2?,@644953 That's a version behind then. Let's go ahead and update to iOS 11.0.3 and see if that helps. Here's how: https://t.co/80YRnjDFDk
611308,"@AppleSupport live wallpapers aren’t working. I’m running 11.1.2 on my new #iPhoneX. I’ve tried restarting and also switching to a still then switching back to a live. Help, please.",@265348 We're happy to help you get this fixed. Sounds like you may have the Reduce Motion feature enabled. Follow the steps here to locate and disable this: https://t.co/P2Obw6ZIR3  Let us know if this helps you.
1526057,at @AppleSupport i need a new computer charger :(,@391157 Thanks for reaching out. DM us and we'll do our best to assist. https://t.co/GDrqU22YpT
245159,@AppleSupport I’ve tried that a few times to no avail. I don’t know if there’s a hidden setting maybe I need to activate ? It just stays white after 321 https://t.co/D7yg1h6D6K,@174199 Let’s dig a little deeper. Which version of iOS 11 are you running? You can find out in Settings &gt; General &gt; About.
2970222,@115858 @AppleSupport Really appreciate my 1 year old iPhone 7 dying at 50% everytime. #PlannedObsolescence.,@819281 Getting the battery life that's expected from your iPhone is very important and we definitely want to take a look into this. Select the following link to join us in a DM and let us know the country in which you're located. https://t.co/GDrqU22YpT
1434169,@115858 your costumer service SUCKS,@452978 We're here for you. DM some further details as to what is going on and we can go from there together. https://t.co/GDrqU22YpT
148267,"@AppleSupport Who’s stupid idea was that? My phone randomly connects to which ever car switches on in the driveway, how do I roll back the iOS",@149734 If you'd like to provide feedback or request a feature change on an Apple product you can do so here: https://t.co/eTPVYVFyd8
2307550,"Hey @115858 fix this I️ thing already, it’s super annoying.","@669390 Please update to the latest version of iOS, 11.1.1. This resolves the auto-correct issue. Remember to back up your device first.

How to update your iOS device: https://t.co/80YRnjDFDk
How to back up your iOS device: https://t.co/4f8hwT5to6"
1033559,@364528 @364529 @115858 ok - im trying - but i honestly... still can't find them. but im gonna keep trying. i now have good leads to try.... THANK YOU for taking the time to help!,@364527 We'd like to look into this with you. Check out the following resource: https://t.co/BPKsDh4yzH DM us details and we'll continue there. https://t.co/GDrqU22YpT
878877,@AppleSupport iTunes won’t use my available credit as payment anymore. Wants credit card for purchases.,@328653 Our iTunes Store support can have a look at this for you. Reach out here: https://t.co/SDIe7UiyJN
686842,@AppleSupport Passcode :(,@283997 Thanks for verifying that.  If you forgot your passcode on your iPod you'd want to follow the steps here: https://t.co/F1QfwW1u1N to remove it.  This will also remove all the content from your device.
1145075,@AppleSupport the latest 11.0 software is rubbish!!! Mine keeps freezing now.😤 #goingsamsung #applefail #help #apple #ios11,@389491 Let's work on it together in DM. Please click the following link to join us. https://t.co/GDrqU22YpT
1984642,@AppleSupport Stuff be able to transfer over by the new iOS 11 feature which lets data be transferred over by a code thing,@189110 We can help. Your mom's data on the iPhone 5c can be transferred with a backup. https://t.co/lOVrD5pu5o DM us with any questions. https://t.co/GDrqU22YpT
1193461,@115858 your update is bad and you need to fix this. Everything was fine and now everything just closes and doesn’t work right,@400440 We'd be happy to help. Send us a DM and we can start there. https://t.co/GDrqU22YpT
5844,"@AppleSupport No, virginmedia. Tried twice with completely new mail. One didn’t save, 2nd did though. Very odd.","@117107 Some accounts may create separate folders for your Drafts. If you're still having trouble, please DM us here: https://t.co/GDrqU22YpT"
222949,@169246 Another faulty issue @115858 charge my phone to 95% then it shuts its self off at 80-79% battery life this is a shame @115858,@169245 Have you updated to iOS 11.0.2 yet? https://t.co/80YRnjDFDk Send us a DM and let us know. https://t.co/GDrqU22YpT
2148144,@115858 FIX THE I️ GLITCH,@631391 Here’s what you can do to work around the issue until it’s fixed in a future software update: https://t.co/xXaXeeSRt9
1211071,Thinking to switch to @125607 next time! @AppleSupport Is there a way to reverse the software update? Phones a nightmare to use now!,@404268 Let's look into this together. Could you tell us which iPhone and iOS version you're using?
1305648,Grrrr @115858 !! Billing me for Apple Music but I can’t listen!! You should reimburse people who are also having this issue. And the online chat to your company sucks!! #needmusic #roadtriptomorrow,@425110 We’d like to see how we can help. Can you DM us some more details about the issue you're having? https://t.co/GDrqU22YpT
2562363,@115858 when are you going to fix this bug because am getting really annoyed. About to leave apple and return to droid.,@727171 We're happy to help with any issues you're experiencing. Please let us know a bit more about what's going on and we'll get started.
1548760,@115858 if you don’t fix this autocorrect I️ bullshit I️ SWEAR TO GOD,@__hollyhudson__  We want to help.  Send us a DM letting us know if you are updated to iOS 11.1. https://t.co/GDrqU22YpT
97584,"Erm… What even happened here, @AppleSupport ? https://t.co/SiXJQ8f73Y","@137352 We'd like to learn more about what's going on. Meet us in DM with some details, such as what happened right before you saw this screen, what version of IOS you're using, and what country you're in, and we'll go from there. https://t.co/GDrqU22YpT"
848991,"@applesupport dear apple support my iphone storage almost full but full in other, can u tell me why?","@207503 Sure thing. You can learn about cached files in ""Other"" iOS storage in the following link: https://t.co/0yFHFRYSnX"
1335188,I JUST BOUGHT THE NEW IPHONE AND SHIPPED IT TO SAN DIEGO HELP ME @AppleSupport,"@431461 Hey, let's get you to the right spot for help with that order. Reach out to our Online Sales team here: https://t.co/8yjRd1Xo0i"
2439771,"@AppleSupport yes, but when I go to the playlist after adding the second time the track will now be there twice. If I don’t try to add it again it won’t appear at all though, it’s infuriating!",@699769 Thank you for confirming that for us. Select the following link to join us in a DM and we'll take a closer look into this. https://t.co/GDrqU22YpT
2013799,"@AppleSupport No, but the same email account on my iPad doesn’t do this so I’m assuming it’s localised.",@595463 Let's move to DM for a closer look. What country are you located in? https://t.co/GDrqU22YpT
1556331,This I️ thing is really annoying. What’s going on @115858 ?,@481182 Check out this article here: https://t.co/xU1AGIa4ME
657584,@115858 I am suffering from iPhone 6+ your worst product.0096599582407,@241087 We're always glad to help. Could you tell us in DM what type of issues you are experiencing? Could you also let us know which county you are located in? Our options are a little different around the globe. https://t.co/GDrqU22YpT
2206036,@AppleSupport new IOS 11.0.3 with horrible bugs. My phone has cut off unexpectedly 2 times in 2 days. Help!,@645008 We can assist you. Please DM us via the following link and we'll help you further from there. https://t.co/GDrqU22YpT
2378902,@AppleSupport I wiuld just like to turn the new feature off :) it hurts my eyes,@686018 We know how important it is to have your iPhone settings customized to fit you. Auto-brightness can be turned off by going to Settings &gt; General &gt; Accessibility &gt; Display Accommodations. Any questions? Send us a DM; we're happy to help. https://t.co/GDrqU22YpT
2435753,@115858 when closing apps the last one won’t swipe up to close,"@616015 Let's look into this together. To get started, let us know which device you're using. https://t.co/GDrqU22YpT"
1211062,@AppleSupport How can I save battery life through out my day without needing to plug my phone in all day even though I’m on It a lot?,@404265 Great question! Here's a useful guide with tips for iOS devices like your iPhone: https://t.co/bivpdfBNJ6
514829,@AppleSupport I bought this album but track 3 won’t download and isnt showing up https://t.co/vS5UOSHoWX,"@144856 Based on the photo, we can see track three. What happens if you tap on it?"
1825390,"@AppleSupport have a new iPhone7. Restored all my pics, vids etc fr old to new. I noticed that my videos would buffer 1st bef it plays. Why?",@318714 We're happy to look into this with you. Let us know if you have iCloud Photo Library enabled on your iPhone 7 in DM. https://t.co/GDrqU22YpT
2000988,"Well, this unfortunate autocorrect bug is making professional communication pretty difficult... thanks, @115858! https://t.co/eofbChPw8j",@591683 We'd like to take a look at what's happening here. DM us and tell us the exact version of iOS you're currently using. https://t.co/GDrqU22YpT
1620508,The glitch in the new iOS update is cramping my style @115858 you need to fix this ASAP https://t.co/MyM34Uf12M,@496649 Thanks for reaching out. We currently have a workaround for this. Here's how: https://t.co/xXaXeeSRt9
1999728,Why does the letter “I️” turns into an A and a box with a question mark? @AppleSupport,@343094 We'd be happy to look into this with you. DM us the iOS version you're currently running using the link below. https://t.co/GDrqU22YpT
1896647,@AppleSupport Just got disconnected from an important account support call. Should I call back or will they call me?,"@565290 If you provided a callback number they should contact you back. If not, just reply back in a DM. We’ll move from there. https://t.co/GDrqU22YpT"
2974480,@AppleSupport I have a question about what comes in the box for a new iPhone 8. #iphone8,"@209067 That’s a great question. Check out this link. If you scroll to the bottom, you will see an “In the Box” section. This will tell you everything that comes with the iPhone: https://t.co/U12xqgJWbP"
2360323,@AppleSupport  I need your help,"@681634 We are here to help! Send us a DM, and let us know which country you're located in so we can look into options for you. https://t.co/GDrqU22YpT"
164187,"i’m sitting listening to music, not on my phone or anything and my music keeps pausing randomly like halfway through a song?? help @applesupport",@154028 Let's work together and get this figured out. Are you streaming music now or listening to music offline?
1746023,@115858 I'm tired of y'alls bullshit. Whys my phone acting up???,@526428 We'd love to assist you. DM us the specific issue you are experiencing and we can go from there. https://t.co/GDrqU22YpT
513652,@AppleSupport  https://t.co/WHAK23Q2SU,@238228 Let's take a closer look to get this resolved. Please DM us and we can go from there. https://t.co/GDrqU22YpT
215347,@applesupport notifications for texts on my 6s has stopped but i do receive for imessage,"@167166 Hi, how long has this been happening? Does this happen when on Wi-Fi &amp; cellular data? Have you tried restarting your iPhone?"
1081498,"Ever since I downloaded iOS 11 my phone has been acting out 😔😔, gosh it’s frustrating me so much!!! @AppleSupport",@375117 We are here to help. DM us the details of your issue and we can take a look. https://t.co/GDrqU22YpT
2117331,@AppleSupport I can't update my iPhone 6 to iOS 11.1 because it's says than have a connection error.,@624067 Are you still having issues? Let us know so we can help.
1030447,"@AppleSupport why would I ever want to take my AirPods out while I’m listening to @115888 put them back in, and want to hear @115948",@363802 Please help us understand what's happening. Is the problem the song or the device? Can you duplicate this on other devices? https://t.co/GDrqU22YpT
1372477,"@AppleSupport iPhone 8 Plus lags ever since 11.1 update, anyway to fix that?",@439415 Thank you for reaching out to us. We'd like to work with you to get this sorted. Are you seeing this in specific apps?
2385107,"@115858 @93618 Hello ladies and gentlemen... can anybody tell me who do I have to punch to get this OSX updated!Still saying it is up to date, while apparently its not! #Help https://t.co/zdhnzyGylf",@687430 We'll be happy to help look into this situation! Join us in DM and we'll take a closer look: https://t.co/GDrqU22YpT
2307575,@AppleSupport Please I need to know if anyone else have battery draining issues after upgraded to ios 11. I bought my iphone 8 and i dont know if the problem is the phone or ios...,@669398 We'd like to look into this with you. DM us details of the battery issues you're having with your iPhone 8 and we'll work with you on resolving the issues you're having. https://t.co/GDrqU22YpT
427434,@AppleSupport mark.. Like the image..  What can I do to fix this? I have to hold power button to shut off and restart (gives chime twice) and it works OK https://t.co/oM9qfHKEfI,@134137 Thanks for reaching out. Let's start with the steps here: https://t.co/GWiML8l4fT to see if we can get the issue corrected.
2642606,I put my phone on the charger and it’s dying.. WTF @115858,@745687 We want to help you out. Send us a DM and let us know what iPhone this issue is occurring with. https://t.co/GDrqU22YpT
261300,"Updated my iPhone, its saying headphones are plugged in when they’re not, sound only works when I plug headphones in. #help @AppleSupport",@178214 Thanks for reaching out. We're happy to help. Check out the troubleshooting outlined here: https://t.co/ljC4xMquIF
270653,iphone 6 exploded! Hard to get my phone replaced. @115858 @AppleSupport https://t.co/OvKxHAl9aD,@180549 We want to help. Reach us via DM to continue. https://t.co/GDrqU22YpT
2676545,@AppleSupport Why has my mac suddenly started giving me electric shocks 😟,@392404 That's not the type of experience that we'd like for you to have with your Mac. Join us in DM here: https://t.co/GDrqU22YpT
2185170,Anyone else having iPhone problems since update @AppleSupport. turn WiFi off lock screen then unlock &amp; the WiFi is on #batterydrain,@639969 Are you turning Wi-Fi off using Control Center? This article has more information: https://t.co/G7BHuQnDS6
543732,".@AppleSupport My iPhone SE and my friends iPhone 6 running #ios11 keep crashing. Apps wont start or close randomly, losing all progress.","@246304 We'd like to look into this with you. To get started, let us know what exactly happens when the device crashes."
1685090,This update messed up my phone and I’m not buying the new one so fix it!!  @115858,"@512027 We’re available to help. What’s happening with your iPhone? Also, which iOS 11 version are you using?"
1748666,@115858 FIX THIS https://t.co/X8n304Uujf,@527084 Here’s what you can do to work around the issue until it’s fixed in a future software update: https://t.co/xXaXeeSRt9
1416898,Why the fuck does @115858’s photo search in our albums on our iPhones have a “brassiere” category....?! This pisses me off,"@449309 That's not the experience we want you to have. Please send us a DM, and we'll take a look into this. https://t.co/GDrqU22YpT"
1958915,"@AppleSupport No it acts like it took the photo but when you go to the pictures, it’s not there.","@581147 Got it. From here, send us a DM letting us know which country you're located in. We'll continue helping out from there. https://t.co/GDrqU22YpT"
1577371,"I️ swear, if one more of those damn question mark box things shows up in one of my messages... fix the glitch, @115858! https://t.co/IQaxbRhPUg",@485867 We'd like to help. Check out this article for assistance: https://t.co/xU1AGHStV6
2141042,@115858 why can’t I️ use the letter between “u” and “o” and my keyboard AFTER the update and AFTER I’ve done the shortcut fix?,"@629610 Did you set the shortcut up as outlined here: https://t.co/xXaXeeSRt9 If so, send us a DM with the exact iOS version."
2910464,@AppleSupport I'm a dumby - thanks for the quick response! Android sucks. &lt;3,@805724 You're welcome.  Were you able to see what version you are running?
825930,"@AppleSupport My phone is always freezing up on me, or calling random numbers, or typing letters/numbers I’m not even touching. It’s irritating😠",@316711 That's certainly not the experience we'd like for you to have. Which iPhone are you experiencing this issue on?
2284112,@115858 y’all need to fix this update before I️ get a android,@663775 We'd like to help. Let's take this to DM and we'll explore ways to provide you assistance. https://t.co/GDrqU22YpT
610285,"@AppleSupport, iOS 11 has caused my 2016 iPad Pro terrible trouble. I can’t connect to home wifi AND it is slow to download and install apps",@265095 Let’s work together to find out what is happening. Reach out to us in DM and we’ll help. https://t.co/GDrqU22YpT
121529,@AppleSupport Message sent,@143056 We got your DM. We will meet with you there.
542358,@115858 how can I stop these  iOS update auto downloads please,@245873 We would love to hear your thoughts. You can leave feedback about that here: https://t.co/eTPVYVFyd8
513681,@AppleSupport That didn’t work. It worked perfectly fine until the last update. Perhaps that’s why the code name for iOS 11 is “Bugs”?,"@192433 Thank you for giving those steps a try. Please send us a DM, and we'll continue to help you resolve the problem with Siri. https://t.co/GDrqU2kzhr"
2078570,Can you please fix this problem? @115858 @AppleSupport #droppedcalls #lag #batterymurderer #iphone7,"@541800 We can sort this out together. To start, DM the version of iOS 11 your iPhone 7 is on, and we’ll go from there. https://t.co/GDrqU22YpT"
2153415,"Hey @AppleSupport I️ would really appreciate it if you can fix my I️ on my texts, emails and messaging. I️ am feeling like it should be fixed....",@632732 Here’s what you can do to work around the issue until it’s fixed in a future software update: https://t.co/xXaXeeSRt9
1573090,@AppleSupport why is this happening!! https://t.co/U3s7X5SeXd,@484895 Let's help. Try this out: https://t.co/xXaXefaskH Let us know if that helps correct that issue with autocorrect.
2894736,@AppleSupport Can y’all hurry up &amp; fix this blank box for the I? Shit annoying at this point.,@802219 There's an update out now that fixes this issue. Make sure you have a recent update and update to 11.1.2
146808,Starting to get some of my @149329 @YahooCare emails arriving in native @AppleSupport iOS Mail app on iPhone with “This message has no content”. Usually takes a few refreshes for the content - mostly messages based on HTML images - to appear.,"@149328 Let’s investigate this together. To start, tell us the iOS version your iPhone is on, and we’ll take it from there. This info can be found in Settings &gt; General &gt; About."
2057328,@608458 I have the 8 plus and my shit lags like crazy! Thanks @AppleSupport,"@608457 If you'd like, we can work with you to see what's going on with your iPhone. Send us a DM and we'll go from there. https://t.co/GDrqU22YpT"
928245,Panchodo kutteyo kusreyo bastaaro my battery dies so quickly since the update @115858,"@340239 We're here to help. What device are you using, and what's the exact OS version installed?"
1092485,@AppleSupport  https://t.co/HHaT7zTStf,@377803 Thanks for trying them. Let's continue in DM so we may better assist you. https://t.co/GDrqU2kzhr
1760176,What’s up with the ? in a box? @AppleSupport,@334032 Here’s what you can do to work around the issue until it’s fixed in a future software update: https://t.co/xXaXeeSRt9
1632387,"@AppleSupport The app won’t open fully every time i️ try to access it. All i️ see is a black screen, then it just closes back out to my home screen.","@499511 Next step: Let's delete the Music app, reboot the device and re-download the Music app from the App Store. DM any questions. https://t.co/GDrqU22YpT"
2557397,"@AppleSupport This started with the iOS 11 way before got my new iPhone and after updating to ios11. However, I’m running. iOS11.1.1.",@726055 Got it. Would you mind joining us in DM please? We'd like to continue our conversation there and start troubleshooting. https://t.co/GDrqU22YpT
585859,Something is wrong with my phone. I’m on my old phone but my new phone (the X) keep restarting like wtf @115858,"@258314 We definitely want you to be able to use your iPhone X, so we're glad to help.  Please take a look at this article, which details steps to take if your iPhone is restarting: https://t.co/osZOKKTalm"
864089,"@AppleSupport MacBookAir won't turn on. Called support, 2hr __email__ &amp;no appt for 3 days. I'm a teacher, need laptop. What else I can try?",@325208 Thanks for reaching out to us. Please send us a DM and we can chat there. https://t.co/GDrqU22YpT
2297028,Bruh why my camera wont work 🙄😩 @115858 @AppleSupport,"@666855 We'll be happy to help you determine what's going on with your camera. To do so, let us know more about what you're experiencing. Also, which device model do you have and what is the exact iOS version installed? You can check under Settings &gt; General &gt; About."
1981858,"@AppleSupport For ~6 months now, I haven’t been able to use AirPods reliably. The first call works, but then no audio for subsequent calls.",@586638 We can help look into the root cause as to why this is occurring. Send us a DM with your device &amp; iOS version to get started. https://t.co/GDrqU22YpT
2186227,i left my phone charging last night and i wake up to a dead phone 😑 FUCK IPHONES @115858,@640247 We want to assist you get your phone powered back on. Please take a look at the following article it may help: https://t.co/8MvHMFZ83h
2910496,A [?] need @115858 to fix these bugs because I.T makes me look like I started drinking at 4 in the afternoon.,"@805733 We recently released an iOS update, 11.1.2, that contains a fix for autocorrect issues. Let’s be sure to back up your device prior to updating. How to back up: https://t.co/4f8hwT5to6"
407073,@AppleSupport Looks like I’m having signal/WiFi  problems. Bluetooth turns its self on whenever it wants. And a couple of other things.,@212024 We understand the importance of your Wi-Fi and Bluetooth connection and want to help. Let's continue in DM. https://t.co/GDrqU22YpT
2127306,@AppleSupport my phone is working slowly. How can I do to fix it?,"@291712 Let's take a look at this together!  To begin, what iOS version are you currently on?  When did you first notice this behavior?"
796608,@AppleSupport No I don’t,@309954 Reach out to us via DM and we can take a look at options with you from there. https://t.co/GDrqU22YpT
1509971,Phone already acting up after the update @AppleSupport,"@470473 Fill us in via DM on what you see occurring, then we'll be happy to help out from there. https://t.co/GDrqU22YpT"
2144587,Hey @AppleSupport. This I️ error is a pain in the ass. Update soon?,@630514 Here’s what you can do to work around the issue until it’s fixed in a future software update: https://t.co/xXaXeeSRt9
2261502,@AppleSupport my photos are not transferring to my new iPhone 8 Plus . Backed up from iCloud 3 times .,@658439 Has the rest of your data been restored onto your new iPhone? Please let us know in DM to begin. https://t.co/GDrqU22YpT
484407,"@AppleSupport I continue to have issues with iCloud Music Library. If (emphasis on if) it enables on my iPhone, iPad or Mac, it’s because I tried  20 or so consecutive times. Are others having similar issues?",@230265 We're happy to work with you in more detail. Join us in DM with your current location and whether you've been able to sign in on all three devices. https://t.co/GDrqU22YpT
2973449,"@115858 I know I should have an arm band while I run. Mine broke, but I didn’t expect to be burned by my iPhone 7.. 😕🤕 https://t.co/2d5jqoCslD","@820058 Thanks so much for reaching out to us this evening. We understand your concern with this, and we'd like to have you reach out to us in DM using the link below and we'd be happy to continue from there. https://t.co/GDrqU22YpT"
1592003,@115858 fix this shit “I️” shit I can’t send a proper email,@489379 Let's try the steps listed in this article. https://t.co/xU1AGHStV6. Let us know if you need any further help.
400384,@AppleSupport Restart and the speaker works again,"@210680 We're glad ot hear it's working now. If the issue does come up again, please reach back out to us."
1136061,@AppleSupport Your most recent update ruined the communication between my iPhone 7 Plus and my 2014 Kia Optima! Now when I plug my phone it try’s to start Pandora. I have thousands of dollars in iTunes music! Thanks a lot!!! 🤬,@387647 We can certainly look into what's going on. Are you connecting the iPhone to the Optima with a lightning cable or Bluetooth?
1339757,Is something wrong or flawed with your servers @115858? Maps app shows the blank grid. 🤔 #Apple #iOS https://t.co/V7q2iYNksh,@316193 Maps is an important tool. Which device and version of iOS are you using?
701576,@AppleSupport Why the color of application folders appears to me black instead of cloudy? https://t.co/ZiLMmAZpez,"@287479 Thanks for reaching out to us for support. We would love to help you. When you have a free moment, can you please tell us which version of iOS you are currently running?"
1784931,@115858 why does iOS 11.02 allow people to access all my notes from lock screen if I put it in my control centre. Surely existing notes...,@536284 We'd like to hear more about what's happening. DM us about this issue with Notes in the Control Center and we'll go from there. https://t.co/GDrqU22YpT
2081530,Still having battery charge issues @115858 @AppleSupport #sodisappointed,@610095 What is the exact iOS version running on your iPhone? Let's meet back up in DM to continue working towards a solution. https://t.co/GDrqU22YpT
1016913,This new @115858 update got my phone going crazy,@360606 This is not the experience we want you to have. Which iPhone model do you own?
2361699,@AppleSupport ok ok 👍 thank,@681951 You're very welcome. Reach out to us if you ever have a question.
2924657,@AppleSupport 10.3 iPhone 7,"@809266 Thank you for confirming that for us. Could we please have you follow these steps https://t.co/80YRnjDFDk to update to the latest version of iOS? After updating, please let us know if this issue persists and we'll be happy to continue on this with you."
2315957,"@AppleSupport Yo! When I tap on ""Install tonight"" on the software update pop-up on iOS, nothing happens. Can only click ""remind me later""",@596850 We'd be happy to look into what's going on. Are you trying to set it up to install overnight?
603250,@115858 I downloaded the new U2 album from @118721 but I am unable to listen? Please help. https://t.co/0uPUxxQo2N,"@263304 Thanks for reaching out. We'll get you listening to your music as fast as we can. 

What country are you located in? Let us know in DM. https://t.co/GDrqU22YpT"
689384,@AppleSupport Thanks apple that worked @AppleSupport,@284735 Awesome. Feel free to reach out if you have a question or concern in the future. We're here for you. Take care!
208821,"@AppleSupport the loading time of pages on safari is slower in Macos high sierra, Macbook Air 2015",@165415 We're happy to look into this with you. Is this issue only happening in Safari or does it happen in other browsers?
1772865,@115858 @AppleSupport idk if y’all have noticed but everytime we use the letter “I️” it changes it! So fix it or else! https://t.co/W4AEuOvYqo,@532835 Here’s what you can do to work around the issue until it’s fixed in a future software update: https://t.co/xXaXeeSRt9
1772563,@AppleSupport Why can’t I️ type the letter I️?,@532751 Here’s what you can do to work around the issue until it’s fixed in a future software update: https://t.co/xXaXeeSRt9
451439,"@AppleSupport No luck, same problem. I’ve tried on both my iPad and iPhone. I’m sending a lot of pictures, 70+, and some of them are very large 24MP images from a camera. All pictures are in iCloud Photo Library. https://t.co/S8QhaMVb5I",@222053 OK. We'd like to take a closer look at this. Send us a DM and we'll go from there. https://t.co/GDrqU22YpT
2467691,@applesupport iOS 11.0.3 sometimes removes the clock/date from the home screen. Blank screen when I press power button. What's the deal??,@142811 Thanks for reaching out to us. How often would you say this happens? What do you do to recover from it?
2726042,"@AppleSupport in the last day/two, I cannot open apps anymore. EVERY. Single. App. Freezes and crashes.","@764495 We're happy to help. To start, what version of iOS are you running? Find that in Settings &gt; General &gt; About. Let us know and we'll go from there."
334957,My phone be tripping ever since I updated to iOS 11 😳 @115858,@195825 We're happy to help. Can you give us some details on what's going on? Are you on iOS 11.0.2 or an older version?
2068265,@AppleSupport i upgraded my ios to 11.0.2 but why everything going slow and apps got errors oftenly?,@611630 We'd like to take a closer look at what's going on. Reach out to us via DM with what type of device you're using. https://t.co/GDrqU22YpT
1704627,@AppleSupport,@516688 Here’s what you can do to work around the issue until it’s fixed in a future software update: https://t.co/xXaXeeSRt9
1993575,@AppleSupport fix it !,@589990 We'll be glad to look into this with you. Which apps are you experiencing this with? Send your answer in a DM. https://t.co/GDrqU22YpT
2138828,Fix the glitch eye stg @115858,@629055 Here’s what you can do to work around the issue until it’s fixed in a future software update: https://t.co/xXaXeeSRt9
337009,"@196406 @AppleSupport I have the same issue on my new iPhone 8+. WiFi works great for a bit, then just stops. Restarted phone and toggled airplane several times","@196407 We'll help you out! Send us a DM, and we can work with you from there. https://t.co/GDrqU22YpT"
2427416,@AppleSupport I deleted and reinstalled all the apps again and it’s still done the same thing,"@696988 Thank you very much for those details! Please send us a DM, and we'll continue working on this there. https://t.co/GDrqU22YpT"
1828921,"@AppleSupport why my app store isnt working bih these devices are expensive as hell, do what u gotta do",@548865 Let’s team up to get this addressed. Which device are you using? How long has this been happening? Let us know via a DM. https://t.co/GDrqU22YpT
1637803,"Ummmm, why does my “I️” look like this? @AppleSupport",@500880 Here’s what you can do to work around the issue until it’s fixed in a future software update: https://t.co/xXaXeeSRt9
2015961,@115858 can you fix the letter I️ pls https://t.co/e9NP7IYTux,@596145 Thanks for reaching out. We have a workaround for this here: https://t.co/xXaXeeSRt9 DM us if you still need help. https://t.co/GDrqU22YpT
2055668,iOS 11 is draining my battery like no other wtf @115858,"@607941 We'd be happy to look this over with you. Please meet us in DM so we may gather information, and better assist. https://t.co/GDrqU22YpT"
2981638,@AppleSupport you have to fix this landscape bug asap🙏,@822362 We'd love to help! Which version of iOS are you updated to? Could you tell us a bit about the trouble you're having?
2833059,@AppleSupport My MacBook Pro Retina Mid 2012 have been having display issues (black screen) after restart and takes like 15mins for the screen to display. I upgraded to macOS High Sierra hoping it will fix this issue but now it won’t even display again. Pls I need support on this.,"@788700 We'd like to assist. Your DM has been received, please keep a look out for our reply there shortly."
522053,@115858 THANKS FOR PUTTING ME ON HOLD FOR 30 MINUTES AND COUNTING.... I HUNG UP SO I’LL FIGURE IT OUT ON MY OWN 😡🤬🖕🏼📱,@240564 Check out this article on how to add or remove your phone number in Messages or FaceTime: https://t.co/R5zxAaOprt DM us if you have any questions. Thanks. https://t.co/GDrqU2kzhr
1573719,@AppleSupport I tried again and now it tries to reboot and then turns off completely,@485040 Do you see anything show up on the screen before it shuts off again?
491421,"@232083 @115858 Darn, now I need to update because all I see if question marks and weird symbols.","@205658 Enjoy the new emojis! And, if you haven't yet, please back up your device and update it to the latest version iOS 11.1.2, which addresses this issue. For more info, check out: https://t.co/xXaXeeSRt9

￼"
1594982,So I’m not the only fucking one @115858 FIX IT BEFORE YOU LOSE CUSTOMERS https://t.co/4S0Hos3yI6,"@490089 Hey there, we're glad to help. Check out this article for help: https://t.co/sDSg942Lx2"
2743075,Excuse me @115858 but where’s the iOS update that a) stops my music cutting off when open a gif and b) lets me go straight to Spotify/AppleMusic from the music control centre widget thingy? Stop making my life difficult,@749422 We'd like to help look into what's happening with your music and Control Center. Send us a DM and let us know if this happens when opening GIFs in Messages or other apps too. https://t.co/GDrqU22YpT
235838,@AppleSupport I think my device back to normal again. Thank you.,"@172175 We're glad to hear it, let us know if you need anything else."
2747270,@AppleSupport Yes and it does this over and over and over again https://t.co/s5lrnA8NLq,@769279 Does restarting help? Can you please DM us? https://t.co/GDrqU22YpT
1247826,My biggest regret rn is updating the software on my phone 🙃 @115858 help,@412766 That's not what we like to hear. We want to help you. What issue(s) are you experiencing?
1291125,@AppleSupport Perfect! Sounds like the 5s may be eligible for a small credit? Is it an Apple Store credit/gift card that I may use? Thanks!!,"@170455 That is correct, they will be able to give you all your options when you go."
2274036,@89529 @115858 I am going to end you for this update please fix it NOW because I am trying to BE CUTE ON THE INTERNET,@661440 We'd be happy to look into this with you. Can you provide us what you're experiencing?
238811,".@AppleSupport Hey! For some reason since installing iOS 11.0.2 whenever I try to answer calls with my headset, it hangs up. Any advice?",@172799 We can assist you. Does this same issue take place on calls when you are not using your headset as well?
1533759,Um @AppleSupport wtf is this? https://t.co/rn5CbJUafP,@475658 We'd like to look into your issue. Send us a DM with your device type and iOS version to get started. https://t.co/GDrqU22YpT
1919559,.@AppleSupport Since updating to 11.0.3 I can only send an MMS by first turning Wi-Fi off. Is this going to be fixed?,"@302117 We'd be happy to look this over with you. Please meet us in DM so we may gather information, and better assist. https://t.co/GDrqU22YpT"
1394067,"@AppleSupport How to keep HDR ON, always in the camera app. It keeps to turn off even with Preserve settings selected.",@328727 That's a great question. Check out this article for information on the HDR feature: https://t.co/ac6jYTuXab
2560445,@AppleSupport I need help unlocking my iCloud,@701009 We'd love to help. Let us know if you've tried the steps provided: https://t.co/HH37urdbz9
584710,@AppleSupport bought a new Watch. Didn’t see backup of the old one in iOS. Unpaired to force a backup. Backup still not there. What now? How can I get my data back?,"@257980 Thanks for reaching out and congratulations on your new Apple Watch. Let’s work together on this situation with your backup. To clarify, you aren’t prompted to restore from a backup during step 4 of the set up process, did we get that right? https://t.co/lrUT3FBnPf"
1752044,"@AppleSupport can you explain to me why I must enter my social security number to verify my account. I own a iPad, not a Rolex. https://t.co/hDadTAfScb",@527846 We never ask for your Social Security number. This is a phishing attempt. Check this out: https://t.co/LNMCdqt6fD
2062952,My MacBook won’t turn on someone kill me pls. @115858,@610108 Let’s team up to get this situation addressed. Could you let us know more details via a DM? We’ll continue from there. https://t.co/GDrqU22YpT
1925242,@AppleSupport after ios 11.0.3 update battery has been draining faster phone nw freezes occasionally and potrait mode lags a lot,@573041 We'd be happy to help maximize your battery life and get things running smoothly. Can you DM us the device model you have? https://t.co/GDrqU22YpT
491466,@AppleSupport what if my critical ops still doesn't work i have updated it,"@232098 Are there any app updates showing after connecting to a Wi-Fi network here: App Store &gt; Updates

Do other game apps have issues?"
1270326,"Desde que actualicé al iOS11 mi iPhone7 va de mal en peor... se bloquea, las apps se cierran y la batería dura 1/2 día @AppleSupport @115858",@417416 We offer support via Twitter in English. Get help in Spanish here: https://t.co/IBIY3vMgPj or join https://t.co/OczyRx7IOs
2500910,Hi @115858 the word “in“ is short and commonly used. We shouldn’t be autocorrecting to “I.n”. Just doesn’t make sense ya know?,@713437 Let's look into this for you. Send us a DM with your current iOS version and we can check on a few options for you. https://t.co/GDrqU22YpT
12581,@AppleSupport why does I️ keep showing up as symbols?,@118511 We'd like to see what we can do to assist. What iOS version are you running?
654369,I am getting so sick of mac updates uninstalling things @AppleSupport,@275663 We're here to help. We've received your DM. Be on the lookout for our response there.
123723,@AppleSupport hey! how can I update my iphone using cellular data?,@143664 That's a great question! You can only update your iPhone using Wi-Fi or by using iTunes on a computer. This article explains more: https://t.co/ahjigcvFRG
503628,@AppleSupport The only thing I can see in disk utility is disk0 and under that OS X Base System and every option for them are greyed out. I recently updated my software so wondering is that the problem?,@235361 Let's take a closer look at this together. Please reach out to us via DM and we can go from there. https://t.co/GDrqU22YpT
1415609,Seriously @AppleSupport wtf is this bullshit? Why is my phone sending out weird symbols?,@448976 What exactly are you seeing on your device? DM us your reply and we'll take a look into this with you. https://t.co/GDrqU22YpT
2684312,@AppleSupport Last night,@544947 Thanks. Let's continue this conversation in a DM. https://t.co/GDrqU22YpT
548130,@AppleSupport bought my iPhone 7 in June this year. Woke up today and every 30-60 seconds it’s locking and asking for the passcode? Is it still under warranty and do you know what the issue may be?,"@247544 We're glad you reached out to us so we can help make your iPhone 7 run more smoothly without interruptions. Check out the steps in this support article: https://t.co/osZOKKTalm Be sure to follow those steps, and then let us know if the issue is resolved, please."
1880113,"@AppleSupport it’s been like this for a few days now, i tried restarting my phone already but still nothing https://t.co/AXdycZiQ52","@561132 You're in the right place. Let's make sure we've gone through these steps: https://t.co/jhvYu3nzpA

DM us for more help. https://t.co/GDrqU22YpT"
727910,@18413 @115858 @AppleSupport je comprend rien tout a été supprimé et il s’allume plus super askip c’est le disque dur qui a un défaut de base,@294380 We offer support via Twitter in English. Contact us for help in your preferred language here: https://t.co/IBIY3vMgPj
722950,@AppleSupport @115858,@293104 We want to make sure you are getting the most out of your battery.  Which exact iOS version are you running now?
429156,@AppleSupport can you guys seriously fix the bugs of this new update. My phone is acting so terrible I don’t even want another apple product,@217056 We can assist you. Please let us know what specific issues you are experiencing and we'll help you further from there.
101289,@AppleSupport Nothing happens. iOS11.1.2. iPhone 7.,"@138172 Thanks for letting us know. Let's have you try to restart the iPhone and then see if that issue persists. This can help: https://t.co/OWRDHWSt4h Let us know how that goes afterward. Also, check out this article about notifications: https://t.co/2txgOv5s2M https://t.co/GDrqU22YpT"
309267,@AppleSupport yes... especially on whatsapp..also when battery goes to 67 percent it just keep restarting it self...,"@189853 We'd like to look into this in greater detail, so let's meet over in Direct Message. https://t.co/GDrqU22YpT"
1967160,@115858 this new update sucks. Who else is having this issue too? Make it stop 🙈😭 #apple #ios11 #fail https://t.co/qacTKsHgsM,@225313 We can see how this would be concerning! Let's work together. Please send us a DM including when you updated to iOS 11.0.3. https://t.co/GDrqU22YpT
2855299,Any idea what’s up with an iPad when it won’t charge?? Not the charger as it’s working on phone. Ipad looks like it’s charging then says ‘not charging’ in the top right where the battery lightening stike usually is!! #apple #ipad @AppleSupport https://t.co/UIUc33q6tP,"@233353 We know how essential it is to be able to charge your device. Please try all steps in the section ""If your device charges slowly or won’t charge"" here: https://t.co/uqxquyfdn0 

Let us know if this helps or not."
1152830,@AppleSupport Already did that and restarted my phone twice. My current location isn’t the problem....,@391271 Send us a DM and we can take a closer look with you. https://t.co/GDrqU22YpT
1335159,"@AppleSupport So... I confirmed for 11/3 delivery, but no confirmation other than the ""Upgrade program taking longer to process"" email... so","@431453 Our Online Sales Support would be best suited to assist you, you can reach them here:   https://t.co/K0222CJgiB"
1962773,"yo @AppleSupport wtf is this. it happens every time i try to type “i”. if i️ don’t correct it, this happens: i️ https://t.co/4QxP9xVYTD","@500337 We're happy to assist. Meet us in DM with the error you're seeing, and we'll work together from there. https://t.co/GDrqU22YpT"
289105,"@AppleSupport Please help. After downgrading from iOS 11.1 Beta to 11.0.2, iPhone storage page is not loading &amp; not syncing in iTunes. TIA. https://t.co/NU7B5s6KdY",@184888 We'd be happy to look into this with you. Reach out to us in DM here: https://t.co/GDrqU22YpT
2558673,@AppleSupport I tried to restore from an iCloud backup but it seems my messages haven’t been backed up as I don’t have an option to chose to back them up,"@726357 Your backup will include nearly all data on your iPhone, except for things already stored in iCloud, or that have been disabled for backups. Did you complete a restore from iCloud, or just look into it? When was your last backup?"
1981289,"@AppleSupport Finally updated my watchOS, now every time I glance at my watch (no matter the face), it’s on Stopwatch?! https://t.co/YH58y6qArR","@586475 Hey, we want to learn some more details on what's going on. DM us the exact watchOS version and we'll work together. https://t.co/GDrqU22YpT"
1658637,Can't close apps from multi tasking pane when on a call on #iphonex  Is that happening with anyone else? @115858 #iphonexbug? @AppleSupport,@506049 We want to help. Send us a DM and tell us what happens when you're closing apps. We'll help. https://t.co/GDrqU22YpT
489722,@AppleSupport My iMac has been ridiculously slow since the sierra update and pretty much unusable😩 help pls,"@231640 We'll do our best to help you get your Mac back up and running smoothly. First, can you tell us when you notice this slowness? Is it while starting up or while using any particular apps? Also, can you tell us the exact macOS version currently installed?"
215785,"@AppleSupport All most all apps, it almost looks like they slow down all the old devices so everybody buy new phones",@167313 Does it show any updates available for the apps in the App Store? DM the answer below. https://t.co/GDrqU22YpT
1466908,"@AppleSupport yes I do, majority of my groups are hidden but of my group chats are not. They are also not iMessage, some have SMS",@460480 Got it. Go ahead and send us a DM and we'll look into this further with you. https://t.co/GDrqU22YpT
446517,@AppleSupport anyway to check my battery health?,@220769 We can help out. Are you experiencing battery issues? Let us know in DM. We'll go from there. https://t.co/GDrqU22YpT
2746124,@115858 please fix iOS 11 already. I have an 8 Plus and the performance is just ridiculous,@769022 We want to help. What specifically is going on with your 8 Plus?
2077571,@AppleSupport my iPhone SE headphones are not working correctly one side is louder then the other side. Can my Apple care + cover it?,@614445 We're happy to see what options we have available. Please DM us your current country and we'll go from there. https://t.co/GDrqU22YpT
1643230,@AppleSupport why is it that Photos is always trying to upload the whole library to iCloud? I’ve verified all pics are present in the cloud. https://t.co/2TlBmZPjgl,@347349 Our Photos experts would be able to look into that with you! You can reach them here: https://t.co/IBIY3vMgPj
2696050,@757609 @AppleSupport Sucks major. This is the 3rd time I’ve had to charge my iPhone 6 tonight. Hard to be a fan of products that fail to work as advertised longer than a year or two. Good luck. Thanks for feedback,@757610 Let's see what we can do to take care of this. We'll need to dig in deeper to see what our options are so please join us in DM to do that. https://t.co/GDrqU22YpT
1656156,@applesupport fix this!!!! “I️”,@354611 Here’s what you can do to work around the issue until it’s fixed in a future software update: https://t.co/xXaXeeSRt9
1786270,Yo @115858 why did my whole iMusic library disappear with the new update?,@536668 Hey there. We're here for you. DM us and we'd be happy to help with getting your music library back on your device. https://t.co/GDrqU22YpT
587074,@AppleSupport Thanks for the update! All seems to be working ok now with iOS 11.2,@244893 You're most welcome! We're glad to hear it.
2050369,@115858 FIX IOS11 IT KEEPS TURNING MY PHONE OFF. 😡😡😡,@606342 Having a reliable phone is important! Which version of iOS 11 are you running on the iPhone? Let us know in DM to proceed. https://t.co/GDrqU2kzhr
1575062,"Fuck you @AppleSupport 
After 3 attempts I can not get my new ipod to sync or have any of my songs from my laptop on it. Thanks",@485373 We'd like to look into this and get your new iPod working properly. Are you receiving any error messages?
2212793,y r all of my i’s turning into A’s and boxes. @AppleSupport pls help,"@646695 An update has been released to assist with this issue. If you haven’t yet, please back up your device and update it to iOS 11.1.1. DM us for any questions. For more info, check out: https://t.co/ui8ItzqfJO https://t.co/GDrqU2kzhr"
1795090,"If you haven't installed @115858 #ios11...DON'T. Messaging is awful. Battery life is life-less. Worst ""upgrade"" ever.",@539416 We're happy to help with issues you're experiencing since the update. DM us the iOS 11 version currently installed to get started. https://t.co/GDrqU22YpT
240409,Soooooo... they had another update and I updated and it deleted every song I downloaded from Apple Music! Wtf @115858,"@173103 We're happy to see if we can help with this. To start, which device are you experiencing this on?"
2981628,WTF @115858 ? #iOS11 #apple https://t.co/3hlWmp8Jib,@822361 Let’s work together on this behavior. How long has this been happening? Which version of iOS 11 are you using?
1480771,@AppleSupport  hello with ios11 I cant connected with personal hotspot  by using wifi ( its taken along time and it failed ) https://t.co/WubSl8wdBe,"@463831 Understood. Which version of iOS do you have installed, and which iOS device model are you using?"
1365654,@AppleSupport i accidentally deleted facetime what do i do,"@437933 Great question! Go to the App Store, search for FaceTime, and you can re-download it there."
1824515,"Hey @AppleSupport , why can I not do anything about my falsely created family sharing iTunes account through iTunes? I don't own an iPhone.",@547703 We'd like to look into this with you. Could you DM us details on what exactly is going on? We'll conitnue support there. https://t.co/GDrqU22YpT
701567,"Ok @115858 I download the new update, now my battery dies at 20% 🤔",@287475 That’s certainly not expected behavior. Let's look into this together. Are you running iOS 11.1.2? Let us know in DM. https://t.co/GDrqU22YpT
1659182,Hey @AppleSupport are you gonna fix I️ or what?,@506218 Here’s what you can do to work around the issue until it’s fixed in a future software update: https://t.co/xXaXeeSRt9
2081620,Is anyone else having issues with their iPhone freezing and acting weird since the most recent update? (11.0.3) @AppleSupport,@615594 Let's work together to get your iPhone running its best. Send us a DM telling us which iPhone you have. https://t.co/GDrqU22YpT
1057989,@AppleSupport I've checked the battery usage and the apps my mom use are the only ones taking up the battery. Nothing abnormal.,@174931 Send us a DM. We will work from there. https://t.co/GDrqU22YpT
2798447,@AppleSupport Still don’t work,@377432 DM us the country you're located in and we'll continue there. https://t.co/GDrqU2kzhr
1734365,If anyone knows the news that ? Is supposed to be the capital letter “i.” @115858 please fix this bug so i can tweet! https://t.co/Vb6c6htDMV,@523737 Here’s what you can do to work around the issue until it’s fixed in a future software update: https://t.co/xXaXeeSRt9
959432,@AppleSupport Any chance that there’s gonna be an update to address the fact that no one can hear me when they call my 7 plus?,@347635 We're here for you. DM us and we can look into this further with you: https://t.co/GDrqU22YpT
773536,@AppleSupport voicemails suddenly gone? I’d rather both read and listen to my voicemail messages than just listen. It lets me skim,"@199885 Try Settings &gt; Display &amp; Brightness. Change Auto-Lock to a different time. Regarding your voicemail, DM us some more info: https://t.co/GDrqU22YpT"
2008848,I’ve had the IPhone X for like 16 hours and it is already getting extremely hot temperature wise. Any suggestions @AppleSupport,"@421320 Thanks for letting us know. We'd like to look into this with you, so shoot us a DM with any details and we'll go from there. https://t.co/GDrqU22YpT"
2279231,"Did anyone else’s Apple CarPlay render useless after updating your iPhone to iOS 11? Hey, @115858 @AppleSupport are you listening?",@662663 We can check it out. Does your car recognize the device? Does iOS 11.1.1 show in Settings &gt; General &gt; About? Please provide this information in DM. https://t.co/GDrqU22YpT
2223953,@AppleSupport Correct on both accounts; with Google maps or Maps,@649373 Let's dig into this together. DM us and let us know if you've tried both Wi-Fi and cellular data for this: https://t.co/GDrqU22YpT
2229454,@AppleSupport my phone has been on 2% since i plugged it up 8 hours ago. wth,"@650617 We'd be happy to look into what's causing your iPhone to not appear to be charging. If you restart it, does it show the same battery percentage?"
1265244,@AppleSupport Apple Music will not play for me. I’m signed in. When I try it directs me to join then says I’m already a member,@283828 Thanks for reaching out about Apple Music. We got your DM and will be following up there soon.
2255511,@AppleSupport soooo good fix you got there. I’m running iOS 11.1.1 and still see these https://t.co/vpjRVHWQIu,"@656942 We're here to help! To clarify for our end of this, are you seeing this just in the posts by other people, or when you're typing?"
1850806,@AppleSupport 7+ and ios 11.0.3 but this has been happening since july,@554033 Thank you for these details. Would you please tell us more about the issue we're facing? Can you still power on the device? https://t.co/GDrqU22YpT
1756389,Fix this now!!! I️  @115858,@528864 Here’s what you can do to work around the issue until it’s fixed in a future software update: https://t.co/qODbOsp4wz
1951858,@AppleSupport Yes,@326822 Thank you. Please send us a DM and tell us what version of iOS is on your iPad under Settings &gt; General &gt; About &gt; Version. https://t.co/GDrqU22YpT
2913311,I’m pissed @115858 because my phone was on 50% then literally a MINUTE later it was on 19% 😊😊😊😊😊😊😊😊😊,@806477 We'd like to look into this with you. Please DM us your current iOS version and we'll go from there. https://t.co/GDrqU22YpT
428344,"iOS 11 draining my iPadPro's battery even worse than the iPhone! 100% at 18:00, 20% at 09:00 with no use – what is going on @AppleSupport","@216877 Battery life is important, and we're here for you. Send us a DM, and we'll meet you there. https://t.co/GDrqU22YpT"
2296151,@AppleSupport @115858 @134114 https://t.co/6OwX7HhHYX,@666667 So we can continue troubleshooting this issue with you can you please message us in DM? https://t.co/GDrqU22YpT
1285693,@AppleSupport  Apple music asking me to renew my subscription when I am already subscribed.... might be back on spotify next month smh.,@420730 We’re investigating and will update our System Status page as more info becomes available: https://t.co/Fcu0biZf0L
2134880,@AppleSupport Hi — how do i cancel a genius bar appointment?,@628091 We’d love to help. You're able to manage your appointments from the following link: https://t.co/IHSqZ8kZJG
2900415,"Hey @AppleSupport, is this mail yours? https://t.co/LhXwgdudSt",@803459 Thanks for reaching out to us. This appears to be a phishing email. Take a look at https://t.co/LNMCdqt6fD for instructions on how to forward that email to us.
1802664,@115858 are you guys joking me ? I have iphone 6s i installed iOS11 and it’s horrible is restarting the phone every 1 hour 🤷🏻‍♂️ #apple #iPhone #iOS11,@541656 We want to do all we can to help get to the bottom of this with you. Send us a DM and we'll look into this further. https://t.co/GDrqU22YpT
390083,@AppleSupport Since the update to iOS 11.0.2 I keep getting old notifications I've already seen.,"@208344 We'd like to help. Does this persist after restarting your device? Also, is this happening with all your app Notifications?"
1266490,@AppleSupport Well it`s the latest of course.,@416541 Thanks for confirming. We'd like to take a look at some details for your iPhone. Send us a DM and we'll continue there. https://t.co/GDrqU22YpT
2005333,so when is @AppleSupport fixing this I️ = the letter “I” issue?,@593018 We can help you out. Take a gander at the following article and DM us with any questions. Thanks. https://t.co/xXaXeeSRt9 https://t.co/GDrqU22YpT
1894071,@AppleSupport what is this everything is correct and it still says invalid. I can’t update apps 😕 https://t.co/no0HiUi4w0,@564624 We're here to help. Let's take this to DM so we can better assist you. https://t.co/GDrqU22YpT
1990015,"#appleindia
I have an iphone 7 plus which is not working fine and it is been 3 months only, from the day i bought it @115858",@588943 We want to be sure you get the most out of your iPhone. Send us a DM and let us know what's happening specifically. https://t.co/GDrqU22YpT
2305918,When is @AppleSupport gonna fix my letter “l”. I’m tired of using lower case L’s as “l” without them turning into I️ 😒,"@669003 iOS 11.1.1 was recently released and it includes a fix for autocorrect issues. Be sure to back up your device prior to updating, and let us know if the issue persists afterwards. How to back up: https://t.co/4f8hwTn4fE"
1776353,"My phone radiates enough heat to grill off of. Fixing it would cost a lot less than a lawsuit, allegedly. @AppleSupport",@533803 We'd be more than happy to take a look at it with you. Please send us a DM so we may better assist you. https://t.co/GDrqU22YpT
2756149,"@AppleSupport Constant Crackling/static sound from speakers, randomly goes black for about 5 seconds multiple times a day and the volume adjust itself. iPhone 7+",@245430 We're happy to assist. Which iOS version are you currently running? Go to Settings &gt; General &gt; About for the version.
1595020,@490104 @AppleSupport the A? autocorrect is absolute insanity. Needs fixed now.,@490103 We have a work around that can help: https://t.co/xU1AGHStV6
1752333,Wtf is this “I” glitch PLEASE FIX IT. ALWAYS SOMETHING WITH Y’ALL. NEVER FAILS. @AppleSupport,@527912 Here’s what you can do to work around the issue until it’s fixed in a future software update: https://t.co/xXaXeeSRt9
2699023,"@AppleSupport Alright, thank you so much!",@758296 You're welcome!
1980838,@586360 @315 How tf is I️t careless talk to @115858 bout it,@586359 We'd love to help you with the text being incorrect. Please send us a DM with which version of iOS you're updated to. https://t.co/GDrqU22YpT
291394,"@AppleSupport Hi, had another IOS update this morning, not sure if its fixed the issue though",@185381 We've received your DM and will continue from there.
588104,@AppleSupport WiFi is off,@258978 Please DM us the software version you’re using so we can better assist you. https://t.co/GDrqU22YpT
1155258,"@AppleSupport i turned it off for 2 hours, i can click where the apps are and i can go into them there’s just no icon.","@391766 Alright, can you tell us what iOS version you're currently on?  When did you first notice this behavior?"
1164669,@AppleSupport why don’t I get calories burned credit for my run with Garmin Watch but I get exercise time https://t.co/Jgjv89qr3j,"@393965 We'd be happy to look into this with you!  To begin, what iOS version are you currently on?"
2284699,@AppleSupport  when are you folks going to roll out a keyboard fix for ios11?,"@663932 Please tell us which issue you are seeing. We recently released an iOS update, 11.1.1, that contains a fix for autocorrect issues. Let’s be sure to back up your device prior to updating. How to back up: https://t.co/4f8hwT5to6"
2001769,@AppleSupport Y’all need to do sumn I️ got a I️phone 7 with the newest update,@591916 We understand your need for a working keyboard. Try this here: https://t.co/xU1AGHStV6 DM us here with any other questions: https://t.co/GDrqU22YpT
963718,"Dear @AppleSupport, I can’t find anymore in #ios11 Music how to view my @115948 radio play history (to add to library some played songs)",@348733 We'd like to help out. Send us a DM with some more details and we'll work together there. https://t.co/GDrqU22YpT
1311475,#iOS11BatteryDrain @AppleSupport what’s the problem with iOS 11 &amp; sucking everyone’s battery dry like a juice box in mins or couple of hours,@426457 We want to make sure you're getting maximum performance from your battery. Meet with us in DM and we'll work on this together. https://t.co/GDrqU22YpT
2753661,@AppleSupport It worked!! Thank you ☺️,"@128685 Fantastic! So glad it worked and that we could help. This step is useful if your iPhone should become unresponsive, as it refreshes the device. We're here for you if you have any other questions whatsoever."
2515940,@115858 Y’all better fix both of my phones I’m tired of my fucking apps crashing fix that shit I’m not a satisfied customer no more,"@716710 We've got your back. Can you tell us which apps are unexpectedly closing? If they are installed from the App Store, this article might help: https://t.co/fUZ0NRJxcn"
489604,@AppleSupport When will ios11.2 be released and will it fix the battery issues? My battery is nuts since the update. My 6s depletes suddenly by 80% at random times and is now wholly unreliable.,@231605 We can help with battery life.  Could you DM us and let us know what country you're located in? https://t.co/GDrqU22YpT
1214505,"@115858 @AppleSupport              iOS 11.0.3 is absolute shit. 
Has slowed down my phone, battery drains like anything.
Worst update ever.",@244622 We'd like to look into the issues you're having with iOS 11.0.3. Which iPhone are you using? Please reply in DM. https://t.co/GDrqU22YpT
1776320,I️ swear Ian buying shit else from y’all @115858,"@533792 We want to help you. DM us, and we can look into what's going on. https://t.co/GDrqU22YpT"
1725200,Is anyone else’s iPhone switching up the letter “i” to I️ @AppleSupport,@521782 We've received your DM. Look for our reply there shortly.
1539975,My phone is literally TRASH since the update. @115858 please get it together. 😒,@166038 What kind of issues are you seeing currently? We'd like to help.
1691813,"@AppleSupport Guys, 2 hours ago I did not load my Magic Mouse 2. Any recommendations? 🙃 https://t.co/18jC0L9Yjd",@513537 We'd like to help you out. Reach out to us in DM and we can look into this further with you. https://t.co/GDrqU22YpT
2293877,"Maybe @115858 could explain why my iPhone 5C completely restarts when I open applications on a full battery, ever since ios 11 came out (I couldn't update). I was planning on upgrading my phone but maybe its time to go back to @122609 #notimpressed","@666103 We're here for you, and want to help. What is the current iOS version installed on your iPhone 5c? Is it restarting when opening any specific apps, or all applications? Let us know more in DM, please. https://t.co/GDrqU22YpT"
2302097,lol bro my phones plugged onto the charger and it says it has 100% battery but keeps shutting off on me @115858 this is bullshit,@668080 We want to help. Tell us which iPhone and iOS version you have via DM. https://t.co/GDrqU22YpT
208582,"@AppleSupport not happy that on ordering it tells me ""signature required for delivery"" and then the shipping email tells me ""no signature"" https://t.co/YLIs1VHTsQ",@165336 We're here to help. Please reach out to our Apple Online Store Support team here: https://t.co/8yjRd1Xo0i
2641037,What is this blinking box when I open iTunes? @AppleSupport Bueller? Anyone? https://t.co/2XJ9ZyQfiz,@407702 We're happy to help. What type of device are you using? Do you get the same results after closing and re opening iTunes? Let us know to continue.
2476254,@AppleSupport Thank you. I have the newest update 11.1.1,"@707857 Thank you. Do you notice this issue with both music you're streaming over Wi-Fi and music downloaded for offline listening? 

Also, if you have another device using Apple Music does it encounter the same issue?"
1551782,The iPhone X comes out and now my phone is all glitchy and slow 🤔 @115858,@233083 Let's look into this for you. What iOS version are you currently on? Let us know in DM. https://t.co/GDrqU22YpT
107365,"@AppleSupport I have done so, but still same issues","@139845 Has the device been restarted since it happened? If not, let's do that using these steps: https://t.co/OWRDHWSt4h"
1196809,@115858 I need control of my phone again. This update is driving crazy 😤😩😤😤😤😩😩,"@401195 We want to help you with your iPhone. Send us a DM, so we can take a look. https://t.co/GDrqU22YpT"
2276913,#reputation just disappeared from my iTunes library... this is not a drill. #HELP @AppleSupport @115948,"@662186 That's no fun, but we're here to help get those sweet Taylor tunes flowing again. If you quit and reload iTunes, does the album return? If you follow these steps, do you see the album there? https://t.co/I39AyMJNgb"
2046050,@AppleSupport Ever since I updated my iPhone the Bluetooth won’t stay connected. My phone stays being trash.,@261755 Thanks for reaching out. Which iPhone model do you have? Send us a DM with more details and we'll go from there. https://t.co/GDrqU22YpT
246542,People continue to disturb me when my phone is on do not disturb. Why? @AppleSupport @115858,@174560 We want to help. DM us with more detail and we'll go from there. https://t.co/GDrqU22YpT
740466,@115858 this update made things even worst can’t pause music through control center at all 😠 😡,"@297087 We'd like to see how we can help with this. To start, which device are you experiencing this on?"
538657,@AppleSupport how could i fix it when my iphone 7 plus constantly restarting ?,@244886 We are here to help. Let's take a look at this article and see if these steps help. https://t.co/osZOKKTalm
62259,my phone is frozen and IM GETTING PISSED @APPLESUPPORT,@130260 We want to help with this. Which iOS version are you using? Did this happen while using a particular app?
1709988,"hey @115858 there is something seriously wrong with my phone, and I know i’m not the only one out there with issues either","@518083 We want to help you. DM us, and let us know what's going on. We'll do whatever we can to assist. https://t.co/GDrqU22YpT"
1619303,Updated my phone and still getting ? Symbols please help @AppleSupport,@496391 We have a workaround for this here: https://t.co/xXaXeeSRt9 DM us if you still need help. https://t.co/GDrqU22YpT
646907,@AppleSupport any update for the I.T fix? Super annoying,@245995 We'd like to look into this with you. Please DM us which iOS version you see in Settings &gt; General &gt; About and we'll work with you there. https://t.co/GDrqU22YpT
1870754,Since #Apple updates to #iOS11 my battery be draining faster than Usain Bolt😡@115858,@558702 We'd love to assist you with resolving your issue with your battery. DM us at the link below for further assistance. https://t.co/GDrqU22YpT
810861,"@AppleSupport I had update to ios 11.1, then I have a big problem The Battery Drawning. How to fix this problem?
Help me please ...!",@313204 We're here for you! Send us a DM &amp; we'll continue there. https://t.co/GDrqU22YpT
1354536,@AppleSupport my billing address somehow defaulted to my shipping address when I placed my order &amp; I can’t change it. Will it get cancelled?,@435877 Let's get you pointed in the right direction. Reach out to our Online Sales Support here:  https://t.co/8yjRd1Xo0i
366566,@115858 Your new software update killed my 6s battery performance! Feeling cheated! Its gone to the point where I see it drain in front of my eyes,@370393 Let's take a look into the battery life together. Please DM us the exact iOS version and we'll go from there. https://t.co/GDrqU22YpT
1736081,@115858 getting pretty close to switching phone makers. This new update sucks. My phone is slower than before.,@524161 Send a DM and we'll be happy to look into this with you. https://t.co/GDrqU22YpT
699565,"@AppleSupport I don’t know what to do. I upgraded my iOS last night and lost WiFi connections. I can see them. Strong signal. Rebooted, reset everything. Nothing helps.","@142576 We're here for you and happy to help. Just to clarify, you're able to see the Wi-Fi network but you're unable to connect, correct?"
215380,Con el iOS 11 no esta el efecto de decolorado AHORA COMO SE SUPONE QUE VOY A SUBIR FOTOS A INSTA? Quiero llorar @AppleSupport hagan algooooo,@167177 We offer support via Twitter in English. Get help in Spanish here: https://t.co/IBIY3vMgPj or join https://t.co/OczyRx7IOs
2278451,I️ now have 280 ways to moan about @115858 s weird glitch with the A ? that turns to I️ and vice versa Thanks Apple and @AppleSupport,@662484 We can look into this with you. Can you tell us which iPhone and version of iOS you're using? Please reply in DM. https://t.co/GDrqU22YpT
2293887,@AppleSupport I’m fairly sure that when typing the letter “I” this “I️” shouldn’t come up? Plenty of people are having this issue on iOS https://t.co/y6DnEIUKQ4,"@666107 iOS 11.1.1 was recently released and it includes a fix for autocorrect issues. Be sure to back up your device prior to updating, and let us know if the issue persists afterwards. How to back up: https://t.co/4f8hwT5to6"
2288478,Yo @AppleSupport @115858 3 notifications on top of each other on iOS 11.1.1. This keeps happening! https://t.co/QdlMqQZcK2,@664864 Let's take a closer look at this together and get the behavior resolved. Please reach out to us via DM and we can go from there. https://t.co/GDrqU22YpT
2280686,My wifi keeps disconnecting on its own from my phone. How to fix this??? Help???? @AppleSupport @115858 iphone6 users,@662985 We'd be happy to help you out with resolving this! Have you been able to attempt any troubleshooting at all since noticing this issue? Even small things like restarting the device? Let us know in a DM. https://t.co/GDrqU22YpT
820695,@AppleSupport Waited a very few minutes than restarted.  Can wait if it locks again and report.,@315483 We want to do everything we can to assist. DM us and we'll proceed from there. https://t.co/GDrqU22YpT
2298992,@116333 where is my precious X reserved before his official release. I am waiting for an answer please @AppleSupport @484568,@667319 Thank you for reaching out to us. We'll be glad to look into this. Did you purchase the iPhone X from Apple? Which country are you located in?
1386638,"@AppleSupport Snapchat&amp;YouTube mainly, it crashes my whole phone&amp;have to restart it, I’ve spoken to other people with the update and their apps work fine",@442649 Thanks for that info. Let's have you check out this article and let us know if it persists after: https://t.co/fUZ0NRJxcn
1834100,Thanks @115858 for the update but you’ve well and truly fucked it up 👏🏽 Phone literally lasts half a day 🙃,@550155 Let's help! Are you using iOS 11.0.3 currently? Are your settings adjusted accordingly?: https://t.co/bivpdfBNJ6 https://t.co/GDrqU22YpT
556961,@AppleSupport Since the update to 11.2. the back camera only takes blurred photos and videos. Restart did not help!,@250052 Let's work on this together. Is this happening with all photos and videos? Have you looked over the steps provided here? https://t.co/r1DRfaFLIU
908238,"@AppleSupport Thank you but that won't help. Each number is different, but the area code is that same.","@335682 You'll need to block numbers individually, however you can let us know your feedback about this here : https://t.co/eTPVYVFyd8"
2744273,"@AppleSupport Hello, 4 years ago I bought an iPhone from https://t.co/sdlT1mLADI but now I cant get my invoice with order num and other infos. When I call customer support, they said me ""We changed a system so we don't know where is your invoice"". Please help me guys.","@768613 This is not something we could help out with over Twitter, but our Apple Online Store team can take a look at this with you. Reach out to them here: https://t.co/8yjRd1Xo0i"
1367059,@AppleSupport Could you guys mind to have the new iOS not turn my bluetooth whenever it wants? I want it off for a reason.,"@438229 We're happy to help. Take a look here for more guidance: https://t.co/G7BHuQnDS6 section ""Turn off Wi-Fi and Bluetooth."""
1639177,I️ I️ I️ I️ I️ I️ I️ I️ I️ I️ I️ I️ I️ I️ @AppleSupport  FIX THIS SHIT,@483578 Hey there! DM us if you still need help. https://t.co/GDrqU22YpT
1773600,"@AppleSupport i️ can’t even type i️, i️ don’t understand",@533047 Here’s what you can do to work around the issue until it’s fixed in a future software update: https://t.co/xXaXeeSRt9
2058194,@AppleSupport I have random messages that never come through and notifications that just sit there and never clear. I miss android!!!!!!,@608716 Thanks for reaching out. Let's meet in DM to take a closer look at these issues together. Send us a message below. https://t.co/GDrqU22YpT
1889105,Not only is the latest IOS draining my battery like breaking the seal after 5 pints. It’s made my apps all buggy. Nice work @115858,@563362 Let’s team up to get this addressed. How long ago did you update? Let us know via a DM. We’ll move forward from there. https://t.co/GDrqU22YpT
2414402,Big mistake downloading iOS 11. My music app freezes every time I try opening the app @AppleSupport @115948,"@693999 We’d love to help get you back to enjoying your music. To begin, is your device fully updated to iOS 11.1.1? Additionally, do any other apps not respond when trying to open them?"
1803505,This stupid update is making my phone all glitchy and stupid @115858,@541909 We'd love to help with your iPhone performance. Could you Direct Message us and let us know what iOS version you're using? https://t.co/GDrqU22YpT
2079486,@AppleSupport just upgraded to iOS 11.0.2 &amp; my 6s plus has frozen 6 times in 1 hour.  Thoughts? Solutions?,"@615016 Yes, we have several support options we can look into. Send us a DM so we can gather a bit more info and get started. https://t.co/GDrqU22YpT"
1214508,@AppleSupport Yep! As soon as I disconnected my Bluetooth connection FT worked perfectly,@405016 Let's make sure that everything is updated. What version of macOS  are you using? Are there any updates for the UE Boom?
1707817,Every time I️ open Snapchat my music stops playing😒 @115858 wyd?,@517534 We want your Snapchat to work properly.  When did this start?  Please respond in DM. https://t.co/GDrqU22YpT
2018927,@115858 70 new emojis are great and all but why does my phone still lag after 4 updates to iOs11?? 🤔,@597065 Let's get this sorted out together. Is your iPhone slow or unresponsive? When do you notice this happening? DM your reply. https://t.co/GDrqU22YpT
321794,@AppleSupport Tried all of those.,"@192659 Thanks for trying those steps. Please meet us in DM so we may gather more information, and better assist. https://t.co/GDrqU22YpT"
345296,"@AppleSupport it in any app like safari , chrome, firefox, pages, numbers, word","@198161 Got it. Could you tell us which Mac you're using? Also, which steps have you taken to resolve this behavior?"
2616593,@115858 your update made my phone slow,"@739560 We'd love to help you with this. Have you updated to iOS 11.1.2? Is is slow while using a particular app or overall? DM us as much detail as possible, including the model of iPhone you're using, and we'll get started. https://t.co/GDrqU22YpT"
2929725,@115858 Please fix iOS 11 battery drain. I have to run in low battery to survive the day.,"@202671 Lets look into this battery drain issue. How long does a full charge usually last? Also, how many times a day do you end up charging your device? Let us know in DM. https://t.co/GDrqU22YpT"
2832032,@115858 @AppleSupport so highly disappointed in your new update because of how slow it has made my phone and for the glitching that occurs every time I open an app 🙄😤,@788496 We want to know more about what you're experiencing so we can help. Which iOS are you currently on? Check here: Settings &gt; General &gt; About &gt; Version. Can you give us some specific examples of what you're seeing with your iPhone? Meet us in DM with those specifics. https://t.co/GDrqU22YpT
2367759,iOS 11 has annihilated my phone since updating last night. Storage full. 30gb? 11 continues to suck. C’mon @AppleSupport. https://t.co/VdyX4tmD2t,@549796 Let’s work together on this situation. Have you been unable to download a file or install an app due to your storage being full? Does that persist after restarting your iPhone? https://t.co/OWRDHWSt4h
1341718,"My phones been off the charger for 40 min. In those 40, I got ready for work and drove. It is at 21% ..... @115858 'a disgusting",@432944 We can help with that. Which iPhone do you own? What's the iOS shown in Settings &gt; General &gt; About?
1886676,@AppleSupport Please help fix these issues....thank you!!!!,@562721 When did you update to iOS 11.0.3? https://t.co/80YRnjDFDk Send us a DM and also let us know the country you're in. https://t.co/GDrqU22YpT
155973,@AppleSupport is Apple looking at ending the #iOS11 debacle? It does not appear to be an isolated issue. I have updated iOS many times before. Never had such horrendous battery depletion &amp; performance deterioration. Public recognition &amp; status on a true fix would be a good start. https://t.co/QAtZ2jQCyZ,@151807 We can help with battery life. Could you Direct Message us and let us know what device you're using? https://t.co/GDrqU22YpT
2408444,"@AppleSupport It’s an issue in Music app too. Song (library) plays only when it is not connected to any network. The moment network is on, it stops playing the song. It started since yesterday. Hope that helps.",@692548 Does this happen on borh Wi-Fi and Cellular data? Where are the songs in your library originally from? Let us know in DM. https://t.co/GDrqU22YpT
97069,@AppleSupport iPhone 7- iOS 11.1.2,@137191 OK. Let's continue in DM. Let us know if you have external accounts synced with the Calendar App. https://t.co/GDrqU22YpT
1677776,@AppleSupport Both on IOS 11.1 on an iPhone 6 Plus and an iPhone 5,@510314 Let's meet in DM to continue. https://t.co/GDrqU22YpT
2111334,"It’s been 3 days and @115858 has not fixed my I️ button, where you at?????",@622755 Here’s what you can do to work around the issue until it’s fixed in a future software update: https://t.co/xXaXeeSRt9
2709151,"@AppleSupport MacOS high serria, I take the tour then quit out of photos and I have shut down my mac every time I am finished with it",@760772 Have you yet tried in safe mode? This article shows you how: https://t.co/PQ4LSYhUTY Let us know if the issue persist in safe mode.
1858799,This iOS 11 update needs to be reversible. My brightness now has a mind of its own. @115858 needs all to be reversible. @AppleSupport,@555788 We want to make sure you have the information you need. Please meet us in DM so we can gather information and better assist. https://t.co/GDrqU22YpT
408471,@AppleSupport I direct messaged you please please please help me I’m so upset,@212370 We’ve received your DM. Be on the lookout for our response there shortly.
1642566,"@115858 the activity app is good but it is one problem, I can’t stand. So I can’t complete the 3 rings 😪😪.",@502076 We've got you covered! Check out our accessibility features for your Apple Watch: https://t.co/dXB7X1YJPf
2408462,@AppleSupport That’s the first thing I checked,@488849 Nothing shows as exceptionally high usage for the last 24 hours. Let's check a few other settings to try to maximize your iPhone's performance: https://t.co/bivpdfBNJ6
398848,"@AppleSupport I back everything to my computer, not the cloud.","@210322 Got it. For help with Photos on your iPhone from here, we'd recommend getting in touch with an Advisor: https://t.co/IBIY3vMgPj"
1829085,@115858 … Except that the unresponsiveness is not really fixed on my 6s. Also sometimes phantom touch activation. @AppleSupport,@548906 Thanks for bringing this to our attention. Could you let us know more details via a DM? We’ll move forward from there. https://t.co/GDrqU22YpT
453908,BUG FIXES @AppleSupport https://t.co/deilpYfDOc,@222718 We'd like to learn more about this issue. Please send us a DM with your current iOS version. Thanks! https://t.co/GDrqU22YpT
1631377,"@AppleSupport, I have problem sync with smtp server https://t.co/8FBCX3b8iD (access outside japan country)",@499274 We've received your DM and will continue our conversation there.
1407784,@AppleSupport Ok. No problem. Thank you.,@447226 You’re welcome. Feel free to reach back out to us if you have further questions. We’re here to help you. Have a wonderful day!
1756350,"@AppleSupport Hallo, habe eine Bestellung aufgegeben, deren Trackingnummer laut UPS nicht korrekt ist.
Wie bekomme ich die korrekte Nummer?",@528850 We offer support via Twitter in English. Contact us for help in your preferred language here: https://t.co/IBIY3vMgPj
2555339,@115858 you need to do something about these fucking phones freezing every 30 secs I didn’t spend $800 for a brick,@725623 We can help! Which version of iOS are you experiencing this with? Find that in Settings &gt; General &gt; About and reply in DM. https://t.co/GDrqU22YpT
2893319,"@AppleSupport It says software is up-to date iOS 10.3.3
I didn't do it when I sent an email, and I haven't yet tried safari.
And yes the keyboard is going crazy, not just sending but adding letters I didn't type, and I will press delete and it types something else",@744415 Got it. Any updates for apps in the App Store &gt; Updates? This ensures Twitter doesn't have an update available.
1535705,What’s good with this??? @AppleSupport https://t.co/I2JTzU3PgV,@476178 We'd like to look into this with you. Go ahead and DM us which iOS version you have installed here: https://t.co/GDrqU22YpT
939138,"@AppleSupport Yes, that’s right.","@315733 To disable the keyboard shortcut, open the Settings app and disable Shortcuts under Settings &gt; General &gt; Keyboard."
1010491,"@AppleSupport Almost everything. The keyboard, Safari, apps... it’s seems as if it doesn’t have enough ram and it needs to reset",@359109 We would like to gather more information from you. Please send us a DM and we can go from there. https://t.co/GDrqU22YpT
98878,"@AppleSupport My iPhone 8+ has suddenly began acting up. It’s randomly restarting by itself, no sound is working as in when I receive a text or call my phone doesn’t make a sound. My touchscreen isn’t responsive sometimes and I can’t play videos in apps, like YouTube or Hayu.","@137647 Thanks for reaching out to us. Let's work to get this resolved together. Let's start with the the sound issue. Which version of iOS is installed currently? Also, check out this article for help with it as well: https://t.co/4Kux8rhhGX"
2018936,@AppleSupport seriously! What is wrong with the iPhone 8. Nothing but trouble and I just got it. I’m loyal but I hate this phone. Hate. Hate,@597069 That's certainly not what we want your experience to be. We'd love to help. Send us a DM with more details. https://t.co/GDrqU22YpT
1442023,"fuck @115858 @797 tried updating my stupid phone and its broken, now i have to live off my fucking laptop until they send me a new one im so annoyed","@454577 We want to help in any way we can. Please send us a DM with more details, and we'll get started. https://t.co/GDrqU22YpT"
1714645,@AppleSupport Tbh I haven’t been out so I haven’t connected to any other wifi. But I’m with Virgin rn :),"@519301 If we can, let's test another Wi-Fi network."
2948369,@AppleSupport how can I clean my iPhone 8speakers😕,"@814282 We have this article to help clean your iPhone: https://t.co/YPGBJvoILX If you'd like to have it cleaned further, let us know which country you're contacting us from today and we'll check into your options."
2919966,@AppleSupport Both also happens on my iPad. I have friends with the same issue.,@808170 Thank you for letting us know! Which version of iOS are you updated to? Have you tried restarting to see if that resolves the problem? Send us a DM to let us know. https://t.co/GDrqU22YpT
521342,@AppleSupport you have listened the restarting problem from all the people before four hours .. and till now tyou can't do anything for us ! what a shame ? i will convert to android ..bad service,"@240356 We can definitely offer some guidance on this. So that we can provide the best support options for your region, DM us the country you’re messaging us from, and we’ll take it from there. https://t.co/GDrqU2kzhr"
305301,@AppleSupport iPhone 7,@188889 Are there any carrier updates available? https://t.co/bfoi2mhtX3
592219,@AppleSupport @115858 what’s the process for returning an unopened iPhone X? Can I return to an Apple store?,"@260152 We're here to help. Send us a DM and let us know where and when you purchased your iPhone X, and we'll go from there. https://t.co/GDrqU22YpT"
806468,@AppleSupport But can't turn it off as it comes up it can't download 1000s of full resolution photos and only gives me the option to remove them x,@312178 OK. Send us a DM and we can get you pointed in the right direction. https://t.co/GDrqU22YpT
2321830,"De 100% a 30% en 1h.
ME CAGO EN VUESTROS MUERTOS @AppleSupport @115858",@672815 We offer support via Twitter in English. Get help in Spanish here: https://t.co/IBIY3vMgPj or join https://t.co/OczyRx7IOs
2400958,@AppleSupport my phone battery is dropping 1% every 10 seconds. This is terrible.,@622697 We are here to help. DM us your exact iOS version and we can take a look at this for you. https://t.co/GDrqU22YpT
907067,@AppleSupport thanks support folks. I got them to come back finally when i got back to wifi.  But https://t.co/XLg2wOY2O7 doesn't even do notes anymore! https://t.co/bXoTviFGmL,"@335376 That's great news! Thanks for getting back to us. Try accessing iCloud from a desktop, if available. DM us your results: https://t.co/GDrqU22YpT"
1015882,"@AppleSupport the wifi&amp; Bluetooth always automatically on,even I turn int off. Battery ruin so fast &amp; phone getting heat.",@360363 We want to get to the bottom of what you are seeing. Could you join us in DM to get started? https://t.co/GDrqU22YpT
2300924,"Hey @115858 - how about adding a feature to the #Health app where you can keep track of medication and check off when you’ve taken it?  I’d find that very useful, and so would a lot of other people, I think!  Or is there a way to do this already?  @AppleSupport",@667800 We certainly appreciate your feedback regarding the Health app. There isn't a way to track medications in the way you're describing. We'd welcome you to submit your comments to us here: https://t.co/eTPVYVFyd8
1617823,"Hey @115858 &amp; @AppleSupport, why is my phone changing my capital I️’s into question marks???",@496050 We are aware of this issue and are working hard to find a resolution. We do have a workaround: https://t.co/xXaXeeSRt9
2320642,@115858 could you pls stop making our phones glitch so we have to buy a new one I’m broke asf and ain’t spending my $8 for expensive bullshit,@672553 Let us help with your iPhone! What kind of issues are you having with it? Which version of iOS are you running on the iPhone currently? Let us know your answers in DM. We'll continue with you there. https://t.co/GDrqU22YpT
181455,Just bought new @AppleSupport #iPhone8Plus and keeps restarting unexpectedly. Very discouraged!,@158628 We certainly don't want you having these issues with your new iPhone. Please send us a DM with your iOS version and we will start working towards a solution so you can enjoy that new phone. https://t.co/GDrqU22YpT
403080,@AppleSupport a cord bc my bluetooth is out of tune and it bothers me,@211370 We didn't know if it was USB or Bluetooth. We'd like you to give these steps a try: https://t.co/rZfGUpIk6d
1006704,A ver si de una vez solucionáis el problema que tengo el iPhone que va a pedales @12228 @3183 @AppleSupport @115858 😡 https://t.co/nT97ulaMQQ,@358221 We offer support via Twitter in English. Get help in Spanish here: https://t.co/IBIY3vMgPj or join https://t.co/OczyRx7IOs
325879,"@115858 Please update ios11 it’s impossible to download apps, why !",@193636 Let's work this out together. What happens when you attempt to download an app? Which version of iOS 11 do you have installed?
699625,@115858 need to sort their fucking battery sucking iOS piece of shit,"@286910 We'd love to help you sort out the battery issues you're seeing with your iPhone. DM us more details, such as which model of iPhone and which exact version of the operating system it's running, and we'll get started! https://t.co/GDrqU22YpT"
2485683,@115858 never had a problem listening to my music until ios11. when y’all gonna fix it,@710026 What problems are you having? We'll be happy to assist as best we can.
1864586,Thanks @115858 for the horrible update. Now my phone doesn’t work like a mom needs it to.,@557074 We want to help. We know it's important to have your iPhone working as expected. DM us details and we'll continue support there. https://t.co/GDrqU22YpT
2787830,"@AppleSupport Hi can you help, this error message is all over my Apple Music, it’s only happened since I updated to IOS11.1.2 last night ☹️can’t download or see new music! https://t.co/4Up6wLUKx8","@778262 We want you to be able to enjoy your music. Let's work together to see what's going on. First, does this happen even after a restart? What about while connected to cellular data?"
1576429,@AppleSupport help! Most of my photos have disappeared from my phone and backup seems to have no pics either!,@485678 We'd be happy to assist with your Photos today. Send us a DM to get started. https://t.co/GDrqU22YpT
2398129,@AppleSupport can you help me fix the keyboard lag when using messages? There’s a noticeable delay when moving from one line to the next.,@690168 We’re here to help. Please DM us the software version you’re using so we can better assist you. https://t.co/GDrqU22YpT
1577387,@AppleSupport No to reduced motion and it just sits there at frame 1,"@234340 Let's move to DM for a closer look, are you using a built in wallpaper or a personal photo? https://t.co/GDrqU22YpT"
938091,"How does @115858 auto download iOS updates, even when the auto update toggle is switched to 'off' ?
@AppleSupport #ios11","@342362 Hi! The setting for updates is specific to app updates, not iOS. More info here: https://t.co/2oRvemLiMD"
2734134,Wow I really just love when my battery is almost full but then I use @917 a few times &amp; it makes my phone crash and restart and wipe my battery down to 10% it just makes my day thanks @115858 I love iPhones 😊😊😊😊😊😊😊😊😊😊😊😊😊😊😊😊😊😊😊😊😊😊😊😊😊😊😊😊😊😊😊😊😊😊,@766322 We want to help. Reach out via DM and let us know what version of iOS you have installed. You can check by tapping Settings &gt; General &gt; About. https://t.co/GDrqU22YpT
2616530,"@115858 y’all making a lot of people real unhappy with this update. I just wanna type the letter I️, is that too much to ask!?!","@739545 We'd like to help out. We'd like to help out. Our iOS 11.1.1 update resolved this issue. If you experience this issue after version 11.1.1, send us a DM. https://t.co/GDrqU22YpT"
2515986,@AppleSupport why is it taking 3.5 hours or more for voicemails to appear in my list?,@716726 We can look into this. Have you tried restarting your phone?
1442390,@AppleSupport May I know why is this happening after #ios11.1 update? Apple creates new problems in every update! https://t.co/vHFV5pkd5P,"@402598 We want your iPhone working for you; we'll do all we can to help. What app are you using, and does this happen with Wi-Fi, too?"
2012071,@AppleSupport Don’t get any notification of missed call or vm until I open Phone app (2/2),@594963 Has the device been restarted? Which iPhone model is affected? Will the ringtone play in Settings?
797630,"@AppleSupport ... I am late to pickup my phone charger after its service but I need It today,it’s urgent.. please help@ icare hsr layout",@310165 We'd like to help! Tell us more please. Do you need help with a store pickup?
2743083,After a year of heavy use my 2016 MacBook Pro keys are getting loose/wiggly. Not liking it... ⌘ key has been hit or miss as well. I end up typing C instead of ⌘C many times per day. Its driving me nuts! // @AppleSupport,@768344 We’d like to see how we can help.  What country are you currently located in?  DM us back. https://t.co/GDrqU22YpT
2683846,@AppleSupport This is all I can see https://t.co/IowxWR51H1,"@639845 Thank for that screenshot. This appears to be a phishing email. Please check out this article for how to forward it to us and identify them in the future. Avoid phishing emails, fake ‘virus‘ alerts and other scams: https://t.co/LNMCdqt6fD"
1154032,@46846 @AppleSupport Nakakainis diba! Tapos ang may times ang unresponsive nung touch. At ang bilis ma-drain ng battery 😭,@290848 We offer support via Twitter in English. Contact us for help in your preferred language here: https://t.co/IBIY3vMgPj
242660,There is still terrible lag with 3D Touch in iOS 11.0.2 @115858 hard to see in video but it’s definitely noticeable. #lag https://t.co/InTFP8shUU,@173645 Thanks for reaching out. Does restarting help?  https://t.co/OWRDHWSt4h
2138254,"@115858 please fix the keyboard soon. Thank you
Sincerely,
All Apple Users",@628918 Here’s what you can do to work around the issue until it’s fixed in a future software update: https://t.co/xXaXeeSRt9
2856816,@115858 @AppleSupport so I’ve downloaded the new software I’ve been having to charge my phone over and over I’ve switched background app off etc!! And deleted apps been to the store to say i over do my battery but the cause is the software as I noticed since updating fumin🙄,"@794020 We'll do all we can to assist. Have you updated all the way to iOS 11.1.2? If so, how long ago? Meet us in DM to let us know. https://t.co/GDrqU22YpT"
1910804,".@AppleSupport Quickly type in any three numbers in the #iOS11 calculator. i.e. 1+2+3, you will not get 6 or any other correct val! Tested? https://t.co/DOeNpjKP5W",@223740 We'd like to look into this with you. Meet us in DM and let us know which device you're using the calculator on. https://t.co/GDrqU22YpT
80004,@115858 what in the fuck is “I.T”???,@133759 We'd be happy to look into this with you more in detail. Please reach out to us via DM and we'll get started. https://t.co/GDrqU22YpT
1757698,"Hey @115858 , the glitch with the I️ key is really annoying. (Oh, of course it worked that time.)",@529180 Here’s what you can do to work around the issue until it’s fixed in a future software update: https://t.co/xXaXeeSRt9
994488,How do I change the setting in #ios11 to listen to old podcasts to new again? @318 @AppleSupport,@355559 We’re here to address your concerns. Let's team up in Direct Message using the link below. https://t.co/GDrqU22YpT
2731420,@AppleSupport why does my iPhone always restart when I’m on Pandora listening to music?,"@735538 Thanks for contacting us, we can help you with your iPhone restarting issue. What iPhone model are you using and which iOS version is it running? 

How to find the iOS version: https://t.co/ZTw54HL4Rm"
1833849,@115858 @AppleSupport after installation of 11.0.3 problems of Bluetooth &amp; SMS re-delivery https://t.co/0ufbvjOyOq,@234044 Let's work together to look into these issues. DM us &amp; tell us more about the iPhone getting hot first &amp; we'll continue there. https://t.co/GDrqU22YpT
1573747,@115858 can you please tell me where I️ went wrong,"@485049 No worries, we can help. Use these steps here to get that fixed: https://t.co/xXaXefaskH Did that help?"
123692,@AppleSupport Yes I have both SMS and MMS enabled. There are people in the group message who are not saved in my contacts but normally I still get their replies but today I am only getting replies from ppl in the group who are in my contact list,"@143655 Thanks for checking. Let's turn off MMS, restart the phone, and turn it back on. Let us know if that resolves the issue."
2633175,"@AppleSupport I see the update now.
Thank you!","@743480 You're most welcome. If you have any other issues after updating, don't hesitate to let us know."
2575294,@AppleSupport I have apps that I can’t access and state they are waiting although in the App Store it says all apps are up to date? Any help would be much appreciated.,@730270  We received your DM. Keep an eye out for our response here shortly.
2422611,@AppleSupport @115858 What's wrong with this picture? I was just emailed this. https://t.co/9u2RaOApzt,"@657858 We're happy to discuss this with you. To start, DM us with the country of your residence. https://t.co/GDrqU22YpT"
2454554,My screen just shattered while I was holding it in my hand. Fuck you @115858,@703138 We'd be happy to check on the available repair options for your device. Send us a DM to get started. https://t.co/GDrqU22YpT
2502061,@AppleSupport Purchased Mac Pro for £2k in Dec 16 &amp; now failed boot recovery &amp; lost all my files with no fault. First time 🍏 convert from @115890 but thinking of reverting back. #disappointed,@281514 We'd like to look into this with you. Let us know which version of the macOS you're running via DM. We'll go from there. https://t.co/GDrqU22YpT
457202,"@223552 @AppleSupport, only way was to keep reinstalling High Sierra, however that is not the solution. It works and then once I shut down, it continues to be stuck. Sorry I ever installed HighSierra because Sierra had no issues. Now I am computer-less",@223551 Send us a DM and we will help you out from there. https://t.co/GDrqU22YpT
2924688,@AppleSupport How do I downgrade from iOS 11 to ios10 on an iPhone 6?,@809272 We are happy to look into any issues you may be experiencing with iOS 11. Just let us know what's happening and we'll help.
1576480,aye @115858 we got a problem.,"@485694 Thanks for reaching out! We're glad to help, so we've got a guide to share with you regarding this: https://t.co/xU1AGHStV6"
643270,Hello @AppleSupport i have a case opened since october 16. I have no answer. Is this normal? Thank you,@272720 We'd be happy to look into this with you. Let's work together in DM here: https://t.co/GDrqU22YpT
583597,"@AppleSupport Agree. Unfortunately I would have had to stop the restore before I could update... Now: I‘ve stopped it, backed up, and now restoring to a new device (the previous iPhone has a hw problem). Fingers crossed 🤞🏻",@257647 Please let us know how things go after you have updated your device.
2345954,@AppleSupport That doesn’t answer my question in any way...,"@416431 Your iPhone X can be fast charged with an Apple 29W, 61W, or 87W USB-C Power Adapter or a third-party USB-C power adapter with USB-PD. While it would not be expected for a computer's USB port to fast charge, your MacBook Pro's charger can be used!"
2301147,@AppleSupport Keeps denying grandmas storage upgrade🤔 https://t.co/iw9iKWdtNH,"@667860 We'd be happy to help in any way we can. Since our support is available in English, could you translate the error message you're receiving? Have you tried restarting the iPhone since attempting the upgrade?"
1238063,@AppleSupport why does the new update kill my phone battery SO FAST ?,@410409 Thanks for reaching out. We're here to help. DM us so we can look into this further with you. https://t.co/GDrqU22YpT
1735072,@115858  fix the glitch with typing the letter I and it replacing itself with I️,@523942 Here’s what you can do to work around the issue until it’s fixed in a future software update: https://t.co/xXaXeeSRt9
768223,@1714 since upgrading my software both my iPad Pro and iPhone keep freezing 😡 @AppleSupport #annoyed #SortItOut #ipadpro,@303476 We've got your DM's and we look forward to working with you there.
2229397,"@115858 , I thought the update was suppose to fix the I problem. 😒",@650597 We'd love to look into this with you.  Let's go into DM so we can work on it together. https://t.co/GDrqU22YpT
1770129,@AppleSupport absolutely ridiculous trying to set up new iPhone/update to 11.1. Getting 'Unable to Verify Update' error all the time. 😡,"@433377 Thank you for reaching out. So we can best isolate the cause, are you updating via Wi-Fi or iTunes?"
822690,"@115858  I was charged over $500 for a subscription that I never signed up for, and you won't refund me.  You don't need to rip people off...","@315968 Check out this article for help: https://t.co/8sHmV9bTIS
Questions? Contact our iTunes Store folks: https://t.co/SDIe7UiyJN"
2595510,@AppleSupport Its never specific to any app. Sometimes while #facebook at times while sending message on #Whatsapp. Sometime the phone is just inside my pocket and I discover it is apparently dead for about 10mins and even an hour in the last instance.,@734924 Did you have a chance to update to iOS 11.1.2? DM us and let us know if the issue continues after the latest update. https://t.co/GDrqU22YpT
2301726,"@AppleSupport, my iPhone 7+ battery usage is thru the roof after iOS 11 update. It used to last 2 days; now, half  a day. Fix it, please!",@667990 Glad to help. Meet us in DM to have a closer look and provide us with more details about the behavior you are seeing there. https://t.co/GDrqU22YpT
2302308,@AppleSupport - does my charger have warranty?? https://t.co/GFheZ2FPyH,@299012 We'd be happy to look into options for your Lightning charger. DM us your current country of residence and we'll continue together there https://t.co/GDrqU22YpT
1889739,I just watched my phone go from 100% to 20% n a short ass time. @115858 whatcha doin? 😩😫😫,@563551 Let’s work together to get this addressed. Is this the first time you’ve noticed this particular behavior? Let us know via DM. https://t.co/GDrqU22YpT
1774195,This whole “A ?” Thing is really making me want to switch to Samsung. Fix your shit @115858 @AppleSupport,@533198 Here’s what you can do to work around the issue until it’s fixed in a future software update: https://t.co/qODbOsp4wz
588031,hola @AppleSupport where can I send a idea for IOS ? tnx,"@258953 Hello! We would love to hear your feedback. To get started, use this link: https://t.co/oWzjJxkvlC"
1638713,cc/ @AppleSupport,@501090 Reach out to us via DM and let us know what's going. We may be able to help resolve your issue. https://t.co/GDrqU22YpT
2207014,RUS phishing for my Apple ID. @AppleSupport #scam https://t.co/fOnIw7vTaL,"@645261 We're here to help! Yep, that's phishing! Learn more and report it here: https://t.co/LNMCdqt6fD"
2548701,"I think my new iPhone 7 is faulty.
It keeps disconnecting from the WiFi, requiring me to renter the password numerous times.
@AppleSupport?","@724216 We'd be happy to see how we can help. To start, can you tell us which iOS version you're using?"
2285181,"@AppleSupport Hey, I’ve reseted my 7 Plus to factory settings and now Taptic Engine doesn’t work anymore. Even after reset via DFU Mode. Bought in october last year.",@282749 Thanks for reaching out to us for help with your iPhone. Please come on over to DM and we'll take a closer look into this with you. https://t.co/GDrqU22YpT
255795,#iOS11 seems pretty retard... @115858 @130713 @AppleSupport https://t.co/hkU74MV1mq,@176840 We'd like to hear more about what's happening. DM us about this and we'll continue there. https://t.co/GDrqU22YpT
2816391,@AppleSupport my Apple TV remote stopped working. Even after resetting. Why for the love of god can’t the remote app work WITHOUT entering the security code first? How am I supposed to do that with a broken remote? Why can’t y’all do the most basic things correctly? https://t.co/jHxGNRF9EJ,@500553 Having a working remote to use for your Apple TV is important and we'd like to get you in touch with the right group here: https://t.co/IBIY3vMgPj
2014934,"@115858 Thanks to your faulty equipment and your horrible Apple Watch update, my move streak will end at 232 days. Thanks for nothing!","@595815 We’d like to understand more about this. Please DM us some details and which iPhone you use, and we’ll take it from there. https://t.co/GDrqU22YpT"
1707798,"Dear @AppleSupport @115858, fix the I️ ️ issue...",@517527 Here’s what you can do to work around the issue until it’s fixed in a future software update: https://t.co/xXaXeeSRt9
1307275,@AppleSupport iOS update &amp; the only song my phone will play now is “lean like a cholo” #why,@425484 We'd be happy to investigate this with you. Send us a DM with which iPhone you have. https://t.co/GDrqU22YpT
2065908,@AppleSupport When you save a new number you can change amongst several suggestions can you make mobile the default selection,@610927 You will need to change the desired phone type. You can provide feedback here: https://t.co/eTPVYVFyd8
1657803,@115858 wassup why my I️ ain’t working https://t.co/yTOSoqkcxD,@505823 Here’s what you can do to work around the issue until it’s fixed in a future software update: https://t.co/xXaXeeSRt9
2310225,@AppleSupport On my keyboard my place and skip buttons don't work unless I have itunes pulled up. Whats the point of that. All other buttons work fine.,@670023 We’re here to help. Let’s team up in DM and we’ll do our best to assist you. https://t.co/GDrqU22YpT
661679,@AppleSupport Wow... Thank you so much the great ios 11 make my iphone6 dead 😒,@740342 Having issues getting your iPhone to power on? Check out this link here for help and DM us the results. https://t.co/8MvHMFZ83h https://t.co/GDrqU22YpT
2283135,"@AppleSupport Useless, has nothing to do with the errors that I encountered",@663549 Thank you for the pictures. Please DM us so we can get you in the right place. https://t.co/GDrqU2kzhr
1527669,@AppleSupport you need to get your shit together i️ just got my phone and it’s messing up because of this update,@474335 We want to look into this with you. DM us which model iPhone you have and iOS version to get started. https://t.co/GDrqU22YpT
2093701,I’m so tired of seeing these symbols for I 😑 @115858 @AppleSupport WE NEED AN UPDATE,@618625 Here’s what you can do to work around the issue until it’s fixed in a future software update: https://t.co/xXaXeeSRt9
2134919,Man that LRT got me crying. That’s how I feel. @AppleSupport please fix the algorithm of autocorrect. Because it’s actually getting worse and it’s not just the letter “I”. I’m seeing it with other words that begin with “I” and it’s annoying.,@506185 We'd like to look into this with you. DM us and we'll go from there. https://t.co/GDrqU22YpT
2578664,@AppleSupport I went on https://t.co/1Zxr2dCYE1 and nothing showed up. I backed up from my phone when it restored and nothing showed up for about an hour or so,@731058 Did you have any other internet accounts on your phone that your data might have been syncing with?
2534833,@AppleSupport I’ve never had the option. When I click on my avatar it isn’t an option to find new friends,@721214 Let's meet up in DM so we can gather some specific information to look into this matter further with you. Here's a link: https://t.co/GDrqU22YpT
2299666,@AppleSupport what is going on with the latest update???? Phone battery on my 6s dies in 4 hours!!!!!!  Wtf???,@667466 We want to help you find the right solution. Shoot us a DM and let's begin. https://t.co/GDrqU22YpT
1936527,SO my iPhone 8 plus no longer wants to work @115858 im pissed,"@576139 That's not what we want happening! Meet us in DM and tell us which country you're in, and more details of what's going on. https://t.co/GDrqU22YpT"
2061369,Hey why isn’t free league pass working on my @115858 tv @118615 ??,@413358 Thanks for reaching out! Contact our Apple TV team here: https://t.co/IBIY3vMgPj https://t.co/GDrqU22YpT
361780,@201690 @13948 @115858 Nope!!!  Didn’t help at all!!,@201689 Thanks for reaching out. We're here to help. DM us so we can look into this further with you. https://t.co/GDrqU22YpT
717058,@AppleSupport @115858 Still no response.. wt m I suppose to do? https://t.co/Bld51zoRg9,@291665 We've received your DM; we'll continue from there.
1631368,My phone and iPad are getting automatically connected to WiFi and Bluetooth with iOS 11.0.2. WHY?? How do I turn it off?! @AppleSupport,"@499270 Are you controlling Wi-Fi from Control Center? If so, this is expected in iOS 11: https://t.co/vzVz37YMv0"
2205964,@115858 @AppleSupport 👋🏻👋🏻👋🏻👋🏻👋🏻,"@644988 We'd be glad to get you pointed in the right direction. Check out this article that details ways you can save, store, and share Live Photos: https://t.co/lghvGbCd0Q If you continue having an issue, reach out to our Apps specialists here:  https://t.co/IBIY3vMgPj"
2193430,"@309611 @115858 The operating system is bad, the connectors are bad and the quality has gone down !","@641934 If you’re experiencing issues with your new Mac, we’d like to help find a solution with you. To get started, send us a DM. Let us know more about what’s happening. https://t.co/GDrqU22YpT"
298488,@AppleSupport When are you planning to fix the battery issue! 😤😡,@187121 We're happy to look into this for you. Can you please tell us which iOS version you are currently on?
1079163,"@AppleSupport Yep, that’s the one. Logs in straight away. But still can’t log into the App Store on my Mac",@374563 DM us the exact error message that you are getting when you try to log into the App Store on your Mac. Let's take a closer look. https://t.co/GDrqU22YpT
1095191,Hey @115858 how do I fix this?! 😤 https://t.co/nMN2PfgEEn,@378440 We're here to help. Let's take this to DM so we can better assist you. https://t.co/GDrqU22YpT
602402,Whenever I get a Snapchat notification my music stops and doesn’t come back on unless I press play @AppleSupport .,@262997 We'd like to help. DM us if restarting your iPhone helps at all and what iOS version you have in Settings &gt; General &gt; About. We'll work with you there. https://t.co/GDrqU22YpT
102355,"@AppleSupport MacBook won’t turn on...gives me this screen, I need my serial number to call Apple support, won’t turn on....HELP https://t.co/1s2CwpdWEG",@138468 No worries. Help has arrived. We have a few questions that will help us get to the bottom of this. How were you using your Mac just before this occurred? Have you added new external hardware or accessories? Send us a DM. https://t.co/GDrqU22YpT
2321397,@115858 fix this fucking “i” problem too,@672706 Thanks for reaching out! You’ll want to be sure to back up and update to iOS 11.1.1 as this issue was resolved with that update. You can find out more information here: https://t.co/xXaXeeSRt9
2835752,@789320 @AppleSupport mine does the SAME damn thing,"@789319 If you're having issues with your battery life, we're here to help out. To clarify, which version of iOS do you have installed on your iPhone? Also, you can check to ensure your battery isn't in need of service using: https://t.co/KyywFa9iZ3"
1833821,"Pls fix 11.0.3 @AppleSupport my phone freeze all the time opening any app, doesnt work at all. Cant do shit. This sucks dick. #6s #fkthisbs",@550087 Having a reliable iPhone is important! Let us know if all your apps are up-to-date in DM. We’ll continue from there. https://t.co/GDrqU22YpT
2309607,gettin real sick of not being able to use a fucking I️ @115858  I️ am annoyed.,"@669875 iOS 11.1.1 was recently released and it includes a fix for autocorrect issues. Be sure to back up your device prior to updating, and let us know if the issue persists afterwards. How to back up: https://t.co/4f8hwT5to6"
1759682,It’s 9am and my iPhone X is at 45%. @115858 PLEASE fix this! I took it off charger at 100% at 6am. https://t.co/EIZPFKgE93,@529644 We can help. DM us the iOS version you're using to get started. https://t.co/GDrqU22YpT
2782052,@AppleSupport well i updated it yesterday and i had to leave before it finished and when i got back this morning it was doing this. only doing it today so far,"@776924 We have an excellent article here for when your Mac shows this type of kernel panic error: https://t.co/o23KRxRWZM
DM us if any of these steps help, or if you have any other questions from here: https://t.co/GDrqU22YpT"
1755166,@AppleSupport download any app it like 3 day to restore but my phone hold the downloads 2/2 https://t.co/Mm7WIQA0ze,@528590 We're here to help! Meet us in DM and we'll see how we might be able to further assist you: https://t.co/GDrqU22YpT
242352,@AppleSupport 11.0.1,@173570 Please take a look at the following article and let us know if this helps: https://t.co/G3RWMwaBju
2631507,@AppleSupport can you ensure a MacBook Pro with Apple care plus that has been bought from a friend?,"@657220 Reach out to us via DM, then we can take a look at this with you. https://t.co/GDrqU22YpT"
2026303,@AppleSupport y’all ever gonna fix this situation with the “I’s” cause it’s honestly annoying af at this point,@599210 Here’s what you can do to work around the issue until it’s fixed in a future software update: https://t.co/xXaXeeSRt9 https://t.co/GDrqU22YpT
283200,@183466 @AppleSupport I’ve been having the same issue. Plus this keeps popping up every 2 secs. It’s the charger the phone came with!! 🤦🏻‍♀️😔 https://t.co/aDEdvcrTuK,"@183465 Let's get you some help with that! If you haven't seen it already, please check out the info here: https://t.co/uqxquyfdn0"
1752290,Why am I️ still having keyboard issues with my iPhone even after the update? 😡 @AppleSupport,@527897 Here’s what you can do to work around the issue until it’s fixed in a future software update: https://t.co/xXaXeeSRt9
284918,Hey @115858 maybe stop making your phones self-destruct with every update ??????,@183879 Let's look at it together. What symptoms have you noticed? Which iPhone is it? Which iOS version do you have currently?
1367051,"@AppleSupport Thanks @AppleSupport, appreciate the advice. Pleasantly surprised: WatchOS 4 seems smooth &amp; fast even on my ""Series Zero.""",@438227 Our pleasure! We're very glad we could help. Don't hesitate to reach out if you have any other questions.
858899,@AppleSupport How do you autoplay podcasts??? It’s absurd that you took that away. Also dangerous when driving!,"@323924 For help with playing podcasts continuously, check out: https://t.co/gQVExEKnrj"
1677100,"@AppleSupport Hello, thanks. I’m using 11.0.3 !",@510141 Thanks for that information. Let's update to the latest version of iOS. This article will guide you: https://t.co/80YRnjDFDk
2296278,My phone is so god damn slow after the update @115858 !!!,"@666698 May we have a look?  To begin, which iOS version are you currently on?  Does this occur with all apps or specific ones?"
1089869,@AppleSupport how do I get my phone back to normal it’s saying I have headphones in when I don’t I’ve switched it on and off 10 times 😅,@377124 We'd love to help! Have you tried connecting and disconnecting your headphones as well? What iOS version are you using? https://t.co/GDrqU22YpT
2371091,@AppleSupport Firefox,@684184 Got it. Go ahead and meet us in DM letting us know if you are using a PC or a Mac and we can continue to help there. https://t.co/GDrqU22YpT
1802421,And the fb messenger issues too. Pls @115858,@541589 We're happy to look into this with you. Please DM us the exact iOS 11 version installed &amp; additional details about this issue. https://t.co/GDrqU22YpT
2111329,@AppleSupport While in the game app I can’t exit and yes i,@583351 Are you having an issue pulling up Control Center while in a game app? This may also help: https://t.co/7GvmAUgrF1 https://t.co/GDrqU22YpT
2734119,"Took my phone out my pocket, went to type password in, clicked 3. Pop, phone screen cracked from the inside. This is absurd @115858 @AppleSupport","@258283 A cracked screen is never fun, and we can definitely assist you. So that we can explore the best service options for your region, DM us the country you’re messaging us from. https://t.co/GDrqU22YpT"
2149075,@631613 I’m sick of the question marks fuck @115858  😂,@631612 Here’s what you can do to work around the issue until it’s fixed in a future software update: https://t.co/xXaXeeSRt9
686897,"@115858 @AppleSupport @30455 acabo de intentar actualizar mi Mac con el nuevo sistema operativo y la computadora ya no sirve y se bloqueo, llame  al centro de atención en LATAM y no tienen idea de como arreglar el problema y dicen que esto está pasando. Que puedo hacer?",@284016 We offer support via Twitter in English. Get help in Spanish here: https://t.co/IBIY3vMgPj or join https://t.co/OczyRx7IOs
2010605,"@AppleSupport ummm... help? an odd character in the place of the letter ""I,"" offering up ""A[?] instead and autocorrecting.",@124034 Help is on the way. Try the steps here for a temporary work around: https://t.co/xU1AGHStV6 Still need help? DM us. https://t.co/GDrqU22YpT
2284466,"@AppleSupport Hey, I’m trying the newest update. Thank you","@663859 We'd be glad to help with any issues you're seeing. Meet up with us in DM, give us additional details, and we'll get to work. https://t.co/GDrqU22YpT"
105376,dear @AppleSupport my phone screen stays on all the time despite my 30 sec. auto-lock settings - version 11.1.2,"@139273 You’re in the right place for help. Since noticing this, have you had a chance to restart your iPhone? This simple step can resolve some minor issues with the device."
1170154,@115858 Les claviers qui bug a cause des MAJ de 10kg on en parle ? 🤔,@395228 We offer support via Twitter in English. Contact us for help in your preferred language here: https://t.co/IBIY3vMgPj
938199,"@AppleSupport @325308 My new iPad Pro is glitching from simple stuff like multiple app drag and drop function, to orientation issues.",@342401 We can figure this out together. What iOS version are you using? Here's how to find it: https://t.co/ZTw54HL4Rm
2702821,@AppleSupport @115858 when are you going to fix the I problem in the new software? https://t.co/04HDlgu6b3,"@235828 Thanks for reaching out! We've just released iOS 11.1.1, which addresses this issue. Learn more here: https://t.co/uQeXsrrlXJ"
2069119,@AppleSupport Did you even read my tweet?,"@611879 We did, and we'd like to help out. Give us more details in DM about what you're experiencing and we'll continue there. https://t.co/GDrqU22YpT"
2361741,@AppleSupport how do I get what’s playing on @115888 when my phone is locked but the app is playing?,"@274899 Let's look into this for you. It should show up in your control center. If you are having any issues, reach out to us in DM. https://t.co/GDrqU22YpT"
2013211,"Fuck you @AppleSupport @115858, I️ updated my phone TODAY with the lastest update and it’s fucking up with the letter I️",@595287 Thanks for reaching out. We have a workaround for this here: https://t.co/xXaXeeSRt9 DM us if you still need help. https://t.co/GDrqU22YpT
1395658,"@AppleSupport yeah, these are my settings. https://t.co/DEtQdxKa3D",@249941 OK. Let's continue in DM. https://t.co/GDrqU22YpT
2689483,My phone lags after the 11.1.2 update not cool @115858 @AppleSupport,@756141 Let's work together to figure out why this is happening. Send us a DM including which iPhone you have. We'll go from there. https://t.co/GDrqU22YpT
1526973,@AppleSupport Actually it’s all set now! And thank you for your reply :),@474161 Fantastic! We're glad to hear it got sorted out.
2278835,"Hey @AppleSupport this new option of not being able to send outgoing email with IOS 11.1.1 is super awesome! Thankfully @123765 expanded to 280 so I can properly express my joy! Well at least the echo option in iMessage is working because that super handy!
#frustrated https://t.co/VbSGaRt1Rg",@662577 Hey there! We'd like to see how we can help. Have you had the opportunity to check out these steps for if you can't send mail from your iPhone? https://t.co/Jpr0POLgCg
1497024,ever since I updated my phone it freezes multiple times a day and it runs soooooo slow now @AppleSupport THIS SHIT IS WHACK!!!,@467565 We'd like to look into this. DM us and tell us the exact version of iOS you're running. https://t.co/GDrqU22YpT
1877199,"@AppleSupport not only did u guys replace my phone with a crapped out one, but your stupid new iOS is draining my 6s battery even more",@352596 We'll be happy to work with you and the iPhone. You mentioned battery issues. How many times are you charging each day? DM us. https://t.co/GDrqU22YpT
2105959,Apple needs to fix they bug ! @115858 it’s not just the I https://t.co/SXyFgikVjV,@621562 Let's get to the bottom of this together. DM us and we'll get started there. https://t.co/GDrqU22YpT
859189,@AppleSupport Sent you a DM about issues I'm having with the new iOS.,@324004 We got your DM and will be replying there.
1702113,How come I updated my phone and still can’t see the new emojis @AppleSupport,@516075 We don't want you to miss out on the new emojis! We can help. Have you restarted your iPhone since you've updated?
50828,@AppleSupport I-pad air 1,@127407 We've received your DM and will continue to work with you there.
1352255,@AppleSupport 6Splus 64gig ios11.03 apps take forever to load; battery sucked 2x as fast as as v.10 generally stuttering and slow responsiveness.,@395230 Let's look into that. Send us a direct message and we'll go from there. https://t.co/GDrqU22YpT
2029511,@AppleSupport when are you going to fix this glitch bc I’m getting really sick of it!,@600158 We're here for you. DM us details on the issues you're having and we'll work with you towards a resolution there. https://t.co/GDrqU22YpT
2109830,@115858 @AppleSupport fix this “I️” issue now!!!,@622436 We'd like to help. Let's take this to DM and we'll explore ways to provide you assistance. https://t.co/GDrqU22YpT
517108,@239226 @AppleSupport Safari is crashing for me too!,@246326 We'd like to help with Safari. Let us know which device and system you're experiencing this issue with via DM. We'll go from there. https://t.co/GDrqU22YpT
2360293,@AppleSupport can't see the notifications when I try to swipe down from top.. nothing is happening? https://t.co/hAtuoXwL01,@681626 We understand how important viewing your notifications is! Send us a DM with your current iOS version and we'll take a closer look into this issue there. https://t.co/GDrqU22YpT
2206134,@AppleSupport Thank you for responding. I️ really appreciate it.,"@645029 Great news. The issue was fixed in iOS 11.1.1. To update to the latest version of iOS, go to Settings &gt; General &gt; Software Update and tap Download and Install. We recommend having a current backup prior to updating. If you have any questions, just let us know."
2578683,@AppleSupport it's stuck on the white apple logo when you turn it on. I let it die several times and used the buttons to reset it but it won't leave the white screen.,@731062 Were you able to go through all the steps listed in the article? Let us know in DM. https://t.co/GDrqU22YpT
1576397,@AppleSupport multiple people told me about this problem...the letter “I️” has been auto correcting to some different symbol @115858 https://t.co/iJwRbWXbkY,"@485668 Thanks for reaching out! We're glad to help, so we've got a guide to share with you regarding this: https://t.co/xU1AGHStV6"
1880426,"@AppleSupport my devices have gone completely crazy since recent updates. Touch, apps crashing,no rotation, cant send pics..etc frustrating","@386538 Hey, let's get your devices back up and running! Can you shoot us a DM and let us know which devices are affected? https://t.co/GDrqU22YpT"
400374,@AppleSupport what’s the deal with my contacts list names not showing in text messages?,@210677 We're happy to assist. Which iOS version are you currently running? Go to Settings &gt; General &gt; About for the version.
1588137,".@AppleSupport add me to the list of letter symbol ""a?"" folks when attempting to refer to myself with a singular pronoun. HATE IT. FIX IT.😡😡",@488442 We're here to help. Take a look at this article with some steps to help with this issue: https://t.co/xXaXeeSRt9
2362985,"waar is het bovenste balkje??

letterlijk mijn telefoon is aan het buggen sinds de nieuwe iphones er zijn @115858 ik heb jullie wel door &amp; nee een nieuwe iphone zit niet in mijn studentenbudget https://t.co/JHuxKpM1e9",@682277 We offer support via Twitter in English. Contact us for help in your preferred language here: https://t.co/IBIY3vMgPj
2849191,@AppleSupport 6s - 11.1.2,@389327 We'd like to look into this further. Please DM us to continue working on this. https://t.co/GDrqU22YpT
181405,I updated my iMac to high sierra and it keeps dropping the internet so you know maybe don’t update yet. @AppleSupport,"@158614 We want your Mac to stay connected. We'll be happy to offer some help. Have you had a chance to use our built-in tool to check for Wi-Fi issues?

Here's how: https://t.co/b6uvkX3ylN
Let us know the results."
1143208,@116333 Trying to get an answer - Why is there a 7 day limit on personal apps loaded on my own phone. Can anyone help me #apple #appleNews,@389073 We'd like to help.  Can you explain in DM more about the issue you're having?  We'll continue there. https://t.co/GDrqU22YpT
1747455,@115858 @AppleSupport Now I have to update my mac to get the latest version of iTunes just to restore it to factory settings!!! I didn't even want the update! All to use my phone.,@526788 We understand and appreciate your position. Was your iPhone restored successfully? Are your alarms working correctly at present?
38885,@AppleSupport I'm using iCloud etc all of your shit but I cannot restore my data after a simple clean refresh. It seems I'm stupid :/,@124484 Let us help. Follow up with us in DM. Tell us if the data is also missing from the iPhone 6 Activity App. https://t.co/GDrqU22YpT
1968138,@AppleSupport in terms of design. A company based on that premise is severely backwards now.,"@583177 If you're having issues with your iPhone, we'd like to know more. Reach out to us via DM with the details. https://t.co/GDrqU22YpT"
1930401,"@574435 @AppleSupport I too @78108 terrible battery performance issues with ios 11. Wish i had stayed on 10.3.3. All my devices. Iphone SE, 6s plus and ipad pro",@695381 That should not be happening. Let us help. Tell us which iOS version you're using in DM. https://t.co/GDrqU22YpT
2015877,Hey @AppleSupport  @115858 me will need you to fix the letters on this phone. Please and thanks #Apple https://t.co/04Eo5ti8N3,@596115 Thanks for reaching out. We have a workaround for this here: https://t.co/xXaXeeSRt9 DM us if you still need help. https://t.co/GDrqU22YpT
1482396,@464205 @AppleSupport Did you get it solved? Hasn’t worked for me for two months!,"@464206 We can help. We've got a team here that Apple that can assist with your Apple TV. Click here to reach us, and we'll look into this. https://t.co/GDrqU22YpT"
1252508,"@AppleSupport I have received this message and it takes me to this page, is it a scam.... I've read online it has been going around and it's not official https://t.co/fSroBgFmEt","@413817 Hello! This is not a message from Apple. This article has tips to identify and report phishing scams: https://t.co/LNMCdqt6fD
Please do not enter in any information to that resulting page from the message you received."
2151143,"@116333 4th generation Apple remote is absolutely horrible. After latest update, sensor moves all over the place. It was terrible to begin with, now worthless. Regret my Apple TV upgrade. Is this an alpha release? You can do better.","@632188 Our Apple TV experts are waiting to help you. Get started here:

 https://t.co/IBIY3vMgPj"
34616,@115858 @AppleSupport @1456 his new ios 11.0  I have to restart my phone at least four times a day because it is blocked by everything,@123501 We want to help get your iPhone working properly. Which exact iOS version and iPhone are you using?
1286575,@AppleSupport Powerbeats 3 stopped working after 3 months. Won’t turn on or charge. Seems I’m not the only one. Plz fix for Powerbeats 4.,@420914 Let’s get you pointed in the right direction. Our @159983 team will take it from here.
366135,@AppleSupport Hello can you tell me why my loudspeaker doesn’t work since the update and why are my apps crashing so I have to switch my phone off?,@384987 We'd be happy to partner with you and look into what's going on. Which device and iOS version are you running?
458441,If @115858 could stop autocorrect the word It to I.t that would be fucking great,"@223872 Hello there. We thank you for connecting with us, and can see your view on this concern with your autocorrect feature. Can you send us a DM with the current system version installed? https://t.co/GDrqU22YpT"
704448,Also #ImThankfulFor that @115858 still hasent fixed the I️ bug,"@288335 Thanks for reaching out to us for support. iOS 11.1.2 was recently released and it includes a fix for autocorrect issues. Be sure to back up your device prior to updating, and let us know if the issue persists afterwards. How to back up: https://t.co/4f8hwT5to6"
512524,@AppleSupport Seriously when are you going to fix this bullshit with the calculator?,"@237873 Hey, what's going on with the Calculator? Provide us with some more details in DM and we'll help you out. https://t.co/GDrqU22YpT"
2746085,I literally have to wait 5 seconds to do anything @115858 fix this,"@769014 We want to help. We know how important it is to be able to depend on your iPhone. To start, can you tell us which iOS is on your iPhone? You can find out by going to Settings &gt; General &gt; About."
722552,"@115858 your software is giving nothing but problems, fix it. Now.",@293000 Thanks for reaching out. Can you please clarify the issue that you are having? That way we can better assist.
1717429,@AppleSupport PLEASE GET IT TOGETHER. WE NEED A SOFTWARE UPDATE AS OF YESTERDAY. I AM SICK OF SEEING ‘ I️ ‘,@520042 Here’s what you can do to work around the issue until it’s fixed in a future software update: https://t.co/xXaXeeSRt9
775242,"@AppleSupport 11.0.2 All of them: Safari, Facebook, Whatsapp, Messenger,...","@305229 Have you updated all of your applications since updating your software? Send us your response in DM, please. https://t.co/GDrqU22YpT"
1905922,@AppleSupport iOS 11 is so nextgen that all my current apps have stopped working! #androidcalling #timetoshift #loosingyouredge,@567926 This isn't what we want to have happen with iOS 11 on your device. Let's pair up in DM and look at this together. https://t.co/GDrqU22YpT
1687736,Come minkia si fa a fare un aggiornamento e ritrovarsi con un macbook bloccato? Spiegatemi perché non capisco @AppleSupport,@512514 We offer support via Twitter in English. Contact us for help in your preferred language here: https://t.co/IBIY3vMgPj
1492615,@AppleSupport think it is deliberate but Is weird to watch as it moves,"@320017 Just to confirm, if you navigate to Settings &gt; General &gt; About &gt; Version, is 11.1.1 listed there? When you say Twitter is bouncing, is this while using the app or when it's closed? Lastly, does restarting make any difference?"
1329233,@AppleSupport I wanna know why restarting my phone caused all my text messages (important ones too) to be deleted,@430137 Send us a DM and we'll take a look into this with you. https://t.co/GDrqU22YpT
1857491,"Dear @AppleSupport your new update has completely fucking ruined my brand new iPhone, never have I ever had such problems. Cool. Thanks","@287971 We'd like to help get you back to enjoying your iPhone. To get started, DM us more information about what's going on. https://t.co/GDrqU22YpT"
2047965,@AppleSupport my phone battery is dying quicker than the black guy in a horror film,"@605650 Battery life is important, and we're here for you. DM us the iOS version your iPhone is running. We'll meet you there. https://t.co/GDrqU22YpT"
1955482,"@AppleSupport Yes GPS is working with other apps. Worked perfectly until I installed iOS 11. It is not just me, loads of Fitbit users having this problem",@258013  Are there any updates available for your Fitbit device or the iOS App? We might also try deleting and re-downloading the App.
1286458,"Apple Music - the worst, unstable, unreliable music streaming service. @115858 are you going to fix it?",@136613 We’re here to help. DM us more details and we’ll do our best to assist you. https://t.co/GDrqU22YpT
2402174,"Hi @115858 @AppleSupport just want to share my 4th freezing experience this morning with you (within two weeks) since I move to IOS11 (just updated to 11.1.1 yesterday)
Maybe one of your software freaks could solve a wildly isssue here in KSA https://t.co/p04Yo3bXVK",@691109 We certainly want you to have the best experience with new updates and would like to help. Please DM us a bit more about what happened and we'll continue there. https://t.co/GDrqU22YpT
2759039,@115858 actually scratch that not just the music app the software for the phones in general ya shit is crusty,"@772038 We want to help. To start, send us a DM and tell us more about what you're experiencing. We'll pick it up from there. https://t.co/GDrqU22YpT"
851795,"@AppleSupport hi, how do I save a video from my iCloud to my phone? Only option is save image, I'd like it as a video. Thanks https://t.co/gD1XhEdflE","@322338 We'd be happy to help. Could you tell us what type of file you're trying to save as a video? Also, what iOS version you have?"
2623623,Please @115858 @AppleSupport @116333 @123857 @119462 Repair the way @12228 show the released date app. Thank you https://t.co/JUjDyD5ZTs,@741179 We're happy to look into this with you. Send us a DM and we'll gather some information to get us started. https://t.co/GDrqU22YpT
952583,@115858 your update has fucked up my iPhone #wtf,@346004 Let's have a look at this together. Please DM us. https://t.co/GDrqU22YpT
2238905,"@AppleSupport my iphoneX space gray just powered off out of blue, and it’s not responding to any buttons!!! HELP",@652833 Let's work on getting your iPhone powered back on together. Please take a look at the following article for troubleshooting steps for when your iPhone won't power on: https://t.co/8MvHMFZ83h
585895,"Hey @115858 
Are you kidding me with the new update? I lost over 80% of battery within 20 minutes. I can’t go outside without a powebank because my battery would die four times a day. That’s not how an iPhone 6s should work🙄",@258327 We'll do everything we can to help you with your battery life. What version of the iOS are you running on your device?
2889485,@AppleSupport Is it a design feature for #iOS11 to turn my once trusty iPad battery to scrap? Used to have power all day - full charge to 17% has taken 40 minutes this morning. #batterydepletion #anychanceofapatch,@801135 Let’s look into this together. Reach out to us in DM and let us know when you completed the most recent update and when you first noticed the battery issue please. https://t.co/GDrqU22YpT
539946,"@AppleSupport What is the official recommendation for iPhone rebooting every minute after the time hits December 2, 12:15 am?","@245229 We are here to help. Let's take a look at the steps in this article. https://t.co/osZOKKTalm
DM us if the issue remains. https://t.co/GDrqU22YpT"
1549945,"Oh great, my first 280-character twitters will have that weird I️ bug in them. Thanks, @115858. 🍎 🐜",@407324 Here’s what you can do to work around the issue until it’s fixed in a future software update: https://t.co/qODbOsp4wz
845550,"@AppleSupport It’s intermittent, it happens on the home screen and I can’t get it to turn back unless I lock the screen/restart",@320987 Got it. Do you keep the orientation lock on when the issue occurs? Which version of iOS 11 are you running on this iPhone?
1224201,@AppleSupport No error. It doesn’t do anything.,@158799 How are you connected to the internet? Does the same thing happen when trying on cellular or on another Wi-Fi network?
1742411,@AppleSupport My iPhoneX screen keeps doing this. It’s repeatable. Only a reboot fixes for a while. Screen just stops responding. https://t.co/amhI6uooTU,@525592 We'd like to help! Send us a DM with the country that you're located in to continue. https://t.co/GDrqU22YpT
2532538,iPhone switches audio to AirPods as soon as I open the enclosure.It should wait till I put them in my ears @123857 @116333 bug in ios11,@578791 We'd like to look into this. Send us a DM with more details to continue. https://t.co/GDrqU22YpT
2983596,my phone was stolen &amp; this picture showed up on my icloud @AppleSupport https://t.co/WF80BahmjF,@219948 We are here to help. Please refer to the following article for steps to take when your iPhone stolen: https://t.co/fUoKdx4Yut
25318,"@AppleSupport , I just wanted to let you know that this is the second time facing a problem (sudden shutdown) with my iPhone which lead me to restore, delete everything and fresh install due to your recent software updates. Pls fix this issue quickly!!","@121475 We're glad you reached out to let us know. It's never our intention for you to have issues after updating the iOS on your iPhone. Did restoring help? If not, send us a DM and let us know. We're always happy to help work through any concerns with your iPhone. https://t.co/GDrqU22YpT"
388048,@AppleSupport woke up to an email saying my password was reset and logged into this account.. how can I make sure he is out of my account?😫 https://t.co/bOFroRLQWf,"@207840 Thanks for reaching out, we would love to help. If you click on the 'Sender' field, what is the actual email address?"
2349419,I can confirm the issue with iPhone X’s screen not working when the temperature is very cold is true. I’ve experienced it multiple times this weekend @115858,"@679118 Thank you for reaching out to us. We know how important it is to have your iPhone working properly, and we're here to help. Please meet us in DM so we can discuss this with you https://t.co/GDrqU22YpT"
2986577,iOS 11.2 shame on battery @AppleSupport,"@823505 We understand how important battery life is on your iOS device! Send us a DM with the model of device we're working with, and we'll take a closer look at the issue together there. https://t.co/GDrqU22YpT"
697305,#apple your new #iphone #update #sucks @115858 my phone freezes several times a day and the battery...let’s not talk about the battery,@286374 We'd like to assist. Are you currently running iOS 11.0.2? You can check in Settings &gt; General &gt; About https://t.co/GDrqU22YpT
1557428,why does my phone change the letter (eye) to this i️ @AppleSupport,@481421 We'd like to help. Try out the steps in this article: https://t.co/xU1AGHStV6
2484235,"@AppleSupport I'm in America, can I send the full address DM?","@709698 You can view your order using this website: https://t.co/drll0fQgxk If you need more help, please let us know."
2341675,@AppleSupport It didn’t work. My friend took it to apple dealer and couldn’t do it because he has forgotten his icloud email address. Can you help on how to get the icloud email address?,@641430 Try here to recover the iCloud email address: https://t.co/PyfGU4NaiE
613013,@AppleSupport This issue is happening on the Mac. 11/14 in Safari reading email and today in a text message. Please fix.,"@725628 We'd be happy to dig into what's causing the autocorrect issue that you're seeing. When you mention that it's happening on your Mac, is it happening when you type the letter i or are you just seeing the issue when viewing content that others have typed?"
1634595,My computer has been randomly turning off &amp; its fucking up my work. God damn @115858,"@500033 We want to help out! Send us a DM letting us know which Mac you're using, along with the macOS version. https://t.co/GDrqU22YpT"
306950,@AppleSupport is it possible to transfer purchases from 1 Apple is to another?,"@160622 Content is linked to the purchasing Apple ID, however you can look into Family Sharing here: https://t.co/ckptoWI7iV"
1492214,"@335340 @AppleSupport Yes, APPLE GET YOUR SHIT TOGETHER. And I️ just updated to the newest iOS platform 😐😐😐😐",@466532 Here’s what you can do to work around the issue until it’s fixed in a future software update: https://t.co/qODbOsp4wz
864461,@115858 please fix the music app. So many bugs from the iOS update. Thanks,@325310 We're here to help. Shoot us a DM of which iOS version you are on now. https://t.co/GDrqU22YpT
1858429,@AppleSupport *not working,"@555695 We want you to be able to enjoy your iPad; we'll do all we can to help. To start, let us know your iOS version in DM: https://t.co/GDrqU22YpT"
1781114,My iPhone won’t back up &amp; states I don’t have enough storage? I have deleted everything from the cloud. @115858 fix this I’m tired,"@535131 Let's take a closer look at your storage together. DM us with details, and we'll see how we can help. https://t.co/GDrqU22YpT"
1435797,@AppleSupport pls help.,@453330 We'd love to help. Looks like you're having issues with auto correct: we to W.E Is that right? Which iOS version is installed?
1133195,@AppleSupport my iPhone 5s keeps on hanging very frequent after upgrading to iOS 11. Found the working much slower now. Need help,"@387016 We'd love to help! Under Settings &gt; General &gt; About, which exact iOS 11 version do you have installed?"
797636,@AppleSupport bug when opening settings app. There is a vertical line on the rightmost part of the screen. https://t.co/hkuGBBEubJ,@310167 Have you updated to iOS 11.0.3 yet? https://t.co/80YRnjDFDk Send us a DM and let us know more details. https://t.co/GDrqU22YpT
1311523,@426473 @AppleSupport Same issue @applesupport. No gallery access. Also touch screen issues and apps crashing. Let's get rolling on 11.0.3 ASAP!,@422669 Let's get together in a DM. It would be our pleasure to look into this further. Please tap here to continue: https://t.co/GDrqU22YpT
746887,@AppleSupport hey guys can you help me? My iPhone cannot detect WiFi which needs authentification before connecting,@298544 Thanks for reaching out to us for support. We would love to help you. Can you tell us when you first encountered this issue?
34601,"@AppleSupport I don’t think so—it did work this morning, has been deactivated for whatever reason, and now it won’t activate… 🤔",@123495 Thank you for providing us with that information. Let's look further into this issue. Please DM us the device you are using. https://t.co/GDrqU22YpT
1763760,@AppleSupport 11.1.1 what my version is,@530617 Thanks. Go ahead and meet us in DM and we can continue there. https://t.co/GDrqU22YpT
2041733,Okay “ I️ “ is getting really annoying @115858,@603710 Here’s what you can do to work around the issue until it’s fixed in a future software update: https://t.co/xXaXeeSRt9 https://t.co/GDrqU22YpT
323004,hey @115858 I bought my iPhone 8 a week ago and my phone has died overnight while charged at 50% two nights in a row 😶😶,@192938 We'd like to help. Let's take this to DM and we'll explore ways to provide you assistance. https://t.co/GDrqU22YpT
763627,@AppleSupport I got an iphone 6 with straight talk just like my 5....erased all content and tried inserting my sim card but it is saying the carriers dont match. how do i fix this,@302490 We know it's important to be able to use your iPhone as expected. What is the exact error message you're running into?
545266,"@AppleSupport ever since I did the latest iOS update my texts come in the wrong order, my apps won’t load properly - have to keep closing and re-opening them - Bluetooth and Wi-fi come on by themselves .. aargh! Can I uninstall please??","@142153 We take the security of your device seriously. For that reason, downgrading is not supported. We're happy to continue addressing your issues with you. DM us and let us know if you've had a chance to update to iOS 11.2. https://t.co/GDrqU22YpT"
2911800,"|@AppleSupport, Current iOS version is not noted.","@262393 For help to find this, please check Settings &gt; General &gt; About."
1713728,@AppleSupport Also the episode I want is usually the 20th one listed after all the other episodes of the show haha. So I have to drag it to the top.,"@518991 We want to look into this a bit closer. Send us a DM, we'll continue on from there. https://t.co/GDrqU22YpT"
288367,@AppleSupport why my badge icons disappear &amp; reappear on my new iOS 11? Keeps happening since first day of upgrade!!! #iphonebug https://t.co/ok6LeYtMx9,"@184690 Let’s take a look at that together.  Which exact version are you running now?
You can check under Settings &gt; General &gt; About"
2136694,@115858 I️ can’t handle the stupid I️ bug which is making the grammar police think I️ have lost my mind. Can you ship 11.1.1 so I️ can sleep soundly? #I️,@349668 Here’s what you can do to work around the issue until it’s fixed in a future software update: https://t.co/xXaXeeSRt9
691381,"@AppleSupport @115858 really failed with ios11, my phone is a wreck post update, even with recent bug fixes",@285204 What kind of issues are you having with the update? We'd love to help.
389696,@AppleSupport Thanks,@208243 You're welcome. Have a great day!
1089867,@AppleSupport Yes and the new one ios11,@377124 Alright. Let's take a closer look in DM: https://t.co/GDrqU22YpT
644111,@AppleSupport I upgraded to 11.0.3 and now the clock has disappeared from my lock screen?!??,@272891 We'd be happy to see if we can bring the time back. Does restarting your device help?
2041697,HOW TF MY IPHONE CHARGER THAT CAME OUT THE MF BOX CANT BE SUPPORTED @115858 😡,"@603697 We're here to help. To start, let's give the steps here a try: https://t.co/uqxquyfdn0 DM us back any questions. https://t.co/GDrqU22YpT"
798840,Hello @AppleSupport pls how do I attach an epub file in my ibooks to a mail? It's giving me headache.,"@310429 We'd be glad to help. To ensure we give you the right steps, which device are you using &amp; what version of OS is installed?"
659471,@AppleSupport why has my Mac suddenly stopped being able to play videos. most filmed on an apple device!! very frustrating especially after all these updates! https://t.co/OftJlVE06G,@277031 That's not okay. Let's get this figured out for you. Meet up with our advisors who are ready to support this Photos issue here:  https://t.co/IBIY3vMgPj
2455390,"@AppleSupport I’m having a lot of issues with the new Mac OS High Sierra 10.13.1 Uptade most apps Don’t work, the computer has no sound, and it’s very slow ! The model is MacBook Air From 2014",@703386 Let us help you get that MacBook working as expected. Join us in DM so we may better assist you: https://t.co/GDrqU22YpT
2448388,"@AppleSupport the new beta #iOS11.2beta3 did something unexpected to my iPhone 7! 
Please let your devs know....
This thing is screamin’ fast. Probably faster than ever. 
Thanks to your dev teams!
💯👍👍",@701806 You can actually report positive things via the Feedback app as well. We're glad you're having a good experience with that update.
156025,"@115858 two days ago something happened to my iPhone without me knowing. “I” had been replaced by some foolish hieroglyphic. It shows up in Facebook posts, text messages etc.
I’ve been trying to post about my battle with PTSD but the posts look unprofessional and childish, thanks","@151822 We're very glad you contacted us for assistance. We recently released an iOS update, that contains a fix for autocorrect issues. Let’s be sure to back up your device prior to updating. How to back up: https://t.co/4f8hwT5to6"
1117124,@AppleSupport I shut the auto brightness off when I first got this phone and now with this update it’s doing it again and I don’t like tht cuz it’s hurting my eyes!,@383592 Let's move over to DM to continue discussing this. https://t.co/GDrqU22YpT
1620578,I️ I️ I️ I️ wtf @115858,"@496671 Thanks for reaching out! We're glad to help, so we've got a guide to share with you regarding this: https://t.co/xU1AGHStV6"
2052582,Who is responsible for this fresh new aggravation since the iOS 11 update? @115858 @115725? No internet yet I have LTE?? #iphone https://t.co/7puzndNy1x,"@371264 Thank you for reaching out, we'd like to help. Send us a DM with some details about when you noticed this, we'll go from there. https://t.co/GDrqU22YpT"
2369542,"If u need to get in contact with me, pls DM me because my phone won't turn on 😩 it's been like this for about 2 hours @AppleSupport https://t.co/DBeh8IEtsk","@683829 We're sorry to see that you're having issues! Try the steps in this article: https://t.co/8MvHMFZ83h

If you still have issues after that, shoot us a DM. https://t.co/GDrqU22YpT"
1900690,"@AppleSupport I see lots of ppl are having issue w/Touch ID not working, as I am &amp; family members. The fix on your website doesn’t work. https://t.co/fze1Nf2bWu",@566416 We'd like to gather some more information for better troubleshooting. Can you DM us the country you are located in? https://t.co/GDrqU22YpT
1924792,@AppleSupport Oh also I beg your pardon were you referring to the issue with iCloud backup or the receiver? But either way I restarted and both still suck,"@277657 We'd like to look into this further, could you Direct Message us so that we can get more information? https://t.co/GDrqU22YpT"
2756827,@AppleSupport Is it considered having issues with my Apple TV if it’s taking 8 hours to buffer Harry Potter?,@771549 Our Apple TV support team would be happy to take a look and see if they can help speed up that download.  Here's a few steps that may help in the meantime: https://t.co/ePKYg6bh61
1482994,"@AppleSupport Yeah, no thanks. My recent support experience with you was 0/5 stars.","@390590 If you change your mind, we’re available every day from 5am-8pm Pacific."
1890702,"Hey @115858, my battery life sucks after all the updates...",@563844 Let's get to the bottom of this. Which version of iOS are you on? You can find that in Settings &gt; General &gt; About. Reply in DM. https://t.co/GDrqU22YpT
1517068,@115858 fix my shit. I️ don’t have time for this!,@159726 We're here for you. DM us and we'll go from there. https://t.co/GDrqU22YpT
1808272,"Under @115858 iPhone6s unexpected shutdown program iZenica, Auth Ser Cntr installed old battery. iPhone now drains even faster. @AppleSupport",@543246 We'd like to look into this with you. Join us in DM with more detail about what you're experiencing. We're happy to help! https://t.co/GDrqU22YpT
51630,"@AppleSupport 
Really dislike feature Brightness adjusts up/down automatically on the iPhone6. If I wanted it darker, I’d adjust it myself.",@127591 It sounds like Auto-Brightness is enabled. Check this out for how to disable that feature: https://t.co/bkqEVCrK2l
395547,@AppleSupport The delete button disables,@209619 Do you have multiple email accounts set up on the device? Have you tried to test in a specific mailbox versus all inboxes?
2451726,WHY can i still not download iOS 11?? it fails to verify every time and i'm super annoyed. @AppleSupport https://t.co/HTMy4r76PC,"@482457 We're here to help. If you haven't yet, try installing the update through iTunes. Follow these steps: https://t.co/80YRnjDFDk"
2355038,@AppleSupport I’m running iOS 11.1 and YouTube is over heating with bad battery life,"@680392 To make sure we fully understand, you're having issues with poor battery life and increased warmth only when using the YouTube application? Did this issue start randomly or after updating to iOS 11.1?"
1857941,@AppleSupport Than?,@216975 Once we get a better picture of the battery usage in DM we’ll be able to pinpoint our next steps. We look forward to your DM. https://t.co/GDrqU22YpT
848333,"@115858 @AppleSupport  learn to accept your flaw! My phone still has app crashes, glitches and unresponsive touch. Serviced by Apple care!! https://t.co/t0NmWWB1QI","@321602 Reach out to us via DM, then we can work with you looking in to this from there. https://t.co/GDrqU22YpT"
285183,"@AppleSupport It attempted to, however many things are still missing or ""unable to download"" 🙄 Not to mention it takes 7 years to do anything 🐌 #snailpace","@183944 OK, since you are restoring from backup. Make sure that you're connected to Wi-Fi: https://t.co/Lr8zUtw9ls https://t.co/GDrqU22YpT"
2838643,"@AppleSupport I already set it up. When I worked out for an hour today, the calories didn’t track nor did the time. Even though I kept checking it",@790004 We'd like to investigate further with you. Send us a DM and we can troubleshoot more from there. https://t.co/GDrqU22YpT
1798557,@115948 @AppleSupport I got a notification that someone followed me on Apple Music but got an error message when I opened the app.,"@540416 Hi, can you tell us what the error message mentioned? We'll see what we can do to help."
2313132,Updated my phone to get rid of the “I” bug and I can see the battery running down by the second. I now have a cord phone. Thanks @115858 for the “innovation”.  The A? was more efficient than this.,@670792 We'd like to remedy that. Try the steps outlined in this article to optimize battery performance: https://t.co/TpjqFp3jxD
2276286,"Hey @AppleSupport I’ve just finished a 44 minutes workout but Veteran’s day medal is still grayed out.
I have to wait till the end of the day? https://t.co/A0xl4ugrft","@184724 Let's take a look a this. Have you had a chance to restart since your workout? In DM, please let us know in which country you're located. https://t.co/GDrqU22YpT"
2069467,Can I get a refund for my brand new iPhone 7 that decided to just stop working after this update? Would be greatly appreciated. @115858,@612001 We want to make sure you can enjoy using your new iPhone. Send us a DM with the specifics of what you're experiencing. https://t.co/GDrqU22YpT
327085,@AppleSupport Thanks!!! Restart did the trick!,"@193948 Awesome, we're glad to hear that. Please reach out if you need help in the future."
2777557,@AppleSupport No progress till now.,"@776000 Try this. Boot the Mac into safe mode. https://t.co/PQ4LSYhUTY This will clear some cache files and give us a good foundation. After doing the safe boot, try the install again. Let us know how that goes."
716620,@AppleSupport I woke up one morning to find that my #wifi button just won't turn on and my Bluetooth won't connect ??,@291517 We'd love to help you sort out the trouble wit Wi-Fi and Bluetooth! Which device is having the problem? Send us a DM. https://t.co/GDrqU22YpT
2964148,"Hey @AppleSupport my Apple Watch battery has been kinda trashy lately. Where I’d normally get a full day or more, I can rarely make it past 5PM before I’m close to dead. Is a battery covered under Apple care?","@817855 Hi. We'd be happy to work with you concerning your Apple Watch's battery. Please tell us which version of watchOS you have installed on your Apple Watch.  From the Apple Watch app on your iPhone, tap the My Watch tab, then tap: General &gt; About."
1368817,@AppleSupport is there any way to permanently disable live mode on the iPhone camera?,@438614 Hello. We're happy to help with this. You can disable Live Photo by tapping the Live Photo icon within your Camera app. You'll then want to navigate to Settings &gt; Camera &gt; Preserve Settings  and toggle the switch on for Live Photo to save that setting.
462047,i’m so pissed this phone is always fucking up retire bitch @115858,@224806 We'd love to help out with your iPhone. Send us a DM with your concerns. We'll meet you there. https://t.co/GDrqU22YpT
467346,@AppleSupport I just wanted to make sure someone had reported the following iOS bug where notifications on the lock screen are taking up more room than their containing background bubble. (I’m using iPhone 7+ with iOS 11.1.2.) https://t.co/2M9SfCWnov,@226249 We'd like to check into this a bit more with you. Could you join us in DM with more details on what you are seeing? https://t.co/GDrqU22YpT
1676204,Get it together @AppleSupport I️ I️ I️ I️ I️ I️,@509903 Here’s what you can do to work around the issue until it’s fixed in a future software update: https://t.co/xXaXeeSRt9
2117302,"#I️t

Yo. Fix this bug @115858",@624056 Here’s what you can do to work around the issue until it’s fixed in a future software update: https://t.co/xXaXeeSRt9
2309292,@AppleSupport I’m using your newest software for the iPhone 6s. The newest update is on it. Why do my I’s turn to an A with a question mark?!,"@669793 We'd love to help out.  Can you confirm you are running 11.1.1, which was the last update that should have resolved this?  Thank you for double-checking!"
2834339,@AppleSupport iPhone 7 - it’s 2 months old,@788995 Meet us in DM and let us know in more detail what happens when it mutes. https://t.co/GDrqU22YpT
2054578,"@AppleSupport hey apple, iOS 11.0.2 sucks, it drains the battery, not swipe apps with 3D Touch and you stop signing iOS 10.3.3 😡😡",@607652 We want help. Look here for a few tips to help with your battery: https://t.co/bivpdfBNJ6 DM us if you're still having trouble. https://t.co/GDrqU22YpT
2336141,Hey @115858 is there a way to roll back this update?  Unless the update was supposed to slow my phone down?,@675929 We're here to help out. DM us which iPhone model and specific iOS version you have. https://t.co/GDrqU22YpT
2782060,@776927 @AppleSupport @115858 Deleted half my photos which I’m kinda over cause I can’t do nothing about it. But what makes me mad is it deleted my photos from the concert i went to with Nickie. Thankfully I sent them to my mother so I could get them back,"@755849 The Optimize iPhone Storage option should mean your photos are securely stored on your iCloud account. If you're still having issues with your photos, get over to our Photos support. They will be glad to help you. Use this link to reach them: https://t.co/IBIY3vMgPj"
1332408,How come the new iOS update is messing up my phone AND my airdrop still doesn’t work? @115858,@430831 We want to help. What problems are you having with your iPhone? What happens when you try to AirDrop?
1527658,@115858 FIX THE I️ THING,@474331 Let's look at this together. Please DM us. https://t.co/GDrqU22YpT
1474123,"Anyone else having issues with the new iOS update? @115858 my phone is glitching, especially on snapchat #ios11update","@462197 Maybe we can help. Give us a few more details about what specifically is happening, and we'll get started with resolutions."
1658657,@506058 @AppleSupport My phone keeps replacing the “I️” with a boxed question mark.,@506057 Here’s what you can do to work around the issue until it’s fixed in a future software update: https://t.co/xXaXeeSRt9
2013385,Fix the I️ issue @AppleSupport @115858 it’s driving me nuts,@595345 Thanks for reaching out. We have a workaround for this here: https://t.co/xXaXeeSRt9 DM us if you still need help. https://t.co/GDrqU22YpT
1095134,Hey @AppleSupport stop changing my message back to delivered after I read it and don’t respond. I want people to know that i read it!!,"@378428 Reach out to us via DM, then we can advise you on this from there. https://t.co/GDrqU22YpT"
1712981,@115858 stop fucking yo my “I️” you made me do this damn update,@518838 Here’s what you can do to work around the issue until it’s fixed in a future software update: https://t.co/xXaXeeSRt9
2120177,@AppleSupport Can’t mute my phone without muting my alarms after this shitty update. Got anything for this?,@624746 The alarms will still work when the ringer is on silent or with Do Not Disturb on: https://t.co/bz9TzU3lGI Questions? DM us. https://t.co/GDrqU22YpT
2287231,"@AppleSupport I updated my phone last night, it seemes to have helped.",@664542 We're glad to hear that has helped. Please don't hesitate to reach back out if you have any other questions or concerns for us. We're always happy to help.
1949824,"Dear @AppleSupport , are you ever going to wake me up? https://t.co/JuL22Sc6h7",@579186 We're happy to help with alarms in the Clock app! Join us in DM with the exact version of iOS 11 installed on your device. https://t.co/GDrqU22YpT
1640177,"@AppleSupport The message sends green, but works fine with everyone else",@501452 Check out this article here: https://t.co/2hgNQH8Vvq Make sure your contact has iMessage turned on.
1522059,"@AppleSupport I’ve tried to remove and delete but it seems like every time I force close the messages app and reopen, they’re all back",@473040 Let's meet in DM to investigate further. https://t.co/GDrqU22YpT
713371,"@AppleSupport Thanks! 6S, 11.0.2, just happened this afternoon for the first and only time. Did a force restart and all is normal again.",@290624 We're glad to hear that it appears to be working. If this continues or you have any other issues please let us know.
2837270,"@AppleSupport Hi, my contacts are no longer visible on my iPhone. They’re sourced from my Hotmail account and I haven’t changed the settings, though my software was updated over weekend to iOS 11.1.2. Any thoughts?",@789678 We'd be happy to assist you with this.  Please reach out to us via DM and we'll get started. https://t.co/GDrqU22YpT
1145063,@AppleSupport İ did it. Thanks. Uninstalled new update's set up and download again finally solved.,@389490 Excellent. Glad you were able to update now. Reach back out if you need us again in the future.
1765101,What the heck is a “I️”  ???? @AppleSupport,@530925 Here’s what you can do to work around the issue until it’s fixed in a future software update: https://t.co/xXaXeeSRt9
1795726,@AppleSupport 11.0.3 . I noticed mostly with call and message.,"@502931 Got it. Meet up with us in Direct Message. We'd like to continue running through some steps to resolve this, in there. https://t.co/GDrqU22YpT"
1569652,@115858 @AppleSupport can’t you fix the iOS 11 battery problem? Are you doing this because we can’t leave you? 🙁,@484138 We want your device to have great battery life. We're here to help. Send us a DM and we'll go from there. https://t.co/GDrqU22YpT
2281201,Anybody knows what happened to my mac and how to fix it? Seems like I got locked in a loop of restarting and breaking down again since installing the last Sierra update. Any tips are greatly appreciated! @AppleSupport https://t.co/UiiOoUQYCt,"@663108 Thanks for reaching out to us about getting that update working. We'll be glad to help get this resolved. Have you tried to quit that installer and restart as shown there? If so, what happens afterwards?"
2867953,"@AppleSupport 
I’m facing troubles on my iPad air 2 after the upgrade to ios 11. Have noticed some lags(very unexpected from Apple products), heating issues, quick battery drain, and also the display screen fitting issue(the one in the picture).
Please help https://t.co/AALjCdiFxp",@796477 We'd be happy to help out. Which version of iOS are you using? You can check in Settings &gt; General &gt; About. We'd also like to know if you notice the heating happens while using certain apps or just overall. Let us know in DM. https://t.co/GDrqU22YpT
2139860,.@115858 🤧 help,@629313 We'd be happy to help get your device updated. Have you tried updating the iPhone via a computer on iTunes? Please DM us: https://t.co/GDrqU22YpT
2407944,"@AppleSupport Problema que não se resolve, já trocaram o aparelho... sem credibilidade a Apple","@692442 Since our Twitter support is available in English, get help at https://t.co/IBIY3vMgPj or join https://t.co/pvaOFfPbjt"
2944536,"phone updated last night and now it's slow af, ideal. ty @115858",@813411 Send us a DM please. Let us know which iPhone you have and the country you're in. We'll do our best to help. https://t.co/GDrqU22YpT
1845695,@AppleSupport i wanna listen to it so i will 😾 https://t.co/FtANUmLdyD,@369073 We want to make sure you can enjoy using the Music app. DM us with what type of iPhone you're using to begin. https://t.co/GDrqU22YpT
950978,@AppleSupport Then got the wrong information on the phone and now have to wait days before I can get it looked at again to then wait another 5 days probs,@345241 Let's meet up in DM to see what we can do for you. Thank you. https://t.co/GDrqU22YpT
2614285,Hey @AppleSupport @115858 - I'm sick and tired of defending you to my friends. You guys are losing it. Everything you touched turned to gold. Now you're unusable. Today I woke to find my Mac Mail smart mailbox files missing. Important stuff gone. F YOU,@739035 We'd like to help recover that for you. Are the mail messages missing or just the filtered mailboxes? Which macOS are you using? Send us a DM to continue troubleshooting. https://t.co/GDrqU22YpT
1400688,@AppleSupport I am literally just trying to update my phone I don’t know what this means https://t.co/jCA5MLqLBz,@234042 How much space do you have available on your iPhone? Please reply in DM. https://t.co/GDrqU22YpT
749987,Is anyone having trouble with the OS11.1 release for iPhones working with @123765 ??? #iPhone8 @AppleSupport,"@299273 Meet us in DM, and let us know more about what's going on. We'll help from there. https://t.co/GDrqU22YpT"
2335081,This new Control Center is AWFUL. Where the hell are all the missing options? Airdrop? And I want titles thx @115858 https://t.co/oPiTCTexaK,@675686 This page of the iPhone User Guide will help you customize it: https://t.co/Ikfbnj28qe Let us know if you have questions!
2841955,"@115858 I got the iPhone X’s, got a glass screen protector and had the store put it on. Told the guy it wasn’t right but he said it was fine LIAR just didn’t want to do it again. It is now broken because it had something under it,poor service don’t really want to spend another £30",@258641 Let's follow up in DM to help. We'll continue the conversation there. https://t.co/GDrqU22YpT
545271,"Whyyyy does @AppleSupport hate me?! My alarm, timer and stopwatch never worksss 😩",@246746 Thanks for reaching out. Please let us know all about the issues you're experiencing. We'd like to help you and look into this further. Please DM us to get started. https://t.co/GDrqU22YpT
631753,@AppleSupport Does iOS 11 cause iPad to charge slower than iOS 10? Seems like it is charging slower. @115858 #Apple #iOS11 #iPad,@269714 No it shouldn't. Could you Direct Message us so we can get more information? https://t.co/GDrqU22YpT
2782009,@AppleSupport can you maybe fix my phone cause I’m tired of all this I️ I️ I️ I️ I️ shit,"@776912 Let’s look into this together. DM us the version of iOS software your iPhone is on, and we’ll take it from there. https://t.co/GDrqU22YpT"
498651,"@AppleSupport One more problem, Everytime phone restarts all SMSs notifications come again. Attached video https://t.co/91YpmcXopu",@234044 Send us a DM. We'll work with you from there. https://t.co/GDrqU2kzhr
1468408,@AppleSupport my country/ region got changed and now my Apple Music is messed up. How do I go back to America ?!,@460833 We'll get you back to enjoying your Apple Music subscription in no time. Is it the country of your iTunes account or device?
951929,What is happening with my phone @115858 @AppleSupport ❓❓❓#ios11  😡 https://t.co/aXuNNCCbxq,@345826 Let's have a look at this together. Which device and software version are you using?
1643376,@339143 I see u updated ur iPhone. @AppleSupport Can't say 'I'. As you can see I refuse to do the update. Battery dies in seconds too. Not cool.,@502269 We'd like to look into this with you. DM us any other details and we'll work with you on these issues. https://t.co/GDrqU22YpT
2843865,"@AppleSupport IPhone 7; it won’t properly load the podcast, and keeps saying that it’s unavailable. I can usually play it for a bit, but if I pause it it stops working, and the time bar doesn’t load in at all",@791138 Got it. Does this happen to all episodes and subscriptions? Both audio and video?
2142298,"@115858 Hi, it’s me Jesse, can you please fix this glitch with the letter I doing this annoying thing I️ 
Please and thank you, it’s really causing a lot of stress.",@629887 Here’s what you can do to work around the issue until it’s fixed in a future software update: https://t.co/xXaXeeSRt9 https://t.co/GDrqU22YpT
1900004,@AppleSupport iPhone6 with iOS 11.0.3. Carrier is Airtel,@566225 Does the device show it is connected to the cellular connection?
2858299,@AppleSupport Directly to my car,"@794340 Have you tried another lightning cable? And if so, was the result the same?"
2341711,"@115858, i️ really need y’all to fix my shit before i️ switch back to samsung🤦🏽‍♂️",@677357 We're here to help. We released an update created to address this issue. Backup your iPhone and update following these steps: https://t.co/80YRnjDFDk
1095165,How do I change an old phone number? Can't use #Keychain @166518 @AppleSupport https://t.co/4Ub2qQ8uxR,"@378435 Let's look into this together. Send us a DM with more information, and we'll go from there. https://t.co/GDrqU22YpT"
2840402,"These latest @115858 updates have absolutely murdered my work flow. Constant crashes, slow apps, and error after error. Planned obsolescence or programmer flaws?","@790413 We'd love to help. Which device and software version are you currently using? Also, tell us which apps are in use the most when this happens."
1807641,Ever since the iOS 11 update my phone has been bugging out. @115858 get ya shit together.,@543057 We'd love to assist you with any issues that you're experiencing. Click here to join us in DM. We'll continue there: https://t.co/GDrqU22YpT
118115,@AppleSupport IOS 11.1.1,@142195 Let's go ahead and make sure to back up and update to iOS 11.1.2. Let us know if your iPhone still becomes unresponsive like this when it's updated. This article will help with the update: https://t.co/soeXTHWFdK
2500872,Every time I get a notification my music stops playing. FiX THIS  @115858,"@518480 We're happy to help out. Please let us know which device you're using, what OS is installed, and what music playing app you're using."
2573969,"Dear @AppleSupport 

Why does my audiobook keep pausing itself? It’s making me quite upset. 

-Jake",@729927 Let's see what's going on. Which device are you experiencing this on?
457170,@223544 @21169 iMessage SUCKS. Constantly having issues with it and IOS 11 but @AppleSupport is too busy fixing their bugs with the iPhone X (aka the rich people),@223543 We'd like to help find the best solution for issues you are having. DM us what iOS 11 version you're on. https://t.co/GDrqU22YpT
1774231,"What is going on @AppleSupport ! These questions marks are driving me INSANE. C’mon team! Can this be fixed SOON? What would Steve Jobs do :) ! Btw, thanks for the #280characterlimit Twitter.",@383851 Here’s what you can do to work around the issue until it’s fixed in a future software update: https://t.co/xXaXeeSRt9
1930660,"At the end of the day I used to charge my phone, now I need a charger half way through. What is the point of these updates @115858","@574511 We know how vital the battery is. Please check out this article: https://t.co/TpjqFp3jxD  

DM us the result. https://t.co/GDrqU22YpT"
1069931,"Ok @AppleSupport I’ve been trying to hang in there and wait on bug fixes updates...however, not being able to reply on my lockscreen..🙄",@372465 What's going on with your lock screen? Please message us in DM. https://t.co/GDrqU22YpT
2922747,Why does “I.T” keep popping up like that that’s annoying @AppleSupport y’all need to fix that ASAP,"@808842 We're happy to help. Tell us which iOS version you're using. Also, do you have any keyboard text replacements set up for the letter ""I""? You can check this in Settings &gt; General &gt; Keyboard &gt; Text Replacement."
1595968,Can i use any plug to adapt to my macbook charger? @AppleSupport https://t.co/kGbAvjqT72,@444293 Our Sales Support team will be happy to answer any questions you may have.  Reach them here: https://t.co/8yjRd1Xo0i
304004,"@AppleSupport Unfortunately this doesn’t seem to work. iPhone is online and wipe was initiated online, yet it’s still online, alive and not deleting. https://t.co/lduRsY0BVb",@188582 Let's take a closer look at this. Please reach out to us via DM and we can go from there. https://t.co/GDrqU22YpT
1857146,The @115858 update decided to put my phone in recovery mode... that's cool,@555390 We'd like to help! Let's start by reviewing the steps here: https://t.co/iYLZzFD8qZ DM us the results. https://t.co/GDrqU22YpT
2562366,"@AppleSupport Bought Apple Watch w/cellular so I could leave phone at home, but interval apps can’t run with workout or Nike run app. What am I missing? Surely this isn’t intentional. Help?",@638484 Thanks for contacting us. We want you to enjoy your run. We'd like to get more info. Let's meet in DM and look into this together. https://t.co/GDrqU22YpT
1548798,"@AppleSupport No, it was not purchased. It was my music","@479443 OK, thanks. To help isolate the issue, is the music missing from an iCloud, or iTunes backup? DM your response: https://t.co/GDrqU22YpT"
1727777,"@AppleSupport After IOS 11 update while online streaming ,every few secs video goes on loop,play few secs before on loop. I hv iphone 7 plus",@522487 Let’s take a look into this. Does this happen with multiple websites that stream videos?
2377144,What’s with all these apps crashing even the the phone app and phones forcing themselves to restart. I’m moving to #Samsung @AppleSupport  @115858 @134924,@685605 We want you to be able to use your apps. We're here to help. Please meet us in DM and we'll take a further look at this together. https://t.co/GDrqU22YpT
553518,"@AppleSupport Those are the only keys that don't work, no matter what App I have open! I normally use them to play/pause/rewind Spotify but suddenly stopped working. It's a built in keyboard not wireless","@249096 In your Keyboard System Preferences is there a check in the box next to ""function keys as standard function keys?"""
996653,@AppleSupport iOS - an iPhone 6,@356001 We know how important calendar invites are so friends and family are aware of important events. What version of iOS are you running exactly? Are your calendar events saved to an iCloud or other web based account such as Gmail? Let's dig into this deeper over DM: https://t.co/GDrqU22YpT
1913435,My iPhone is freaking out with this new update😒 @115858,@569952 We'd be happy to assist.  Let us know in DM the issues you're experiencing and we'll continue from there. https://t.co/GDrqU22YpT
1476470,"@AppleSupport Dear Responsible, my iphone 6+ that bought from istanbul out of service because of imei number. I could not support turkey.",@462786 Let's take a look at this further for you. Reach out to us in DM. https://t.co/GDrqU22YpT
366521,@AppleSupport Sorry. It’s actually 11.0.2(15A421),@202810 Thank you for that information.  Restart the device and test to see if the issue persists.  Let us know your results.
2406565,@AppleSupport I don’t think that’s the problem... https://t.co/4RALByQUJj,@258749 Allow us to clarify what's expected behavior. When using iCloud Music Library you do not manually sync content to your device as it's already accessible via iCloud. The only way to manually move over content is to disable iCloud Music Library and sync the content.
2838708,"@AppleSupport hi
why when i create an apple id i dont have a option to select none instead of credit card???
i have sent you a dm plz reply",@224794 We're here for you. Your DM has been received. Please look for a reply there from us shortly.
2005267,@AppleSupport why are my i’s showing and typing as A with a ?box? https://t.co/BXu8Hicz2t,@438541 We can help you out. Take a gander at the following article and DM us with any questions. Thanks. https://t.co/xXaXeeSRt9 https://t.co/GDrqU22YpT
2903771,"@AppleSupport watch series 1, watch OS 4. Battery is bad now. Just 5 hrs max. What have you done guys?",@804195 Please send us a DM and we will look into this together. Thank you. https://t.co/GDrqU22YpT
1476941,@115858 can you hurry up and fix this lil bug that changes my I's into weird ass characters,@462927 We'd like to look at this with you. Which iOS are you currently using? Let us know in DM. https://t.co/GDrqU22YpT
1799720,Hi @115858 please fix the new iOS 11.0.3 OS. Lots of app crashes and battery drain is nasty.,@540760 We'd love to help with your iOS experience. DM us which apps are affected and your iPhone model to get started. https://t.co/GDrqU22YpT
2860055,"@115858 y’all better fix my phone, it’s freezing n’shit and I know I’ve never dropped it before. I’m NOT buying the latest one, so fix my shit or run me a check.",@794754 We'd be happy to help you with this.  What device are you currently using and what version of iOS?  Let us know in DM. https://t.co/GDrqU22YpT
114468,"My iPhone 8plus is showing issues(hanging and slowdown) while multitasking,from the past two hours, restarted 2 times. 
IOS11 is the worst ever! @116333 @115858 @AppleSupport","@141449 We’d like to understand more about this. DM us some details of how you restarted, which exact version of iOS you're using, and which country you're in, and we'll get going. https://t.co/GDrqU22YpT"
2299175,"Unlock animation freeze bug on my iphone 5s, fix it @AppleSupport @115858",@598934 We'd like to help with any issues you're experiencing on your iPhone. Could you tell us more details about the issue and let us know what version of iOS you see in Settings &gt; General &gt; About?
1271092,@AppleSupport what’s going on with Apple Music?,@417597 We can help. Are you having any issues while using Apple Music? Provide us with the details. We'll take it from there.
1552866,@AppleSupport It finally worked after 30 minuets. Thank you.,"@480467 You're very welcome, and congratulations on your iPhone X, we hope you love it! Reach out if we can be of help in the future."
589519,Bro… WHY DOES THIS HAPPEN?! I’m not even using iCloud Music. @AppleSupport https://t.co/GqzIHtchea,@231164 We are here for you. Let's take a look at this further for you. Reach out to us in DM. https://t.co/GDrqU22YpT
52304,@AppleSupport I’ve forwarded it to the phishing email account that you guys have.,@127765 Thank you! We appreciate the submitted information.
291437,@AppleSupport Yeah I can’t seem to get it to edit or trim?,"@185390 Check this out to see if it helps: https://t.co/ux4qCXPAw5 If not, reach out to our Photos experts: https://t.co/IBIY3vMgPj"
1638738,@501098 @115858 @AppleSupport Me neither!,@505228 We want to get this working for you. What’s going on with AirDrop? Take a look at this article for help: https://t.co/1sfjYKb68x
1804202,Seriously regretting downloading latest @115858 iOS update. Phone has lost 10% battery in 10 mins when only listening to a podcast #appalling,@542090 We'd be happy to help you maximize your battery life. Can you DM us the exact version of iOS you are running? https://t.co/GDrqU22YpT
1772844,Hey @115858 fix your shit. This keyboard glitch is rediculous. Makes me want to switch to @122986. I️ hate this,@532829 Here’s what you can do to work around the issue until it’s fixed in a future software update: https://t.co/uQeXsrrlXJ
661502,@AppleSupport 11.1.2,"@277616 Thanks for letting us know what you're having issues with.  DM us with what type of iPhone you're using, and we'll work together there: https://t.co/GDrqU22YpT"
1818513,That stupid ass IOS update fucked my phone up now it’s just acting dumb.. way to go @115858 🤙,@546229 We want you to enjoy your iPhone; we'll do all we can to help. Let us know what's happening in DM to get started: https://t.co/GDrqU22YpT
823616,"Timer still broken in latest #iOS11 update @115858, alarm goes off ok, timer just ends and my iPhone wakes, no sound or alert",@151493 We know it's important for your alarm to work correctly. We're happy to help. Which version of iOS 11 are you running currently?
234986,"@AppleSupport y iOS 11.0.2. it works when the media widget is working. It isn’t, when it’s not. Same for pause/play. The latter will start default player","@123845 OK, is this only happening with the Spotify app? Do you experience the same behavior with the Music app?"
2067754,@AppleSupport Meant to attach this. https://t.co/iAVIL3J4AI,@611473 We'd be happy to look into this with you. Send us a DM and we can start there. https://t.co/GDrqU22YpT
549663,iOS 11.2 folder bug unresolved @24309 @115858 @157399 @239834 @AppleSupport https://t.co/alV0XVZk1G,@247997 Thanks for taking the time to reach out and for the video. Let's meet up in DM to go over this more in-depth. Would you mind briefly describing the issue for us? https://t.co/GDrqU22YpT
842457,@AppleSupport Didn’t think this would be a big enough update to mess up some of these. https://t.co/jfhLlTTsXj,@320371 Thanks! Those apps will need to update to run on iOS 11. We'd recommend contacting the developer for further info on updates.
889040,@AppleSupport Both!,@331071 Got it. Can you provide us details of the issues you're experiencing with the Messages app?
2212964,Not to put the blame on anyone but @115858 youre the reason my iphone sucks now and does nothing but lag ok and fix the I problem,@646749 We recently released iOS 11.1.1. Let's have you backup and update and see if that resolves the issue. Check out this link if you need help with the backup: https://t.co/ui8Itz8ESg DM us if you're still having this issue: https://t.co/GDrqU22YpT
1967963,@AppleSupport can somebody please explain why I️ can’t type the letter after H without this coming up.... I️,@583138 We'd like to look into this with you. Please DM us which country you're in and what iOS version you have. We'll help there. https://t.co/GDrqU22YpT
2835832,I need iOS to stop turning on my bluetooth and WiFi on its own @115858,"@696624 Hey, we want to learn some more details so that we can help. To clarify, when you turn off Wi-Fi/Bluetooth, are you doing that from Settings or from the Control Center? Also, what's the exact iOS version currently installed?"
2070220,@AppleSupport Christophe Berra can move faster than my phone since doing the update. It’s absolutely wank,@612233 Thank you for reaching out. Let's work together to get your device back up to speed. Please DM us the device you are using. https://t.co/GDrqU22YpT
2002500,"Extremely disappointed @115858. iOS 11.1 &amp; weather widget still broken. 10 betas, 3 small and major .1 &amp; widget still broken. @AppleSupport",@213151 Help is on the way. Send us a DM with the device you are using and more details of the issue. We'll continue there. https://t.co/GDrqU22YpT
1999464,@115858 @AppleSupport This iOS 11-3 update has got my phone dragging and delaying so bad I’m about to pull my hair out.i can’t perform my job,@575336 Thanks for reaching out to us. We want to help you with this. Send us a DM with more details and we will help you there. https://t.co/GDrqU22YpT
1010551,@AppleSupport my iPhone 6plus is extremely hot and won't charge . what is the cause and the possible solution,@359125 Meet us in Direct Message at the link below. We want to help with your iPhone 6 Plus. https://t.co/GDrqU22YpT
233955,@AppleSupport the price shown is 690 but was on offer for under 300 Taking a screenshot accidently bought it.refund. email support is high https://t.co/XbdpIG3kPx,"@171704 For further assistance with this issue, we'd recommend reaching out to our experts here: https://t.co/SDIe7UiyJN"
1541147,@AppleSupport When will ios11.2 beta be available for #iphoneX? I can’t restore previous backup from old phone on 11.2!,@477621 Let's work together on this. Meet us in DM to investigate. https://t.co/GDrqU22YpT
2770779,@AppleSupport The display won't turn on however it's currently being fixed at an Apple Store. Just pointing out that requiring a verification code that's sent to an iPhone that might be inaccessible to make an appointment is frustrating.,@774556 We're glad you were able to get in and get your screen fixed. We'll document your issue with making an appointment with the screen unresponsive.
1659196,Love my iPhone X but it’s over heating...@AppleSupport is this normal?,@506223 We want to help. Send us DM and tell us more about what you're seeing happen. https://t.co/GDrqU2kzhr
2681379,@AppleSupport Yes.. I don't want to restore my phone thoughas I don't have my photos backed up,"@754325 By any chance, do you have the option to back up your device through iTunes when you connect your device to your computer?"
1642622,Wooooooo @AppleSupport get it together! Please! This “I” issue is terrible!,@502096 Here’s what you can do to work around the issue until it’s fixed in a future software update: https://t.co/qODbOsp4wz
1064906,@AppleSupport Yep! But why does it disappear is the question? 🤔,@133186 Let's take a deeper look together.  Feel free to DM us and we'll take it from there: https://t.co/GDrqU22YpT
2056375,"@AppleSupport Hi, since the new update my phone keeps freezing. Any suggestions?","@608152 We're more than happy to work on a resolution with you. Please DM your iPhone model, iOS, and country. We'll meet you there! https://t.co/GDrqU2kzhr"
1155267,"@AppleSupport Restarted and is fine.with 11.0.2 I noticed that it was really slow calculating the route,thought was a connection problem",@391767 Great. We are happy to hear that it is up and running for you again. Come back to us anytime if you need further assistance.
462052,"@AppleSupport Why is there no tap rewind/forward 15 seconds for podcast playing on lock screen? I used to be able to on previous iPhones/iOS, but with X I can’t. I don’t want to waste battery by keeping the screen active to be able to use the 15 sec rewind/forward when needed.","@224808 We expect you to see options to rewind or fast-forward to the left and right of the Pause/Play button. You can also use Siri to skip forward or back. If the options aren't appearing, power your iPhone off, than on again. Let us know if there's any change."
2923637,Does anyone elses iphone skip while playing music as if you were listening to a scratched cd ??? This happened wth my old iphone and i just got this one in September &amp;&amp; now its doing it on this one too??  @AppleSupport,@809041 We want to help you play music on your iPhone. Is this happening with music synced from iTunes on a Mac or PC?
835403,@AppleSupport My iPhone 7 Plus randomly hangs for a long time. OS 11.0.2.,"@205135 Let's move to DM, and we'll catch up there. https://t.co/GDrqU22YpT"
1680896,"Hey @AppleSupport why is it when I try and type I, I get the stupid A with a boxed❓#thissucks",@511094 Here’s what you can do to work around the issue until it’s fixed in a future software update: https://t.co/xXaXeeSRt9
1616000,Hi @AppleSupport! I️ updated to 11.1 and my phone is doing this &amp; I️ am seeing a lot of ?s https://t.co/outbcoIEqX,@495582 We're glad to help! We'd like to share a guide with some steps to take for this issue: https://t.co/xU1AGHStV6
2003151,@AppleSupport @115858 WHAT IS WRONG WITH MY KEYBOARD WHY DO MY i’s KEEP CHANGING TO I️,@592338 We'd like to look into this further with you. Please send us a DM explaining if this happens on all apps or not. https://t.co/GDrqU22YpT
2346012,"@AppleSupport my phone contacts are no longer linking with their numbers, it says ‘maybe: their name’ and some of them when they text it doesn’t come up with their name, just their number",@408258 We'd love to look into this further with you to figure out what's going on. Where are you seeing the 'maybe' option? Is this in the Contacts app or only in Messages? Which version of iOS are you running in Settings &gt; General &gt; About &gt; Version?
1133550,"@115858 29% battery drop in 6 min—doing minimal activity on 6s+ seems pretty shitty

anyone got Android recommendations?",@213607 We'd be happy to look into this with you. Send us a DM with which iOS version you're running to get started. https://t.co/GDrqU22YpT
2955501,@115858 someone is charging apple products to my credit card left and right that I never signed up for.,"@443811 For additional help with this, please contact our iTunes Store department here: https://t.co/SDIe7UiyJN"
1557349,@AppleSupport I think it worked! Thanks @115858,@481400 You're welcome. Please feel free to reach out to us anytime you need assistance.
1211226,Ever since I got the new @115858 updates my phone and iPad have been acting all types of crazy. I’m annoyed. Answers @AppleSupport?,@404289 We surely want you to be able to enjoy your device. Which iPhone do you have &amp; what verison of iOS is running?
244953,@AppleSupport the new messenger doesn’t sort by unread at the top anymore ?,"@168381 We'll help however we can. Just to clarify, was this in Messages or were you refering to a third-party app?"
2817857,I really love how @115858 forces you to update your phone but if you have an older version of the iPhone it completely screws it up and glitches at normal tasks!!!!,"@785474 We know how important it is for your iPhone to work perfectly. DM us, and tell us a little more about what's going on. We'll look into this. https://t.co/GDrqU22YpT"
1441511,@454448 @AppleSupport Every time I* try and type I* without the additional symbol to prevent it.,@454447 We'd like to look into this with you. Send us more details in a DM to get started. https://t.co/GDrqU22YpT
690412,@AppleSupport explain me why your fu¢king update deleted all my work ???? BUGS ARE EVERYWHERE DAMN correct it idk do something,@284982 Thanks for reaching out to us. We are always happy to help. Send us a DM so we can look into this together. https://t.co/GDrqU22YpT
2799484,@189525 @134114 @AppleSupport I tried it all for my 6S as well and no joy. Can’t even get my an hour worth while in the gym 🙁,@778275 Go ahead and DM us and let us know which iOS version you are currently using. You can locate this in Settings &gt; General &gt; About.
1368997,"@AppleSupport So you’re working on a fix, right?",@438654 We’d like to offer our support. Please DM us which device and version of iOS you’re using to begin. https://t.co/GDrqU22YpT
1215591,Dear @115858 the new update is messing with my phone freezing it and I don’t appreciate it. Y’all sice with the record screen but the rest...,@405240 We want you to enjoy your iPhone. DM us more info and we'll take it from there. https://t.co/GDrqU22YpT
2408493,@AppleSupport I️ have an iPhone 7+ running on iOS 11.1 and it’s laggy throughout. EVERY application that I open/use and even when I️ unlock my phone,"@692564 We want to help. First, to keep your data safe, we'd like to be sure you have a backup. Have you backed up recently?"
1814047,My phone has been unplugged less than an hour with no aps running but my batter is at 56%. Great software update @115858,@358973 We'd love to learn more about your experience and see what we can do to help. Meet us in DM to get started: https://t.co/GDrqU22YpT
1242877,"What’s happening with the new #ios ?
It’s #draining my battery #iphone @AppleSupport",@411566 Have you updated to iOS 11.0.3 yet? https://t.co/80YRnjDFDk Send us a DM and let us know. https://t.co/GDrqU22YpT
2807606,"My phone just glitched as i was opening my photo app, and the photo app glitched out, closed itself, and when i went to reopen it — ALL of my pics were erased. @115858 I’ve never hated you as much as I hate you now.","@595076 We want to help get you into the right hands for your photos. You can visit here to contact our Photos team by clicking ""Apps &amp; Software"": https://t.co/IBIY3vMgPj https://t.co/GDrqU22YpT"
687918,"@AppleSupport I ordered OSX Lion on the 21th, when will I get the Emails that'll allow me to download it? Or am I getting it on DVD?",@284303 We'd recommend reaching out to our experts here: https://t.co/8yjRd1Xo0i for further assistance with your order.
2105911,@AppleSupport ever since the software update my iPhone 7 keeps freezing. Tired off this s**t time for a change. Was up @125607,@621546 This is certainly not the behavior we want you to experience. Could you tell us which iOS version you're using?
1846246,@115858 iOS iphone update made my phone THE WORST piece of technology I own. #frozen #blackscreen #batterydrain https://t.co/kHDJSPkPQW,"@552998 Are you experiencing these issues with your iPhone after the update? If so, we'd like to work with you. Send us a DM to start. https://t.co/GDrqU22YpT"
585862,"hi my iphone 5 back cam isn't working. it's always blurry. but when the subject is near it focuses, it's the only time that it is clear. HELP @115858 @AppleSupport","@258315 That's certainly not what we'd expect and we'd like to help. Which iOS version is currently installed on your iPhone? Does this issue occur if you change to a different mode (e.g. Video, etc.)? Let us know the answers via DM. https://t.co/GDrqU22YpT"
1586846,"@115858 @AppleSupport phne stolen, registered phne changed, cannot recover apple id, help!",@488163 Our Account Security team would best be able to assist you. You can contact them here:  https://t.co/UJm15vmMM2
2060312,@AppleSupport Your upgrade sucks. My 6 runs 10x slower with half the battery life. Thanks,@609359 Let’s team up on this situation. Could you let us know more details via a DM? We’ll keep moving forward from there. https://t.co/GDrqU22YpT
229185,@115858 I can’t access my music through @115948 and I can’t text anyone through iMessage. WHY IS THIS A CONSTANT PROBLEM?! @AppleSupport,@170656 We'd be happy to help. Send us a DM and we can get started. https://t.co/GDrqU22YpT
82029,@116333 Your IOS is fucked up recently. Happy fix the IOS bugs 🐛,"@288368 We'll happily work with you on any of the issues you're seeing, DM us about them and we'll see how we can help. https://t.co/GDrqU22YpT"
2286442,"@AppleSupport Thank you. :) One last question: how can I get videos I made with my iPhone downloaded in my Mac? I use Photos for the pictures, but I can't access the videos.",@664377 We can't have that. Let's get you specialized support from our Photos team. They would be glad to help out. Please reach out here. https://t.co/IBIY3vMgPj
1136330,@AppleSupport I used a different box thing that you plug into the wall but not a different cable bc I only have the one...,@387695 No worries. Let's take a closer look together. Please DM us the country you're in and we can go from there. https://t.co/GDrqU22YpT
1716596,"So cant type “I️”, battery lasts for about 30min charged, and my apps freeze constantly. If @115858 doesn’t fix iOS update I’m getting Pixel2",@519819 We want to help. DM us which iPhone and iOS version you're using and we'll continue there. https://t.co/GDrqU22YpT
2019340,@597156 I need @115858 to fix it,"@597155 Our website here should help you with that: https://t.co/xU1AGHStV6 Check it out, and DM us if you have any questions. https://t.co/GDrqU22YpT"
845547,Ughhh this has easily been the most unstable iOS update... @115858 @AppleSupport #iOS11 https://t.co/JiTddqet6j,@320986 We’re glad to help explore this. Can you start by letting us know what changes you’ve noticed via DM? https://t.co/GDrqU2kzhr
1636508,@115858 can you fix the “I️” bullshit please,@500546 Here’s what you can do to work around the issue until it’s fixed in a future software update: https://t.co/qODbOsp4wz
1913069,"@AppleSupport iOS 11.1.2 sucks for iPhone6s: battery drains, turns off on its own, apps don't open &amp; crash... Any plans to fix this mess?","@569848 We want your iPhone working for you, and we'll do all we can to help. To get started, let us know what country you're in via DM. We'll get started from there: https://t.co/GDrqU22YpT"
96951,"@AppleSupport I use to be able to go through my iPhones playlist with my phone, with this update I can’t do that no more. How can I get that feature back? Now it says my watch has to download my playlist so I can search or play a song",@754485 Use the steps here: https://t.co/kPrTO9IGph to sync music to play on your Apple Watch. You can provide feedback about this feature here: https://t.co/eTPVYVFyd8
1578481,@115858 has us out here looking like Android with this I️ bullshit,@477926  We're here to help. Let's work through the steps in this article: https://t.co/xU1AGHStV6
1219436,@115858 @AppleSupport are you guys now selling mid 2017 or late 2017 MacBook Pro?,"@406105 Thanks for reaching out! For questions about purchasing a new Mac, reach out to our sales support here: https://t.co/8yjRd1Xo0i"
2633194,&amp; when tf are @115858 @123765 going to fix the issues with the i’s...,"@743485 The autocorrect issues were resolved with iOS 11.1.1. We've also since released iOS 11.1.2. Be sure to back up your device prior to updating, and let us know if the issue persists afterwards. How to back up: https://t.co/4f8hwT5to6"
1990328,Im tired of seeing this damn question mark in a box. @115858 @AppleSupport,@589025 We want your keyboard working for you; we'll do all we can to help. Let us know what iOS version is installed via DM: https://t.co/GDrqU22YpT
2406692,Yes and I don’t know why? 2nd straight day @AppleSupport https://t.co/D44NGWSLqs,"@692145 We know it's important for your alarms to work as expected, and we're here for you. To get started, send us a DM with the iOS version your iPhone is currently running. We'll meet you there. https://t.co/GDrqU22YpT"
2398062,"iPhone glitch ruining a nice moment. @115858 fix it, I️ ain’t got time for your games 🙅🏼‍♀️ https://t.co/DuAAUJ8LxA","@690147 iOS 11.1.1 was recently released and it includes a fix for autocorrect issues. Be sure to back up your device prior to updating, and let us know if the issue persists afterwards. How to back up: https://t.co/4f8hwT5to6"
2062722,@123857 MBP 2016 keyboard not backlit at startup with 10.13. Never was. Any patch soon? Regards,@610039 Maybe we can assist with that. Follow the instructions here: https://t.co/TciXddvXkV and DM us if you're still having issues. https://t.co/GDrqU22YpT
2020250,"Been drinking the @115858 juice for almost 10 years, but this update might lose my business #fixitjesus",@597435 We're here to help. Send us a DM with more details about what you are experiencing and we will check on available options. https://t.co/GDrqU22YpT
2372256,@AppleSupport many apps crashing on Ipad.,"@684430 We're happy to help! Have you checked the App Store for updates? Which version of iOS do you have installed on your iPad? Join us in DM, we can look into this further. https://t.co/GDrqU22YpT"
699599,Damn @115858 needs to get their shit together and fix iOS11. It’s been 2 months since it’s out and there’s still so many bugs! #WTF,@286900 Hey there. Let's talk. We'll be glad to look into any concerns you may have. Please tap here to meet us in a DM and share a few details to get started: https://t.co/GDrqU22YpT
2440824,My phone is pissing me off. Everything is crashing. 🤬😡 @115858,@700019 We'd like to be sure your iPhone is working normally. DM us with more details on what apps are having this issue. https://t.co/GDrqU22YpT
2261445,@AppleSupport my apple earbuds will only work on one ear on my iPad so I borrowed another pair and still only one ear so I tried it on my iPhone and it worked fine any tips?,@438524 Thanks for reaching out to us for support. We would love to help you. Please DM us so that we can look into this together. https://t.co/GDrqU22YpT
2058732,@AppleSupport My icloud account has been locked for security reasons. Even my Apple ID is locked. I can't receive my confirmation code.,@608890 We're happy to assist. This article can help you to unlock your account: https://t.co/HH37urdbz9 DM us with any questions. https://t.co/GDrqU22YpT
889161,"Stuck in an internet feedback loop from hell!! Help @AppleSupport , I just want to get my vibrating superdrive fixed!!!",@331094 We can help. What issues exactly are you seeing with that drive? How long has this been happening?
1768188,A and question mark in a box victim @AppleSupport,@531637 Here’s what you can do to work around the issue until it’s fixed in a future software update: https://t.co/xXaXeeSRt9
1219265,"@AppleSupport The body of the email - I get the first half of text, but no links. No PDF images either. My graphic designer said “it’s an iPhone issue”","@406068 When you check the emails on a computer or browser, do those same items display?"
2815064,@115858 I️ gotta said I️ don’t really understand this whole I️ thing. Am I️ the only one having this issue? #AnnoyingAfRight,"@784824 We can help solve those keyboard issues with you. Which version of iOS are you using? You can check at Settings &gt; General &gt; About. If you aren't on iOS 11.1.1, backup with these steps: https://t.co/4f8hwT5to6, then update and let us know in DM if that still happens. https://t.co/GDrqU22YpT"
2953805,@115858 how do I unlock my phone if I accident razored off part of my fingerprint. Asking for a friend.,"@624884 We can help with that. If you're unable to unlock your iPhone using Touch ID, you can use the passcode that was set up as a backup: https://t.co/AsMLCsnb6S"
1203401,@AppleSupport Yes,"@402706 Got it! We'd be happy to look into what's going on with your battery. To start, DM us which device and iOS version you're using. https://t.co/GDrqU22YpT"
1959155,"@AppleSupport had the phone for a year. unsure why this is happening, after the update my phone seems to act like it’s an iPhone 4/can’t handle the update",@581197 We appreciate the information. Let us know your exact iOS version in DM. We’ll help you troubleshoot these issues from there. https://t.co/GDrqU22YpT
639714,"@AppleSupport 3 months warranty on a phone you replaced - care to explain what you're replacing phones with, rejects from the factory ?! Why don't they last and then you refuse to replace them ?! #fuming #shippingsh*t #customerservice fail 😡😡😡",@271736 We'd like to take a look. What seems to be going on with your iPhone?
1065815,@applesupport since 11.0.3 restrictions keeps reverting back to factory settings.  From Clean to Explicit as well as restricted websites.,@371640 We're here to help. DM us which iOS device you are using and we can take a look at this. https://t.co/GDrqU22YpT
509528,@AppleSupport I have two devices keeping reboot like this pic. https://t.co/zslLCwGtOM,"@240585 Thanks for reaching out! So we can provide you with the best options to have this issue looked into, can you DM us where you're currently located? https://t.co/GDrqU2kzhr"
1809282,"@AppleSupport @ATT Oh AND deletes all my texts, doesn't let me update, pictures I take turn grey, dies SUPER quickly. love it.",@339428 This isn't expected behavior for your iPhone. Send us a DM and tell us what happens when you attempt to update and we'll help. https://t.co/GDrqU22YpT
36672,"@AppleSupport my frnds iphn6 got hanged
Plz help",@123994 Let's start with a restart: https://t.co/iE95lxiuIy DM us if the issue continues. https://t.co/GDrqU22YpT
1703866,@AppleSupport I have an iPhone 5 locked. What is the method or procedures to open it? thank you very much,"@516700 Hey, there. We can get you pointed in the right direction. Is it Activation Locked or is there a carrier lock?"
1957005,@AppleSupport I have on a screen protector and otter box so I’m pretty sure it’s not water damaged.,"@580725 The device registers your touch, just in a different spot. Does this happen even if you don't touch the screen? Let us know in DM. https://t.co/GDrqU22YpT"
851778,"@AppleSupport my alarm does not go off on time. All sounds are on and maxed out, yet they dont go off till i check my phone. Whats the prob?","@322334 We’d like to help. To start, send us a DM with which iPhone and exact software version you’re using. https://t.co/GDrqU22YpT"
2454552,Why would this be what I meant to type @AppleSupport https://t.co/qaPB3D73rJ,@703137 We're here to help. We released an update to address this issue. Back up your iPhone and update by following these steps: https://t.co/80YRnjDFDk
1305210,@AppleSupport No. Haven’t changed a setting nor have I left the country.,@424992 Let's take a look at this further. Reach out to us in DM. https://t.co/GDrqU22YpT
2375299,@589447 @115858 none of my messages are coming in and they can’t fix it,@685167 We would like to look into this with you. Can you send us a DM with the iOS version? https://t.co/GDrqU22YpT
1657206,Anyone else having serious keyboard issue with new @115858 MacBook Pro? Mine died completely. Obvious first several fixes didn’t work (1),@505644 We'd like to help you out. DM us the macOS version you are running and we can get started. https://t.co/GDrqU22YpT
2414392,@AppleSupport is there a way to enter text via the keyboard (instead of speaking it) in the Clips app?,"@153211 There is! You don't have to rely on voice in order to add custom captions. What you'll want to do is choose the pre-made caption that best fits the look you're going for. Then, double tap on that caption once it's placed and you'll be able to modify the text."
87142,@AppleSupport these battery issues are unacceptable! What’s going on ??,@135067 We'd like to help if you're experiencing issues with your battery. Which device is this happening with? Let us know in DM. https://t.co/GDrqU22YpT
2032232,@AppleSupport why doesn’t my phone let me send screen shots anymore just says can’t be uploaded!! 🙄🙄🙄🙄,"@600935 Hi there. Are you able to send any photos at all? Please DM and tell us more, we'll meet you there to help. https://t.co/GDrqU22YpT"
612992,@AppleSupport I updated and my iPhone still does it,@682301 Let's take a closer look into this issue further. Select the following link to join us in a DM and we'll continue there. https://t.co/GDrqU22YpT
1631242,@AppleSupport my clock on my phone hasn't changed yet. Is there a way that I can change it myself?,@425348 Hi there! Have you tried restarting your phone since noticing this? Let us know in a DM. https://t.co/GDrqU22YpT
296453,@AppleSupport what the hell,@186605 We'd love to take a look at it with you. Let's meet up in DM to discuss it. https://t.co/GDrqU22YpT
1751491,@115858 idk wtf you got going but you need to stop changing my “I️” to a question mark in a box. Please &amp; thank you.,@527720 Here’s what you can do to work around the issue until it’s fixed in a future software update: https://t.co/xXaXeeSRt9
1886826,Updating iOS on an older iPhone should carry a warning about stupidly reduced battery life! @AppleSupport @115858 Can I have my old iOS back?,@562761 Maintaining your charge is important &amp; we'd like to help. DM us your model iPhone &amp; the iOS 11 version installed to start. https://t.co/GDrqU22YpT
1787883,Total BS that my iPhone has so many glitches and battery life sucks since the update @AppleSupport,@537076 We want to look into this with you. Please send us a DM letting us know which iOS 11 version your iPhone is running to start. https://t.co/GDrqU22YpT
1392989,"@AppleSupport Since I updated to High Sierra, always appear before the apple logo... Less than a second but always","@443982 Thanks! When you're turning it on, do you mean that the computer was sleeping or that it was fully powered off?"
1163901,how the hell do i turn off this amber alert alarm?!?!? @115858  @AppleSupport,@393794 We're here to help. Check out this article on how to use notifications: https://t.co/2txgOv5s2M
1888954,@115948 @115858 that updated deleted all of the music I had saved on my phone. #HeartBroken,"@563312 We'd love to help! When you restart, does it come back? Is iCloud Music Library turned on as well? DM us to let us know. https://t.co/GDrqU22YpT"
2032645,@AppleSupport plz tell me where do i find the option again to stop that,@601065 We'll be happy to help you maximize your battery life. Can you DM us how long your battery typically lasts on a full charge? https://t.co/GDrqU22YpT
1249464,@AppleSupport Beyond frustrated with the new #iOS update. Phone is barely 2 years old and has turned into a brick. Nothing works properly.,@249916 Let's look into this for you. Send us a DM with more details as to what you are experencing. https://t.co/GDrqU22YpT
1905823,"Unplugged my phone at 7am, now at 20% battery. 
You’d think a new iPhone was out on Friday... @AppleSupport https://t.co/45d33cGb4G",@567894 That is not the experience we'd want you to have. Send us a DM with details of you experienced to proceed. https://t.co/GDrqU22YpT
1764488,@AppleSupport what’s up with my Game Center? It keeps loading. Won’t finish. Not WiFi or data.,@530789 We want to help. Have you had the chance to restart your device? To restart your iOS device: https://t.co/JWOTqcWcbG
2145674,I️’m really sick of this iPhone glitch with the letter “I” @115858 please fix I️t,@630783 Here’s what you can do to work around the issue until it’s fixed in a future software update: https://t.co/xXaXeeSRt9
781328,@115858 please stop fucking with my phone I don't have the money to upgrade man! My battery keeps dying and it freezes.,"@306540 Which device and iOS version are you using? Check Settings &gt; General &gt; About, and let us know in DM. https://t.co/GDrqU22YpT"
1862049,Cheers @AppleSupport for deleting all my notes! Not the only thing that's happened either 😒 Think it's time to switch to @125607 📱,"@556497 Having those notes ready when you need them is important, and we want to get this resolved for you. DM us and we'll get started. https://t.co/GDrqU22YpT"
2485847,@AppleSupport No. No updates available.,@710075 Let's have you boot into safe mode and see if the issue persists with your font: https://t.co/PQ4LSYhUTY
2492300,"Oi @115858 - Why the hell every time I update do you feck up my default calendar, default contacts etc?!? STOP IT! It’s caused bloody chaos today!",@213849 Let's look into this for you. What exactly happens to your contacts and calendar when you update? Let us know via DM and we can further investigate this. https://t.co/GDrqU22YpT
1022919,"@AppleSupport Nothing tried sliding it up, down, true tone thing and no response. It was fine before i went to bed then it did the update.",@362057 Here is a helpful resource: https://t.co/bkqEVCrK2l Let us know if this is what you looked at. Thanks.
2775914,"@AppleSupport It's been happening for over a year. It's very widespread and common, I'm surprised you haven't solved it. IPhone 6s.","@775653 Have you done any troubleshooting to resolve this issue already?  If so, we'll do our best not to needlessly repeat any steps to help isolate the issue. Let us know in Direct Message and we'll take a closer look. https://t.co/GDrqU22YpT"
1219195,"I finally updated to iOS 11, and now the Sync media system in my car no longer recognizes my phone when connected via USB. Thanks, @115858 🖕🏼",@406051 Let's get this working for you again. Take a look here for some steps to try first: https://t.co/pg90dhXKAJ
1647778,OKAY @AppleSupport PLZ FIX THIS I️ I️ I️ I️ I️ I️,@503421 Here’s what you can do to work around the issue until it’s fixed in a future software update: https://t.co/xXaXeeSRt9
1570360,Bir aydir telefonumu yapamayan #Apple musteri hizmetleriniz ne zamandir azarlayip konusmayi sonlandiriyor @AppleSupport @115858,@484276 We offer support via Twitter in English. Contact us for help in your preferred language here: https://t.co/IBIY3vMgPj
31438,"@AppleSupport Yes, same thing. Its not working. I'm trying on both my account and as a guest. It says both times that I do not have access.","@122933 Meet us in DM with your location (country), please. https://t.co/GDrqU22YpT"
2284105,"Okay @115858 you are messing up my quality fucking video-watching time. Fix these fucking glinches, bitch.",@663773 Let's get this figured out. Which app are you using to watch the videos? What happens when you try to watch the videos?
96952,@AppleSupport When ever I screenshot anything it’s a black screen,"@788444 We'd like to help, let's continue in DM. https://t.co/GDrqU22YpT"
1915664,@115858 iOS11 seems to be a disaster. Can I revert to 10? Fix coming? Help!,"@116142 We're happy to address any issues you're having with iOS 11. To start, DM us with details about what's happening. https://t.co/GDrqU22YpT"
2488640,@AppleSupport 11.1.1 confirmed. VVM was present and functioning fine until I went fro 11.0.x.....,@710699 Thanks for that information. DM us and we'll go from there. https://t.co/GDrqU22YpT
437438,Since the update this is happening very often @AppleSupport @4305 https://t.co/1y98z27XSc,@218885 Thank you for reaching out. Can you tell us what is happening when you get this message?
1936138,@AppleSupport what do I do if my brand new 8 just went black and the waiting turn dial is just going and going? Hard restart not working.,@576033 Definitely not what we want to hear with your new iPhone 8! Let us know via DM which country you are in and we can help. https://t.co/GDrqU22YpT
407938,"@AppleSupport Hi, how can I check on my iPhone when the last backup was? I cannot seem to find out with the iOS 11 update.. Please assist",@212247 We'd love to help. Check out this link for locating previous backups: https://t.co/vU7gSUiOfd
1980834,@AppleSupport iPhone 6s Plus. All software up to date. Have to restart my phone to get messages to come through mult times a day,@586358 Let's dig further into this together. DM us and we'll continue there. https://t.co/GDrqU22YpT
36619,Wtf this “!?” Keep popping up on my shit @115858 😒,@123975 We'd be happy to help. Can you DM us what device you are using and what's happening exactly? https://t.co/GDrqU22YpT
2255424,"@AppleSupport 
I have an issue with listening to Apple Music — it plays like 1 sec and then pauses. It happens when EarPods are connected. Already did relaunching Music app and hard reset. They work on the same iPhone 8 in other apps, but this happens only in Music.","@656922 We completely understand wanting to have your music play properly and we want to help! Do you have the most recent version of iOS 11.1.1 downloaded? Does the issue happen only when wearing the EarPods, or does it also occur when playing music over the speaker?"
6657,@AppleSupport My wife made the mistake of updating to 11. How can we revert back? Her password keeper app is now dead. She can't access her passwords.,@117177 You won't be able to revert the system to pre-iOS 11 but we can look into the issues. DM us and we'll get started. https://t.co/GDrqU22YpT
2179564,@AppleSupport It's high time when Apple has to look into there after sales service. It's a pain following us with apke service center every day.,@638734 Hi there. We'd like to get you in the right spot to get some assistance. Let's talk in DM. https://t.co/GDrqU22YpT
2141664,Why is my phone turning the letter I️ into weird symbols what the heck @AppleSupport,@541538 Here’s what you can do to work around the issue until it’s fixed in a future software update: https://t.co/xXaXeeSRt9
10683,@AppleSupport Baje la App de @701 la cual es gratuita y me llego un cargo de $18.11 Pesos ¿cuál es el motivo?,@117964 We offer support via Twitter in English. Get help in Spanish here: https://t.co/IBIY3vMgPj or join https://t.co/OczyRx7IOs
243321,"@AppleSupport Thanks for the answer, but that’s not the point of course. What are the icons there for? This needs to be fixed. #iOSwifi #iOS11",@173783 Sure thing. The iPhone User Guide also explains the benefits of this new feature: https://t.co/gULxyksd91
2003054,"Got a sweet new phone, to bad the carrier activation servers are falling over.. @117735 @ATT @AppleSupport",@592306 We want you to be able to enjoy your iPhone. DM us about which country you're currently located in. We'd like to look into this: https://t.co/GDrqU22YpT
1628497,@AppleSupport When can we expect a bug fix for the whole “I️” keyboard issue,"@498526 We'd be happy to look into this issue with you! Send us a DM, and we'll continue there. https://t.co/GDrqU22YpT"
1474765,@AppleSupport You gotta be kidding me,@462366 We'd be happy to see how we can help. DM us your device and OS version and we'll continue there. https://t.co/GDrqU22YpT
208879,"Mobile data,network issues and calls cutting since the new iOS update , I wish I didn’t update 😤 @AppleSupport",@165433 We'd be happy to look into this with you. Could you please send us a DM so we can gather some info? https://t.co/GDrqU22YpT
1067832,This @115858 update is the worst. No more date and time on the locked home screen? Ugh. #applefail,@371984 Thanks for reaching out to us. We've received your DM and will follow up there. https://t.co/GDrqU22YpT
2759029,@AppleSupport Apple Music isn’t working for me right now can’t access anything.,"@772035 We'd be happy to help. If restarting the device or using Wi-Fi does not work, send us a DM. https://t.co/GDrqU22YpT"
242527,"@AppleSupport And even then, I may get audio from my iPhone to stream, but none of the metadata will be correct on the display.","@173610 OK, thanks. We want to help. Can you tell us which iOS 11 version you have? Settings &gt; General &gt; About will tell you."
2025127,"@115858 @AppleSupport keychain is absolutely useless. Doesn’t work across all devices &amp; seemingly impossible to change password

 #fail",@418652 We want to help.  Send us a DM letting us know more about what you are experiencing with iCloud keychain. https://t.co/GDrqU22YpT
2834389,"@AppleSupport Dear Apple, after your all new iOS Update, phone is getting very slow some time. Specially in call records, when it will be sorted out ???",@789013 We're here for you. Which device and iOS version are you currently running? Have you restarted the device? https://t.co/OWRDHWSt4h
2543984,"@AppleSupport @115858 iPhone 6 updated software hung, no operations possible untill top notification does not go, &amp; it does not go nor shuts. https://t.co/fOBCuzAfeT",@723183 We'd like to help. Let's take this to DM and we'll explore ways to provide you assistance. https://t.co/GDrqU2kzhr
773523,"@AppleSupport I already did the steps that indicates the link and still Magic Mouse doesn’t work correctly, since upgrading to High Sierra this happens 😩",@304774 Thanks for working through those steps. Let's meet up in DM and continue our troubleshooting there. https://t.co/GDrqU22YpT
689394,@AppleSupport @115858 como lo hacéis para que cada actualización de iphone se coma antes la batería haciendo exactamente lo mismo que antes?,@284738 We offer support via Twitter in English. Get help in Spanish here: https://t.co/IBIY3vMgPj or join https://t.co/OczyRx7IOs
1847223,Has this ever happened to anyone else’s MacBook Pro? @115858 is this normal? Thank God it didn’t explode in my face! #defect #dangerous https://t.co/ZLKNAugWXA,"@126145 Hi Lisa, let's see what we can do to help. DM us some details about when you first noticed this and we'll go from there. https://t.co/GDrqU22YpT"
518356,"@AppleSupport Hello there! My Iphone is constantly crashing every couple of minutes, what's the solution?","@239557 Hi there. Let’s look into this together. To be sure we’re on the same page, can you provide a bit more detail on what you mean by “crashing”. Is your iPhone powering off, restarting, or something else?"
2455375,"@AppleSupport My phone keeps saying I’m using the wrong password when signing into my WiFi, but I’m not, I even copied and pasted the password. it’s been like this for a few day now, what’s wrong ?",@703380 We'll be happy to see if we can't get to the bottom of this. When did this start happening? Was it after an update of some sort? DM us and we'll continue there. https://t.co/GDrqU22YpT
1865151,@115858 STOP CONNECTING MY BLUETOOTH IN MY CAR TO MY PHONE W/UR NEW DNDWD. MY BLUETOOTH DOESN'T WORK AND YOU'RE NOT HELPING,@557238 We want to help. Please DM us details on what exactly is happening and we'll be happy to continue support with you there. https://t.co/GDrqU22YpT
1680050,Had enough of my phone fucking up every 2 mins!? I’m paying £70 a month for this @115858 I can barely use my phone.,@402429 Thanks for reaching out to us. We are always happy to help. Send us a DM and tell us what's going on. https://t.co/GDrqU22YpT
1677792,I’m serious @AppleSupport - fix the damn I️ issue,@464614 Here’s what you can do to work around the issue until it’s fixed in a future software update: https://t.co/xXaXeeSRt9
821145,@AppleSupport I didn't know there was an Apple Support app! Thanks for letting me know! 😁,"@163656 It's our pleasure! We're here to help. If you have any questions in the future, please let us know."
1789418,@AppleSupport Ever since i updated to ios11 it wont let me add music to my playlist. Smh fix this pls or imma go back to spotify,"@537521 Have you updated to iOS 11.0.3 yet? https://t.co/80YRnjDFDk If that doesn't help, send us a DM with further details. https://t.co/GDrqU22YpT"
2755775,"@AppleSupport got a bunch of IRL documents I scanned into Notes with iPhone - they appear on desktop Notes as a box that says ""Scanned Documents"" but does nothing, doesn't expand etc. Any way I can make them useful?",@771306 We're happy to take a look at this with you and get it figured out! What type of iPhone do you have and which version of the iOS is installed? What process did you use to scan the documents?
1874643,@AppleSupport I can’t call because the phone is silent so what do I do? I’m a social worker and need to be able to call emerg services 2/2,@559645 We understand the importance to make calls. Let's work out here: https://t.co/XlmCP2gCtj DM if you need further assistance https://t.co/GDrqU22YpT
1340816,"@AppleSupport haha, thanks, but its all good, i don't need a new update, i can't wait 3 more hours. :) will do it someday else. thanks anyways.","@432733 We understand. Should you have any additional concerns, please don't hesitate to contact us."
1993599,i’m soo mad my phone is not working right i think it has s virus @AppleSupport,@589998 We want your device to run as smoothly as possible. Which iOS version are you running? Let us know in DM to get started. https://t.co/GDrqU22YpT
1569682,"@115858 over an hour on hold, failing to speak to someone at Southampton store! https://t.co/F1JvF6yvij",@484145 We may be able to help. Could you join us in DM and we'll see what's happening? https://t.co/GDrqU22YpT
266895,"@AppleSupport Whilst on WiFi, I selected update all, and nothing downloads, I also try individual updates and still No luck",@179604 Excellent information. Please send us a DM telling us the country you're located in. https://t.co/GDrqU22YpT
694502,@AppleSupport It’s just not showing in the “recently playing” area.,"@272341 Are you noticing other playlists not showing up there, other than the Mood one? Please also let us know, in DM, which iOS version we're working with. You'll find that in Settings &gt; General &gt; About. https://t.co/GDrqU22YpT"
352636,@115858 my charger broke,@199850 Thanks for reaching out. DM exactly what broke in regards to your charger so we can help. https://t.co/GDrqU22YpT
1748024,@AppleSupport fix this bro https://t.co/DuiErgegz3,@526940 Here’s what you can do to work around the issue until it’s fixed in a future software update: https://t.co/xXaXeeSRt9
1802827,Also @115858 the update you released yesterday didn’t work. I still can’t play my music. #FixIOS11,@541711 Thanks for reaching out to us for support. We would love to help you. Please DM us so that we can troubleshoot together. https://t.co/GDrqU22YpT
2288470,Hey @AppleSupport why do I have to keep signing in? https://t.co/S3EDXO16NZ,@664861 We'd like to see what we can do to help address this. DM us and we'll continue from there. https://t.co/GDrqU22YpT
363750,@AppleSupport why does it zoom in every time you try to make a picture your background? What the hell is that?,@202202 DM us some details about what you're seeing on the device and we'll look into this with you further. https://t.co/GDrqU22YpT
1859281,I updated my phone and now the only music I have is the Shrek 2 album. @115858 help,"@555896 Someone once told us that's a great album, but we want you to have all of your music. Let's pair up in DM and take a look. https://t.co/GDrqU22YpT"
1469208,@AppleSupport Apple store app says my iPhone X is ready for pickup. Is that true or do I have to wait till tomorrow to pick it up?,@461021 We're excited for you! We suggest reaching out to that specific location to see if it is available for pick-up today.
977651,"@AppleSupport ummmmm what’s happened to my mac trackpad? Not used it in 3 days, I open the lid and I see this 😵😭 https://t.co/uBML4deKnb",@351878 Thanks for reaching out. Please DM us which model of Mac is having the issue. We'll start there. https://t.co/GDrqU22YpT
2615323,@AppleSupport yall needa fix all the lagging in iOS 11. during phone calls when you double tap to change apps all that shitty its annoying,@739273 We'd love to help you with this issue today. We know it's important to you to make sure your iPhone is working smoothly. Let us know which device you are using and the iOS version listed under Settings &gt; General &gt; About. We'll get started there.
32383,Hey @AppleSupport this is what happened after 10.13.1 please advise.!! https://t.co/ak14ZArtkf,@123175 We want your Mac to work as expected. Does this message come back up if you click the Restart button?
707421,My phone be dying on 40% wtf @115858,"@289120 We want to make sure your iPhone is working properly.  Which iPhone, and exact iOS version are you running?"
1902934,@AppleSupport Hey Apple bought an iphone off offer up and turns out the phone is on the blacklist . . .anyway you can help,"@567104 We certainly want you to have an iPhone that you can use. Send us a DM, and we'll provide as much information as we can. https://t.co/GDrqU2kzhr"
1891788,@AppleSupport my iPhone hasn’t been working right since 11.0.3 update? How can I do a live chat?,@564114 We'll be happy to help and get you pointed in the right direction. DM us details on the issues you're having and we'll continue. https://t.co/GDrqU22YpT
1960150,"@AppleSupport my IPhone 6 is running horribly since downloading 11.0.3 , battery life is horrible, is affecting text display&amp; function.",@581419 We'd love to help with your iPhone. How long is your battery lasting typically on a full charge? Please DM us here: https://t.co/GDrqU22YpT
2943321,pop up volume box when we are scrolling down into the list of playing next and can't see the one from the top with the now playing @115858,@813131 Let's see why that volume box is popping up at that time. Which device are you using? Are you pressing the volume buttons while scrolling down your list?
1756296,I️ wonder how long it’s going to take @AppleSupport to fix this I️ problem.,@528835 Here’s what you can do to work around the issue until it’s fixed in a future software update: https://t.co/xXaXefaskH
2253571,"@AppleSupport No this happens on everything! Word doc, email and applications!","@656478 Thanks! Are there any physical anomalies with the key? Let us in know in DM, please. https://t.co/GDrqU22YpT"
1181322,"iOS update has broken my phone, thanks @AppleSupport 🐍🐍🐍 I don’t want to buy a new phone",@128503 We'd love to help you get your iPhone working in the way you expect. DM us details about what's going on and we'll get started. https://t.co/GDrqU22YpT
1769273,@531934 @115858 SAME mine keeps doing I️t even though I fixed I️t,@603368 Let’s work together on this. Which device are you using? Let us know via a DM. We’ll keep moving from there. https://t.co/GDrqU22YpT
2711860,"@AppleSupport Getting to app switcher is clumsy but navigable, having to long press and stretch tap to close an app is insufferable.  Just let me flick please.",@392286 Thank you for letting us know. Can you provide feedback for us here:  https://t.co/eTPVYVFyd8
2143274,@AppleSupport I did that and I️t still doesn’t work,"@630136 We’d like to offer some guidance on this. Use the link below to join us in DM, and we’ll take it from there. https://t.co/GDrqU22YpT"
1489522,"@AppleSupport There is no option to add numbers that I can see on my iPad Pro 2, don’t want to use an unofficial keyboard, as some apps don’t allow them.",@287027 We'll certainly take a closer look. Select the following link to join us in a DM and we'll continue there. https://t.co/GDrqU22YpT
2686070,ugh. @115858 Airpods device switching is no different from any other bluetooth device. I mean really how hard would a better UI be?,@755367 Thank you for reaching out. We encourage you to leave feedback about this feature by going to https://t.co/aXEtn6UIwx
1290459,"@AppleSupport I can always plug in while in the car, but not being able to switch to the handsfree device - no workaround.",@421780 We'd definitely like to check out the options available for that as well. Meet up with us in DM. https://t.co/GDrqU2kzhr
2341882,@AppleSupport @115858 der sleep modus hat es vielen usern möglich gemacht mit podcasts einzuschlafen... daraus wird NUN NICHTS MEHR!!! 😡😡😡😡😡😡😡,@266409 We offer support via Twitter in English. Contact us for help in your preferred language here: https://t.co/IBIY3vMgPj
1875613,@AppleSupport trying to restore a disabled iPhone and receiving error 9006 over and over again.,@286103 We're happy to help. Do you have the latest version of iTunes installed? Is your computer up to date? Let us know in DM. https://t.co/GDrqU22YpT
291415,"@AppleSupport Just reported it! Glad I asked, thanks!","@185385 You're welcome! If you ever have any questions or something just doesn't feel right, we're here for you."
376841,@115858 I just bought an iPhone se and the fingerprint is already not working #wtf #seriously #factorydefects,@205410 We’re here to help. Let’s team up in DM and we’ll do our best to assist you. https://t.co/GDrqU22YpT
1131368,"I thought IOS 11 was suppose to HELP our battery life, the only thing IOS 11 does for me is crash my apps &amp; cut off my phone at 51%. @115858",@386618 Let's explore ways we can help you. Which iOS version do you have? You can find this info here: Settings &gt; General &gt; About.
2487151,@188 @AppleSupport May need to fix this bug in the iOS app. Everything by the notch is shifted. https://t.co/StSDn54FFt,@710375 We'd be happy to look into this with you.  Please reach out to us via DM and we'll get started. https://t.co/GDrqU22YpT
2573896,@AppleSupport Texting specifically; it freezes when I hit the next line of my conversation,@729913 We’re here to help. DM us which iPhone model you are using and we’ll do our best to assist you. https://t.co/GDrqU22YpT
2202120,"@AppleSupport Got emails saying someone reset my DOB/security Q&amp;A and purchased stuff, I reset my pass &amp; I cant login without security Q&amp;A",@643969 We can happily help to get this resolved. Reach out to our Apple ID Support Team here for further help:https://t.co/UJm15vmMM2
188363,@AppleSupport I’ve checked iCloud storage on web Mac and iPhone. They all say I have 10gig free left to use but photos on Mac says if ran out and won’t sync new photos across from my phone. Not tried much. Apart from deleting what was in the deleted folder. Made no difference to space.,@160199 Got it. Can you tell us which steps you've tried so far? This way we won't have you do any steps over again.
2633082,@AppleSupport hi. Apple TV stuck in loop asking for password. Can you help?,@743457 We understand the importance of getting that fixed quickly! You can connect with our Apple TV Support here:  https://t.co/IBIY3vMgPj
2230668,@AppleSupport This is disgusting!! Can't receive whatsapp notification even if wifi/cellular 4g network is on after the ios11 update .,@633274 We'll do all we can to assist. Which version of iOS 11? Does this persist after rebooting the device?
2862126,@AppleSupport Why were the ones that aren't legitimate @115858 email addresses listed as News From Apple in my iCloud account?,@795091 Please meet us in DM and we'll continue there. https://t.co/GDrqU22YpT
583641,Is it just me or what? Apple Pay cash is not included in the official iOS 11.2. I can’t find it. @AppleSupport @156470 #ApplePayCash #iOS112,"@257661 Thanks for reaching out. If you're in the US, those features will require iOS 11.2 and will begin rolling out early next week."
594679,@AppleSupport 11.2 after upgrade from 11.1.2 because after restore in iTunes I can't finish iCloud configuration ( problem with server from yesterday ). Perfect works 11.1.2 so my Apple ID is ok.,"@260896 OK, so at this point, you're trying to sign into iCloud, and that is not working, is that correct? Please join us in DM to continue. https://t.co/GDrqU22YpT"
1575104,#iPhoneX Weird glitch while shooting a video in 4k 60fps @58733 @115858 @AppleSupport https://t.co/cYFtkgbRvd,@485386 That's interesting. Let's fix that. Is this happening in any other resolutions? Does restarting help at all?
2906738,@AppleSupport hi Apple. I bought a new iPhone 7 yesterday! It already had iOS 11 on it. I do feel however like my battery is dropping quickly despite it being new! What do I do?,"@230689 We don't want you having battery concerns on your new iPhone and we'll gladly help out. To verify, what is the exact iOS version you have in Settings &gt; General &gt; About? DM us the answer and we'll look further into this with you there. https://t.co/GDrqU22YpT"
887153,Anyone know why my iPhone 6s is crashing/freezing since installing ios11?? @AppleSupport,@330643 We are here to help. DM us you your exact iOS version and we can take a look at this. https://t.co/GDrqU22YpT
2062205,"Facing software issues with the new iOS update. After I finish a call, I can’t re-access my contacts without rebooting phone. @115858","@609887 Are you on 11.0.2? Also, are you trying to get to Contacts through in the Phone app or the Contacts app? Let us know in DM. https://t.co/GDrqU22YpT"
2013127,@115858  please fix the keyboard issue in 11.1 now. I can’t use predictive or auto correct. I can’t type vowels. Curious how this happens.,"@595258 Thanks for reaching out. We have a workaround for this here: https://t.co/xXaXeeSRt9 

DM us if you still need help. https://t.co/GDrqU22YpT"
1898344,Yo @AppleSupport how much yall charge for this to be fixed? https://t.co/PU2UqiMJyF,@565773 We're glad to go over all service options and costs. Please DM us and let us know which country you're tweeting from. https://t.co/GDrqU22YpT
874906,"@AppleSupport cannot get someone to call me! wont work on support page, don't know what else to try!",@327715 We want to help.  Send us a DM letting us know more about what you are experiencing. https://t.co/GDrqU22YpT
2145706,@AppleSupport OPP JUST CONNECTED iOS 11.1 and nope i will not update it,@630793 Thanks for that information. We'd be happy to look into this with you further. DM us using the link below. https://t.co/GDrqU22YpT
1595030,Yo Apple send out a new update for these boxes @AppleSupport,@490107 We're happy to help. Take a look at this article with some steps to help with this issue: https://t.co/xXaXeeSRt9
707435,@115858 Hey thanks for making my iPhone 7 suck with your iOS 11. Lots of love.,@289125 What kind of issues are you having with the iPhone? Let us know in Direct Message and we'll take a look. https://t.co/GDrqU22YpT
2150305,I️ 👈🏽 @115858 fix this ASAP,@631970 Here’s what you can do to work around the issue until it’s fixed in a future software update: https://t.co/xXaXeeSRt9
919174,@AppleSupport So disappointed to have ordered an Nike Apple watch well before release only to learn my watch is delayed.,@338201 Our Sales Support team is in the best position to assist and can be contacted from here: https://t.co/8yjRd1Xo0i
1983086,What the fuck @115858! All these magical characters when I type “I️” I️,@586984 We want to get you on the path to a resolution. Let us know in DM if you have predictive text on and what device you have. https://t.co/GDrqU22YpT
1903607,Is anyone else having a problem with their alarms on their iPhones? I set one for 5:30 everyday and for the past week or so it doesn’t go off until 5:38 😒 @115858 wtf dude,@567299 We're here to help. Let's take this to DM so we can better assist you. https://t.co/GDrqU22YpT
2555301,@AppleSupport when will you realize your stupid update problem that makes me restore my iPhone daily?,"@725614 Let's take a look at this together. When you restore, are you using iTunes or are you erasing your iPhone from the Settings? Let us know in DM and we'll team up to get this resolved. https://t.co/GDrqU22YpT"
1701995,"@AppleSupport Can i refund my purchases applications which i've done between 90 days ,still?",@414525 We suggest you use the link to request a refund for any issues you have with a recent purchase: https://t.co/TnACmwZbFZ
2518260,"@AppleSupport I am using an iPhone 6s, when I try to make a call it immediately hangs up without ringing.","@717334 Try to turn Airplane mode on, and then back off. See if you can make calls normally again after this. Our website here has information on using Airplane mode: https://t.co/NhYbxEazNR"
2400951,@116333 need some help please provide some email to talk further.,@690803 We received your DM and will continue from there. https://t.co/GDrqU22YpT
1863878,@AppleSupport please explain to me why the fuck I get dust in my front camera??? How does that shit get in there?,@556891 We can take a look into support options for you on this camera issue. Meet up with us in DM at the link below. https://t.co/GDrqU22YpT
121556,"@AppleSupport The last iOS before 11.1.2 was 11.1.1, and the problem started after the update 11.1.2 :(",@143063 Thanks for the details. Send us a DM using the link below and we'll continue to assist. https://t.co/GDrqU22YpT
105380,@AppleSupport When you turn it off from the settings it says “off” and does not connect randomly. If you turn it off from the control centre it says “not connected” in the settings and connects sometimes randomly.,"@139274 This is expected behavior with the iOS 11 updates. The Control Center function is a quick disconnect feature that will only disconnect your current connection. To disable, you'll want to go into your settings. For more information, please visit: https://t.co/G7BHuQnDS6"
1133205,@AppleSupport Fully updated ios11.,"@387018 Let's go to Settings &gt; iTunes &amp; App Stores and disable Automatic updates. Then, restart your device and enable it again."
1367601,@AppleSupport iPhone 6 started when I updated to iOS 11. The issue is whenever I start up the app and play any podcast it crashes and I have to restart it,@438364 We definitely want to help you get back to enjoying the Podcasts app. Let's start here: https://t.co/fUZ0NRJxcn
851261,@AppleSupport 😊plZ help😊apps won’t update!,@322222 We are here to help. What happens when you try to update them?
1780253,"Sweet update, @AppleSupport 😠 https://t.co/uqfZaPKsjw",@534862 We'd like to make things right. Have you been able to restart your iPhone since noticing this?
410109,"@AppleSupport I was able to unlock, change my password, log out of all other icloud sessions somehow. what would have caused the issue I was having?","@178740 To confirm, your issue is resolved? Meet us in DM for more help: https://t.co/GDrqU22YpT"
1752369,"Dear @115858,  

Please fix this feature on the iPhone. Every-time we spell out “I” it changes to “I️” — FIX IT!  

Sincerely, everybody!!!!",@527920 Here’s what you can do to work around the issue until it’s fixed in a future software update: https://t.co/qODbOsp4wz
1472785,Uh is anyone else getting this weird autocorrect thing on their iPhone? @AppleSupport https://t.co/qZfcAIRabd,@461856 We'd like to work with you on this. Please DM us. https://t.co/GDrqU22YpT
1875050,"@AppleSupport Please, how do I disable this search suggestion feature? https://t.co/Ra63RozSAX",@474276 We'd like to gather some more info in order to assist. Reach out to us via DM; we'll continue with you there. https://t.co/GDrqU22YpT
1817669,"1 of 2 @AppleSupport @115858 my iPhone 6 was working perfectly, now, it doe not work at all.  I have the 128 GB version.",@545986 Let's sort this out together. DM us details of the issue you're experiencing and the iOS version installed to get started. https://t.co/GDrqU22YpT
508266,"@AppleSupport No, I don't. I watched my battery drop 5% in just a couple minutes though.","@236699 At the time you saw the drop, what was occurring with the iPhone? Was it sitting idle, was it playing music, a video or game? Some power intensive apps can cause a rapid loss due to the demands, so we want to rule that out."
1734986,Hey @115858 my “I” is still turning into a damn symbol even after I used your fix! #irritated,@478107 We'd like to gather more information. Please DM us the device you are using. https://t.co/GDrqU22YpT
1542043,@AppleSupport @AppleSupport ???,@477789 We'd like to dig into this in greater detail. Let us know what type of iPhone you're using via DM. https://t.co/GDrqU22YpT
387631,"@AppleSupport iBooks on iOS 11 keeps deleting my local books and I have to redownload them, that’s bloody annoying. Known bug or feature?",@207754 We're here to help! Send us a DM with the country that you are located in to continue. https://t.co/GDrqU22YpT
686895,@AppleSupport can I ask you a question via DM? ^JD,@284015 Thanks for reaching out! We're happy to answer any questions. You can send us a DM using the link below: https://t.co/GDrqU22YpT
215364,Hey @115858 your new update has killed my phone if it’s battery life. Come on.,@167171 We want to help. Which iOS version is your device currently running? You can locate this under Settings &gt; General &gt; About.
1890626,@115858 the new iOS sucks! It blocked my iPhone and I lost everything. What does it take to have an iOS of quality?,@563817 Let's sort this out together. DM us exactly what's happening with your iPhone and we'll get started working this out. https://t.co/GDrqU22YpT
2291680,"iPhone X charging issues right out of the box, awesome @115858",@665562 We'd love to help. Let's take a look at this further for you. Reach out to us in DM to gather more information. https://t.co/GDrqU22YpT
2304291,"@AppleSupport looking for the midnight blue sport band with rose gold pin closure, does it exist?",@668597 Excellent question. This link here will show you all the bands that we sell: https://t.co/BO6HDbTS4a
1760445,@115858 Yo fix these bugs yeah,@529844 We can help! What's going on specifically? Reply in DM and we'll see what we can do. https://t.co/GDrqU22YpT
2987382,"@AppleSupport pretty much all of my photos have just disappeared, why is this? And how do I get them back?",@823703 Thanks for reaching out to us. We know how important our photos are and we'll do everything we can to get yours back. Do you use iCloud Photo Library to back your photos up? Join us in DM with more details about when you noticed they were missing. https://t.co/GDrqU2kzhr
2280298,@AppleSupport 1+2+3 is not 24.,"@662892 Thank you for reaching out to us. In DM, please let us know which software version you're using. https://t.co/GDrqU22YpT"
2381395,"@AppleSupport Gen 6, it's iTunes purchases and songs imported from cds.","@686593 Thanks! With the purchases you've made at the iTunes Store, you can download those directly to your iPod Touch. Let us know the result after these steps: https://t.co/FRtPzkZ9Si"
587479,@AppleSupport Thank you I did the latest update again last night and it stopped shutting down.,"@258779 Excellent, we're glad it's fixed now. Let us know if you need any assistance in the future. We’ll be here to help. Have a wonderful day!"
2304027,@AppleSupport @115858 could you please use some of the thousands of dollars I’ve paid you to create a iPhone charging cable that lasts more than 6 months? https://t.co/L83KOfzYwI,"@668526 We'd like to look into this a little more with you. Please DM us, tell us which country you're in, and we’ll take it from there. https://t.co/GDrqU22YpT"
941498,El teclado de los iPhone después de la última actualización. Lo arreglaréis ¿NO? @AppleSupport https://t.co/eq34TTTzSo,@343196 We offer support via Twitter in English. Get help in Spanish here: https://t.co/IBIY3vMgPj or join https://t.co/OczyRx7IOs
2705045,@AppleSupport I have a MacBook Air that is unable to update. I have already tried every possible reset and taken it to a licensed service provider and the issue still has not been fixed.,"@759725 We're here for you. What version of macOS is your Macbook Air on currently? 

Let us know in DM. https://t.co/GDrqU22YpT"
570174,@AppleSupport I made a few transactions at the new Apple Store in Downtown Brooklyn today and I haven’t received any of the online receipts yet. Any help?,"@253839 Thank you for reaching out, we'd like to get you pointed in the right direction. We'd recommend reaching out to our Sales Support Team. You can reach them here:  https://t.co/8yjRd1Xo0i"
2028519,@AppleSupport hi can you please do a diagnostic test on my iPhone battery,"@599877 We want to help you. DM us, and let us know what's going on with your battery. We can troubleshoot this for you. https://t.co/GDrqU22YpT"
399936,"@AppleSupport No, the Speakerphone button has nothing to do with Bluetooth","@210562 OK, it looks like your issue may be different from the link you shared, can you explain what your experiencing in DM? https://t.co/GDrqU22YpT"
2014507,@115858 can we fix this update issue please? https://t.co/Mmc9eiIIhp,@595677 Thanks for reaching out. We have a workaround for this here: https://t.co/xXaXeeSRt9 DM us if you still need help. https://t.co/GDrqU22YpT
396099,@AppleSupport thank youu!! it’s working https://t.co/b0jv2uDEvo,@209784 That's what we're talking about! Let us know if need anything further. Have an excellent day.
1818148,How is it that I've sent TWO emails to @AppleSupport re a charge over the last two weeks but have gotten NO response 😡,@546128 Thanks for reaching out! We’d like to gather more details so we can best assist. Please use the DM link to share the details. https://t.co/GDrqU22YpT
266510,@AppleSupport It crashes when I export out of adobe premiere twice now,@179493 Does the issue affect a different user account on your Mac? Check out how to create another user: https://t.co/uq2sgsajuY
2360354,"@AppleSupport Hi, do you know how long the warrenty is on a Black Leather Loop Watch band in the UK? Mines falling to bits ☹️",@681641 We'd be happy to check into this.  Please DM us and we can look into it together. https://t.co/GDrqU22YpT
2675736,Now my email doesn't work on my iPhone 6s Plus after the iOS 11 upgrade. Email addresses? All of them. Literally all of them. @AppleSupport,"@572422 Let's see how we can help. Send us over a DM with more details, and we'll pick back up there. https://t.co/GDrqU22YpT"
1535718,Hey @AppleSupport. Updating my iOS didn’t fix this. I️ 👎 https://t.co/zbZFAzeYXQ,@461856 We understand your concern and would like to discuss this. Please join us again in a DM: https://t.co/GDrqU22YpT
2007025,"@115858 what’s going on with the keyboard right now, 2 iPhone’s with the same issue. Every time I️ type left “I️” I️ get a A and a boxed ? https://t.co/7PAUzPlVEq",@593488 We want to help with this. Check out https://t.co/xU1AGHStV6 and meet us in DM if those steps don't correct the issue you see. https://t.co/GDrqU22YpT
584737,"Okay, I thought this was just me, turns out, there are quite a few facing this problem #Staingate @AppleSupport. My Early 2015 MBP has the entire anti-reflecting coating peeling off from all sides. It ain't a pretty site, I would love to chat about the replacement program.","@257989 Please send us a DM, we'd like to gather some information about your Mac and also ask a few clarifying questions regarding the issue. https://t.co/GDrqU22YpT"
2519299,@AppleSupport I figured it out. I hadn’t updated my phone. Once I did it all went back to normal 😂,"@717615 Excellent! We're glad to hear that the update has you back to making and receiving calls. If you need us down the road, just message us. We're here from 5am until 8pm, daily, and always happy to help."
243055,"@AppleSupport It doesn’t say “delivered” at the bottom, sometimes they get it anyway, and sometimes it’s days before I realize it didn’t go through","@173721 When sending messages to non-iOS users the bubble will be green and will not show ""Delivered"" on the bottom https://t.co/IYLXaFXS3h"
2287212,Testing out my iPhone X again at 1% animations are just yuk and to my surprise Face ID doesn’t work when it’s running low on battery why @AppleSupport @115858,@664537 Let's take a look at this together. You mentioned the animations; Is Low Power Mode enabled?
146760,@AppleSupport I have an issue with IOS 11.1.2,@288336 We’re here to help. Tell us a bit about what is happening and we’ll work with you to find a solution.
2728099,"@AppleSupport 
Hello 
I recently ported my phone number from one carrier to another 
I however have been unable to activate iMessages 
I’ve tried all solutions suggested on the Apple website but none have worked.
Please assist 
Thank you",@764959 Let's see what we can figure out together. Which version of iOS is installed on your iPhone currently? What errors or messages are you receiving in the process?
1762742,@115858 why did y'all take away the play later feature in the music app like why do you hate us so much i wanna know.,"@530349 We'd love to help! As it turns out, you can actually reorder your Up Next playlist! This link has more info: https://t.co/mgtQSijbmx"
2112951,I love how as soon as the iPhone x drops my home button suddenly stops working @AppleSupport @115858 https://t.co/At8o3msJHt,@623079 We want you to be able to rely on any iPhone you have. What exactly is happening with the Home button?
1482387,@115858 @AppleSupport FIX THIS FUCKING GLITCH . I’m tired of seeing this dumb ass question mark bullshit every time someone puts “I”. 😒,@464203 We'd like to help you out with this. Please send us a DM with which version of iOS you're updated to. https://t.co/GDrqU22YpT
332478,"@AppleSupport ios 11.0.2 no funciona con normalidad, pone la pantalla en negro y el tiempo no responde bien con el widget, muy mal sistema.",@195166 We offer support via Twitter in English. Get help in Spanish here: https://t.co/IBIY3vMgPj or join https://t.co/OczyRx7IOs
2485791,@AppleSupport @116333 i think i deserve the new iphone 10 for spotting this spelling error 😂😂🤔 @115858 https://t.co/UE75hKFBSL,@265534 We'd like to know more about this. Can you DM us some details on what steps you took to get to this page? https://t.co/GDrqU22YpT
2004829,"@115858 Your iOS Notes app is an utter fucking piece of shit. After crafting an important note, tried to delete a paragraph. Wouldn’t let me.",@592851 Let us know what happens when you try? Is the paragraph selected? Or are you using the delete key? DM us and let us know: https://t.co/GDrqU22YpT
1454675,@AppleSupport why does my iPad keep losing wifi signal ? I do forget network re join and it keeps asking for PW or change network on its own,@157656 Does this happen for multiple Wi-Fi networks or only one network you are connecting with?
332804,@AppleSupport Can you direct me to Turkish supporting area? Thanks,@195257 In order to get you with the right folks. Can you tell us what exactly you need help with?
1639007,@AppleSupport,@501170 Let's work together to figure out what's going on. Which iPhone do you have? Is it stuck even while charging?
934479,"@AppleSupport streaming from Match, 11.0.3 yes. Press skip multiple times, UI of the music app (&amp; control center, etc) stops updating/responding,",@341674 Does restarting have any impact on the issue? Does this happen on both Wi-Fi and cellular? Do downloaded songs play?
2926438,love when @115858 releases a new phone and my brand new iPhone 7 stops working right......,@809685 We'd be happy to help with any issues you may be having. Please DM us some details and we'll take a look https://t.co/GDrqU22YpT
1991498,@AppleSupport my S1 Watch on os 4.1 is going through battery way too fast. Unpaired/repaired. Hard reset. Nothing helps. Advice?,@589387 We'd like to look into this with you. Let us know how long the battery is lasting you in DM. We'll continue there. https://t.co/GDrqU22YpT
2408563,"@AppleSupport No. It is just happening. I just left @30973 and turned off WiFi to save battery. I got home and now it is on and connected to my home WiFi. That is handy. But, i would prefer to control it.",@692582 Are you turning Wi-Fi off from the control center or are you navigating to Settings &gt; Wi-Fi?
1502036,1/2 — These @AppleSupport issues of freezing screens and no @115888 controls on lock screen is driving me mad!,@468640 Let's take a look together. Which version of iOS do you have installed at this time?
2122567,"@AppleSupport why the hell do alarms not have an override feature?Had phone on silent and DND,so the phone also silenced my alarm! WTFAPPLE!",@588614 Thanks for reaching out again. DM which iPhone and specific iOS version you are using currently to get started. https://t.co/GDrqU22YpT
856672,@AppleSupport so after having this genuine apple case for only a couple of weeks it’s starting to wearing out already! #shocking for £35!! https://t.co/MUX7qBsnTs,"@323443 Where was the case purchased? Please let us know in DM, and we’ll go from there. https://t.co/GDrqU22YpT"
2025719,@AppleSupport 11.0.3 i keep getting message about imessage and so on everytime i reboot my phone also the bluetooth gets on too by itself,@599059 We'd be happy to assist with your iPhone today. Send us a DM to get started. https://t.co/GDrqU22YpT
2037515,@115858 @124423 my camera quality is trash because of this new iPhone release. Fix it.,"@602452 We're happy to help. DM us the iPhone model and iOS version you are currently using, and we'll look into this with you: https://t.co/GDrqU22YpT"
284891,@115858 iOS 11 is so bad. Pushing me to actually move to @122609   Missing all calls,@183870 What happens when you receive a call? Let us know in DM and we'll work together to get it sorted. https://t.co/GDrqU22YpT
894321,@AppleSupport everytime I try to download an app it decides not to download... it’s been happening since this new update ugh https://t.co/xBgJB90KPq,@332342 Adding to new apps to your device is great &amp; we'd like to help. Does this happen with both Wi-Fi &amp; Cellular Data only?
2584316,@AppleSupport the  battery life on my iPhone X over the last few days seems to be draining faster than my first week. Is there a diagnostic I can do?,@732331 We'd love to help! Which version of iOS 11 are you currently updated to?
1693355,I’m tired of having to use the lower case “i” because everytime “i” try to use proper grammar it corrects to “I️” MAKE IT STOP @AppleSupport,@513894 Here’s what you can do to work around the issue until it’s fixed in a future software update: https://t.co/xXaXeeSRt9
889095,URGENT: @115858 can y’all please fix this update that just drained my phone from 100% to 84% in 30 minutes??????? i haven’t even touched my phone since i took it off the charger🙄,@331081 We're happy to assist. Which iOS 11 version are you currently running? Go to Settings &gt; General &gt; About for the version.
1346074,@AppleSupport Tried that and you said nothing was wrong with my phone 👌🏻,@433880 Send us a DM to continue. https://t.co/GDrqU22YpT
936160,@AppleSupport Thanks ! That's exactly what I needed.,@190749 It was our pleasure assisting you. Feel free to reach back out if you have any other questions. We're here to help.
1970210,Thank you  @115858 📱 for not waking me up today. The alarm clock started only when I unlocked my #iPhone 1h after the set time 😕 A #bug?,@583635 We're happy to assist. Which iOS version are you currently running? Go to Settings &gt; General &gt; About for the version.
2619809,@116333 really?! No battery percentage on the home screen on iPhone X?! Why?????!,@135689 Thanks for reaching out. Take a look at the steps here on how to view your battery percentage on the iPhone X: https://t.co/MDBodTfJh9 . Send us a DM if further assistance is needed. https://t.co/GDrqU22YpT
1049023,"My brand new iphone 7 i paid a fucking ridiculous sum for @115858 ..i just tried checking the mail..the phone froze &amp; then went white...im sick &amp; fucking tired of being taken. Androids suck, iphones suck..how about you big corporations give a shit about people who work hard!! Ughh",@367926 We'd love to help and do care about your experience with your iPhone. DM us what iOS version you're on. https://t.co/GDrqU22YpT
245236,Soy el único al que le funciona peor el iPhone desde la ultima actualización?? Por no hablar de la batería... @115858 @AppleSupport,@174221 We offer support via Twitter in English. Get help in Spanish here: https://t.co/IBIY3vMgPj or join https://t.co/OczyRx7IOs
2431332,@AppleSupport The zoom freezes. The computer is still responsive but you cannot zoom in or out. You can’t move the zoomed area around. I restarted and it fixed it but it has happened a few times. I even tried turning the feature off and on again while it was frozen,@421320 Got it! Send us a DM with the country you are located in and we will continue from there. https://t.co/GDrqU22YpT
2285173,@AppleSupport I am trying to connect my iphone to my mac after resetting the iphone and I get this message. what could be the reason for that? https://t.co/h0VLfyp9Nx,@664047 Thanks for bring this to our attention. Click here to connect with us in DM and let us know which computer and software version you're using: https://t.co/GDrqU22YpT
848069,"@AppleSupport
Can I not upgrade frm 10.3.3 to 11.0.3 without taking backup manually on to PC? As always yur softwr did it ( I use iPhone 7).",@286680 We are here to help. DM us the details of your issue and we can take a look at this. https://t.co/GDrqU22YpT
1345654,"@124825 @115858 I have no idea how I’d be able to verify that. ordered it through the Apple store, carrier is up, and my account is very available to Apple",@433777 We certainly want to verify that your order was placed. Connect with our Sales Support Team here: https://t.co/RmFSlCBcIE
1156289,@AppleSupport It doesn’t matter. She hasn’t changed anything app/music wise but did software update,@142760 Got it. DM us the exact iOS version and we'll take a closer look into this. https://t.co/GDrqU22YpT
359278,@AppleSupport 11.0.2,"@201084 Thank you.  And what device are you using, please?"
1006063,"@AppleSupport Yes, it’s on. In addition, I cannot scroll past December into next year in my calendar. Big glitch",@358110 Were you using iCloud? Let us know in a DM. https://t.co/GDrqU22YpT
761287,@AppleSupport 11.0.2,"@125133 Let's try backing up and updating your iPhone by following this article, then test again: https://t.co/80YRnjDFDk"
159581,"God dammit @115858 @AppleSupport  ordered earbuds, got power adapter.  I understand it’s a busy time of year but now I have to find time to go get this exchanged. https://t.co/XDvMusyNzl",@152738 We're here for you. You'll want to reach out to our sales team here: https://t.co/8yjRd1Xo0i
2013659,I️ can type the letter I in certain words but not by itself @AppleSupport get it together.,@595421 Thanks for reaching out. We have a workaround for this here: https://t.co/xXaXeeSRt9 DM us if you still need help. https://t.co/GDrqU22YpT
324265,"how did this even get through quality control @115858 (@AppleSupport), you literally copy the link twice???? https://t.co/xL4aQghDMd",@193246 We're happy to look into this with you. Could you meet us in DM? https://t.co/GDrqU22YpT
1673628,"@AppleSupport I did that already, and it’s still forming boxes",@509274 Please join us in DM. https://t.co/GDrqU22YpT
1970531,I never should’ve updated my phone. It’s next-level messed up. I see you @115858 👀. You ain’t slick.,@583717 What's happening with your iPhone? We'd like to help out. Tell us additional details about this issue in a DM. https://t.co/GDrqU22YpT
1211217,2 hours of my life online with @115858 and I still have a broken phone #neverusetheonlinechat,@404287 We'd be happy to look into any issues you might be having with your iPhone. Send us a DM and we'll continue from there. https://t.co/GDrqU22YpT
1891783,Hey @AppleSupport you and your shitty updates that make my phone slower are the bane of my existence,@161425 We want to help. Please DM us exact details on the issues you're experiencing on your iPhone. We'll be glad to work with you. https://t.co/GDrqU22YpT
1783332,@535821 ok glad its not just me. Any suggestions @115858 @AppleSupport ??,"@535820 We're here to help. DM us, and tell us a little bit more about what's going on. We'll do whatever we can to assist. https://t.co/GDrqU22YpT"
2014265,@AppleSupport i have an issue with ios11 iphone6s not ‘seeing’ imac in airdrop. Apparently im not alone. Is there a fix?,@595600 DM and tell us which version of iOS 11 you see under Settings &gt; General &gt; About &gt; Version. We'll meet you there to help. https://t.co/GDrqU22YpT
402617,@AppleSupport Well basically I spoke to Chris online and he told me to do this https://t.co/xOTAiH8kfL,@211248 Thank you for sharing. Let's take a closer look at the issue together in DM. https://t.co/GDrqU22YpT
1988585,@AppleSupport your reportaproblem page just keeps refreshing instead of allowing me to sign in.,@588565 That's certainly not expected. Let's find a resolution. Please send us a DM with details regarding your issue. https://t.co/GDrqU22YpT
1941662,@AppleSupport It also shows up on my initial passcode entry screen after I hit the first digit of my code,"@577408 Does the iPhone have a case on it? If so, does the issue persist outside of the case? Please shoot us a DM with the answer. https://t.co/GDrqU22YpT"
1568230,"can someone help me, I want to gift a song on iTunes but I need payment method on my acc. I already have £12 through voucher though? @115858","@236870 Giving the gift of a song is a great idea! However, you can't purchase an iTunes Gift with store credit. https://t.co/4oWFPgdVN0"
2300900,@AppleSupport why cant i download anything on my phone https://t.co/6eG6wJG5wF,"@116611 Let’s team up to get your iPhone all up-to-date. Does that still continue after taking the steps from this article? https://t.co/Ui1yTnOCUz Also, approximately how long have you been attempting to update?"
1774920,Hey @AppleSupport just got a new Apple TV. It’s struggling to complete the os update. Assistance?,@155404 We have an excellent team to help out with your Apple TV. Here's the contact link: https://t.co/IBIY3vMgPj
344131,"Whenever I log into @127550 on Safari, here's what I get: A blank screen. 
@AppleSupport https://t.co/ocpYFMNu4R",@120122 We can look into this with you. Which Apple device are you using? Are you only having trouble with the one website?
537619,@AppleSupport my phone keeps having a black loading screen every 2 minutes after the new ios update and i've restarted and all.. when will this be resolved?,@244617 Thanks for reaching out. We'll do everything that we can to assist you with this. Click here to join us in DM and we'll continue there: https://t.co/GDrqU22YpT
910568,@AppleSupport I’m using an iPhone 7+ I was skeptical ab downloading this bc I thought it would get worse with messing up https://t.co/3RSZJVaghC,"@336276 We'd recommend the update, especially for apps unexpectedly closing. This article goes through more: https://t.co/X6nymuaxVK"
1646665,"Dear @AppleSupport, are you in the know about the issue with not being able to text the letter that comes between H and J?",@503126 Here’s what you can do to work around the issue until it’s fixed in a future software update: https://t.co/xXaXeeSRt9
1682463,"Não estou conseguindo comprar memória, me ajudem @AppleSupport @115858","@511457 Since our Twitter support is available in English, get help at https://t.co/IBIY3vMgPj or join https://t.co/pvaOFfPbjt"
2732873,@AppleSupport I’ve been an hour on the phone waiting to speak to someone is my main issue. Also no sound out of my new Apple 4K TV,"@766037 We can see how that would be challenging, both the waiting and no sound on your new Apple TV.  Meet us in DM so we can find the best option for you. https://t.co/GDrqU22YpT"
2565773,"@115858 this stupid ass update keep turning the WiFi &amp; Bluetooth on, I️ll turn it on when I️ want it‼️‼️🤬🤬😤😤",@727909 Wi-Fi and Bluetooth controls in iOS 11 work a bit differently in Control Center. You can find more info on those changes here: https://t.co/G7BHuQnDS6
1557118,Hey @115858 can u fix the ‘eye’ issue so EYE can stop sounding ridiculous in my emails to my profs,@481349 We are here to help. Let's backup your device then update to the newest version it has a fix for this issue.
283581,@AppleSupport I turned my iPad off and back on again and now they’re updating 😊,"@183553 That's great! If you have any other questions, let us know. We’re available every day from 5 a.m. to 8 p.m. Pacific time."
498564,"@234012 @applesupport me too. same issue. iPhone 6, newest iOS11.",@235814 We're here to help. Please tell us more about it in DM: https://t.co/GDrqU22YpT
869926,@AppleSupport help i forgot my restrictions passcode,@326565 We've got some great steps to help with this issue. You can find these at the bottom of this article: https://t.co/ZOXnGWrbMf
1706191,@AppleSupport what’s up w the i turning to I️,@517110 Here’s what you can do to work around the issue until it’s fixed in a future software update: https://t.co/xXaXeeSRt9
1203518,"No sleep tonight, but shopping tomorrow! Any takers? Lunch anyone? This iPad sucks! It doesn’t type the o nor other letters! @115858 #Apple","@402733 Keyboard issues on your iPad are never fun, but we're here to get that sorted out. Is this the on screen keyboard this happens with?"
1557608,Son wtf going on with my phone @115858,@481471 We're here for you. Let us know all about any issues you're seeing. We're glad to help get it sorted out.
1819283,@435744 @115858 I don’t have an update. 🙄🙄🙄,"@441160 We want you to be able to count on your iPhone working for you; we'll do all we can to help. To start, DM us here: https://t.co/GDrqU22YpT"
2143320,FIX THIS IM TIRED OF IT @115858 https://t.co/lo5RaFyiqw,@630151 Here’s what you can do to work around the issue until it’s fixed in a future software update: https://t.co/xXaXeeSRt9 https://t.co/GDrqU22YpT
2320613,How do I make it so my apple account doesn't keep send a code to my cell verify my MacBook? This is so effing annoying. @AppleSupport,"@672546 We can help. Click here and check out the section ""Can I turn off two-factor authentication after I’ve turned it on"": https://t.co/RONuUjClwW"
1670625,@AppleSupport WHY IS MY PHONE DOING THIS 👉🏼  i️ i️ i️,@508559 Here’s what you can do to work around the issue until it’s fixed in a future software update: https://t.co/qODbOsp4wz
401678,@AppleSupport since downloading iOS 11 to my iPhone my iPhone’s been glitching https://t.co/SIbnyGACfs,@210821 We definitely want to look into this with you! Send us a DM letting us know which iPhone you're using. https://t.co/GDrqU22YpT
2056397,@AppleSupport iPhone was working fine until software update appeared as a notification. Battery is draining and I haven’t even updated!,@608160 Thanks for reaching out to us. We are always happy to help. Send us a DM so we can look into this together. https://t.co/GDrqU22YpT
388033,@AppleSupport Thank you it would charge. It dropped to 4%.,"@207836 It's our pleasure! For help with charging the iPad, check out these steps: https://t.co/uqxquyfdn0 Keep us posted on the results."
2021414,@AppleSupport @115858  y’all need to fix this I️,@597822 Here’s what you can do to work around the issue until it’s fixed in a future software update: https://t.co/xXaXeeSRt9 https://t.co/GDrqU22YpT
1550262,@AppleSupport It finally worked 2 hours later,@272307 We're glad to hear you were able to activate &amp; can enjoy your new iPhone! Have a great night.
991775,@AppleSupport any help available related to iPhone 8 plus freezing? In my example freezing went away when WiFi reconnected. iOS 11.0.3. https://t.co/agUPkwIixG,@258320 We'd like to help. Let's try restarting the device and see if this continues. Let us know the result.
2980714,@822111 @115858 Exactly ever since i updated my phone the troubles started &amp; that’s how Apple sabotages your phone to make u get a new one,"@822110 We hear you're having issues with your iPhone after updating. That's certainly not what we want and would love to help get it working the way you expect. DM us more details about what's going on, including the model and the exact version of iOS, and we'll get started. https://t.co/GDrqU22YpT"
2015594,So my iPhone7Plus decided to update late night and it is slow and partially frozen.  It’s not even a year old!!!! @115858 #ThanksApple,@409782 Let’s work together on this behavior. Does this only happen with certain apps or features? Let us know in DM. We’ll go from there. https://t.co/GDrqU22YpT
2053573,YO MY PHONE JUST BROKE AND WON'T TURN ON ANYONE WANNA SELL ME A IPHONE @115858,@607336 Send us a DM and let us know how your iPhone was broken. We'll be happy to look into options to assist. https://t.co/GDrqU22YpT
2349328,@AppleSupport All of the above. But I was told that some of these links WERE clickable on their end even if the were not on my end.,"@679098 Got it. Which device are you using, and what's the software version it's running? For iOS devices, you can find this in Settings &gt; General &gt; About &gt; Version. For Mac, this link helps with locating it: https://t.co/aTSJR8BjEc"
2068317,Tired of resyncing music over and over again on iTunes for Windows on my iPhone. It can’t get the album artwork right.Fix pls 😬@115858 #iOS11,@574238 Let's look at this together. Is this custom artwork? Are these purchased albums? Let us know in DM and we'll get started. https://t.co/GDrqU22YpT
764348,"Hey @AppleSupport, can we get shake to shuffle back?

Thank you,
Girl who can't use iPod while driving and wants to change songs",@302673 Thank you for reaching out. We encourage you to leave feedback about this feature by going to https://t.co/eTPVYVFyd8
1020302,@AppleSupport my App Store is not working!!!!,@361433 We're here to help you. Which device are you having issue accessing the App Store?
1934223,iOS 11.03 is absolute garbage my phone is almost unusable @115858,@575533 We're here to help. What is going on with your device? Send us a DM so we can look into what's going on. https://t.co/GDrqU22YpT
436442,"@AppleSupport The one I am noticing is Messages; however, it seems like there have been a couple times when it didn’t ring when I was getting a phone call",@218645 Thank you for letting us know! Please send us a DM to discuss this further. https://t.co/GDrqU22YpT
1407926,"@AppleSupport - iPhone getting slow, many apps shut automatically, call logs disappear, data doesn’t work sometimes.iOS 11.03(15A432)iPhone7",@377151 We'd like to help. Send us a DM and we can start there. https://t.co/GDrqU22YpT
941457,@AppleSupport Solved! Txs!!!,@343187 Glad to hear! Feel free to reach out to us here if you have questions in the future.
2690777,Why do @115858 insist you install new updates and when you do it knackers up your mac😡,@756446 We want to help.  Send us a DM letting us know the exact version of OS on your Mac and more about what you are experiencing. https://t.co/GDrqU22YpT
2013369,@AppleSupport I️ phone 7 phone has died multiple times while on the charger 🤔,@595339 Thanks for reaching out. Try the following steps:  https://t.co/uqxquyfdn0 DM us if you still need help from here. https://t.co/GDrqU22YpT
714200,iOS11.0.2 causes my iPhone 7+ to freeze &amp; restart every ~half hour.  Arguably the most frustrating @115858 product since the AirPort Extreme.,@257594 Thanks for reaching out to us. We'd like to gather more information. Can you DM us to begin? https://t.co/GDrqU22YpT
1655041,"@AppleSupport what is this? Just updated to 11.1. Glitches, more freezing and slow performance on my 6s. https://t.co/z3mypfFTjE",@201149 We've received your DM and will follow up with you there. Keep an eye out for our reply shortly.
1647417,@AppleSupport Thank you!,@503321 You're most welcome! Please feel free to reach out to us again if you need any more help. Have a great night!
1963695,@115858 FIX MY IPHONE ‼️ ios11 update MESSED IT UP,@582215 We can help. DM us letting us know which iPhone you have and more details about the issues you're experiencing. https://t.co/GDrqU22YpT
2111447,"Come on @AppleSupport sort out the numerous bugs affecting iPhone 6 users with ios11, it’s getting ridiculous 😡",@622792 We're glad you've reached out. Please send us a DM with some details on what you're running into. We're eager to help. https://t.co/GDrqU22YpT
1235643,Hello @AppleSupport can I have my account back plz??? Pvt msg me,@409818 We'd like to discuss this with you further. Let's continue in DM. https://t.co/GDrqU22YpT
2487175,"@AppleSupport iOS 11.1.1 of course, and watchOS 4.1",@695087 Have you noticed any other anomalies since updating watchOS 4.1?
1770321,@115858 pls fix your I️ it’s killin’ me,@532200 Here’s what you can do to work around the issue until it’s fixed in a future software update: https://t.co/xXaXeeSRt9
1849557,I can hold my breath longer than my iPhone battery holds a full charge @115858,@553771 We'd love to work together on this with you. Meet us in DM with additional details about your iPhone to get started: https://t.co/GDrqU22YpT
756530,@AppleSupport iPhone 6 with iOS 11.0.3. It’s an insurance replacement from June. The phone is also very warm. I have all the battery drainers turned off.,"@300802 Just to clarify, are you referring to these suggestions? https://t.co/bivpdfBNJ6 If you've tried those, let us know in DM. https://t.co/GDrqU22YpT"
2352174,"@AppleSupport that doesn't work.  It shows in my phone, but does not give option to play or listen.","@496667 From the purchased section, do you have the option to download the album to your device? If so, are you able to download the tracks and play them? DM us the answer and we'll look into this with you. https://t.co/GDrqU22YpT"
1204175,"@AppleSupport Phone crashing,apps crashing and apps not working right.everyone I know who has done the update is having probs,I’m using the iPhone 7","@402878 We'll be sure to cover all three issues today. Starting with the iPhone crashing. What happens? Restart, shutdown? DM us. https://t.co/GDrqU22YpT"
1794159,@AppleSupport Since about noon today. About 8.5 hours. I can tell it’s losing charger because it slows down significantly when it’s on low battery.,"@539158 If you restart the iPhone, does the battery percentage change at all?"
1902445,Hi @AppleSupport.. I don’t like the feel of the iOS 11 on my iPhone 6.. Can you please help me revert to the iOS 10?,"@566964 Hi there. We don't have the option to downgrade, however, we're happy to look into any issues you're experiencing via DM. https://t.co/GDrqU22YpT"
1769976,@AppleSupport I’m just trying to update twitter and the App Store is asking me to do this so I enter my CVV and it get’s declined https://t.co/fXW4XM1tre,@532119 Hey there! We'd like to help.  DM us and give us more detail about the issue. We'll go from there. https://t.co/GDrqU22YpT
2794395,"@AppleSupport

WORST WORST EXPERIENCE........

HELP. HELP.... HELP....

TRYING TO GET HELP BUT NPT RESOLVED YET........

I bought my macbook air 2017, in last week of September 2017.

WITHIN LESS THAN A MONTH it started malfunctioning, started freezing.","@779812 We want to help. Please send us a DM, so we can take a closer look at this issue with you. https://t.co/GDrqU22YpT"
2908127,"my phone just shut off mid-song with 45% battery still left then turned itself back on and all my music was gone. 3rd time this has happened, @115858 wtf man I'm tired of this I'm not gonna buy the iPhone X lmao stop messing with the one I have","@805197 We'd love to see what we can do to help out. Which iPhone model do you have? Also, which version of iOS are you running? Let us know the details in a DM, and we'll work together on this: https://t.co/GDrqU22YpT"
1772610,@AppleSupport why is my phone doing this ??? Can’t send any “I️’s” https://t.co/MYMT1LMHxj,"@532768 Thanks for reaching out. We've received your DM, and will continue working with you there shortly."
1028510,@AppleSupport Thanks for the battery usage tips but that doesn't help.The real issue is why after upgrading to #ios1103 my battery is draining much faster,@363353 Thanks for the details. Let's move back to a DM so we can explore this further. https://t.co/GDrqU22YpT
1230360,@AppleSupport I canceled about 3 or 4 days ago,@176537 Thank you for that information. Let's get you in touch with an iTunes Store Advisor for further assistance at: https://t.co/SDIe7UiyJN
9239,@AppleSupport Have bug... if send to people that have old ios... LCD freze. Need to close. To go back 😏,"@129597 Thanks for reaching out to us. To clarify, when using the Echo effect, does your Messages app become unresponsive?"
1528767,Funny how IPhone X drops and I️ start having issues with my IPhone 7 random ass question marks and black screens @115858 @AppleSupport,@474629 We'd like to help. DM us with a bit more detail on what's going on and we'll go from there. https://t.co/GDrqU22YpT
2448415,"@AppleSupport hi i have iphone 7, should i close apps get to save power?",@701812 Hello there. We understand the importance of keeping your device powered. Check out these tips and tricks on how to optimize your battery settings: https://t.co/bivpdfBNJ6
46576,"@AppleSupport I am from the US but I live in China. Is it possible to have my iPhone/Mac iCloud linked to my Chinese info (bank, address), and separate Apple ID linked to my U.S. info (bank, address)?..Want to keep my iCloud storage in China but use App Store/Apple music from US",@126347 Our iTunes Support team would love to assist you. You can reach their team here: https://t.co/SDIe7UiyJN
2731320,"@AppleSupport if you cant make ios 11 better, at least let us go back to ios 10.3.3 for the time being. why am I bound to use ios11, it does not work, eats battery, has bad UI.","@765681 You've come to the right place for help with your iPhone. To start, can you tell us what iPhone model you have and what iOS version you're using? Also, can you tell us more about what you're experiencing?"
2435299,@AppleSupport I can’t hear the other end and they can’t hear me,@553945 What do you see when you hit the volume up and down buttons on the phone?
2040110,@TwitterSupport @AppleSupport why aren’t my photos working today? The socially acceptable behavior when there’s a problem is to ASK for help,@603222 We'd be happy to look into any issue you're experiencing. DM us the details and we'll continue there. https://t.co/GDrqU22YpT
1009311,"@applesupport You are good stacking money, not updating IOS's. Thanks for ruining my ""premium"" phone.",@358824 We'd like to help. What problem are you having?
2804338,@AppleSupport any clue on this https://t.co/64vlHO1SUt,@782202 We'd be glad to help. What were you doing when this screen appeared?
2078066,@AppleSupport why has my tracks gone out of order on purchased album. How do I fix it. https://t.co/yoz5dkaYS0,"@403734 We'd like to look into this with you. To get started, send us a DM by clicking on the link below. We'll continue there. https://t.co/GDrqU22YpT"
621787,Hey @AppleSupport give us back the multitask with force touch !!!,"@201986 Let us help out. To start, tell us the iOS version your device is on, and we’ll take it from there."
749766,@AppleSupport 11.0.3 exact same problems just like iOs 11.0.1. My phones takes hours to respnd to even typing the password,@299219 We want to dive deeper into this issue with you. Send us a DM and let's get started. https://t.co/GDrqU22YpT
2310615,"@AppleSupport  I recently updated my iphone x to ios 11.1.1. After installation and rebooting, the screen is no longer responsive. I've already tried hard reboot, downgrade to ios 11.1 but still no luck. NEED HELP ASAP :)",@670133 Let us help you get this sorted out. DM us so we can better assist you: https://t.co/GDrqU22YpT
2321374,"HELP!😩😩😫got the whole way through the @115858/@AppleSupport upgrade programme, picked phone, location, sign in, enter code, got chucked out",@672698 Thanks for letting us know about your experience. We appreciate your patience as we look into this issue. Please reach out to our Apple Online Store Support team for assistance. You can reach them at the phone number listed here: https://t.co/8yjRd1Xo0i
630965,@AppleSupport why is my brightness auto turning on and off on its own? just started today wtfugg,@269526 We're here to help. Which iOS version is your device currently running? We want to make sure you're running the latest version.
481768,@AppleSupport @229511 Same issue. Looks like a software bug.,@229510 We'd like to look into this further with you. Please tell us which software version you are running. Does it happen for a specific app or all app notifications? https://t.co/GDrqU22YpT
720551,@115858 FIX THIS FUCKING “ I️ “ shit !!!! Y’all buggin me df out w dis shit,@292455 Thanks for reaching out. We have a workaround for this here: https://t.co/xXaXeeSRt9 DM us if you still need help. https://t.co/GDrqU22YpT
2114820,Extremely disappointed and annoyed @115858 with this update. FIX IT! @AppleSupport one of the many. #ios11 https://t.co/hRxwWqc3Cf,@623499 We'd be happy to help.  Please reach out to us via DM and we'll get started. https://t.co/GDrqU22YpT
2106418,@AppleSupport 2)How do I clear space of earlier update which was downloaded ?,"@183232 Ok. You can find the steps in this article: https://t.co/Ui1yTnOCUz under ""Remove and download the iOS update again""."
1014393,"@AppleSupport i rarely use other chat app,but for game notif it run normally.when i google it,not just me have same problem like this after updat to ios11","@360029 Thanks for the update. If the issue is happening only with one app, have you reached out to the developer?"
328546,@AppleSupport I’ll triy it but keyboard going with lag ...,@194337 We'd like to look into this further. Let's continue in DM here: https://t.co/GDrqU22YpT
323844,"@AppleSupport It's pointless, Apple support just repeat technicians view after Stormfront made screen worse in investigation.#poorservice",@193139 We appreciate your response. We are here for you if you wish. Just send us a DM and we will be happy to look into it. https://t.co/GDrqU2kzhr
1153401,@AppleSupport We don't remember the security questions but we do know the password to the account,@391381 We’d like to get you in touch with an expert from our Apple ID team. Use this link: https://t.co/UJm15vmMM2
996764,"@AppleSupport after #iOS11, sometimes I do not get Whatsapp notifications. I have same problem after iOS 11.0.3",@356033 Take a look at the last section of this article to see if your settings are still set up correctly: https://t.co/2txgOv5s2M
2021975,@AppleSupport My phone refuses to update because it doesn't have enough iCloud storage. Help?,@597998 We're happy to help! Meet us in DM with your location so we can determine the best options for you. See you there! https://t.co/GDrqU22YpT
631789,@AppleSupport Ill try a restart. Very much appreciate the concern and the response!,@269725 No problem. Let us know if you need further assistance.
2679778,The new @115858 iOS 11 update is absolute shit. My apps are crashing and battery keeps draining. The new look is horrible too !,@753993 We'd like to look into what's going on with your apps and battery. DM us the exact iOS version you are running. https://t.co/GDrqU22YpT
333232,@AppleSupport Since updating to iOS 11 I can no longer connect my iPhone 7 to my car via Bluetooth or USB.,"@195369 Thanks for that info. To confirm, can you tell us what verison of iOS 11 you're running currently on the iPhone?"
795447,"Hi, @116333: Why can't I use Apple Watch to browse music on iPhone anymore? Was great for working out &amp; for playing songs for my kids.Thnx",@309655 We'd like to look more into what you're referring to. DM us specifics and we can get started. https://t.co/GDrqU22YpT
667070,@AppleSupport I've tried all of those and none have worked,@278959 Got it. Thank you for going over those steps. DM us which country you're in and we'll look into your security options. https://t.co/GDrqU22YpT
2056174,".@115858 completely screwed-up (THEIR OWN) weather &amp; clock apps with the last update. Thanks a lot. 🤨  

@AppleSupport #Apple #Iphone",@253842 We want your apps to work as expected. DM us details on the issues you're having and we'll continue support there. https://t.co/GDrqU22YpT
334544,@AppleSupport Hm? 🤔 https://t.co/jM9oqsqgU9,@195722 We want to help. Does this happen every time you view this folder?
845870,"@115858 its an issue that makes me angry.. where is my clock, signal and batt. Bar?!! Please do something about ( on iphone 6 plus) https://t.co/K3ipLgs0pj","@321050 The status bar has some pretty important info, let's work together to get it back for you. Have you tried restarting yet?"
2309290,@AppleSupport Yup I’m using it,"@669793 Thank you. Just to confirm, are you seeing this when you type, or read what someone else has typed? Send us a DM to let us know. https://t.co/GDrqU22YpT"
2686686,@AppleSupport my apple music keeps crashing and won’t open,"@755515 We know you can't jam if the Music app won't open, and we're happy to see how we can help. To get started, DM us the device you're experiencing this on, and the software version that it's running. We'll meet you there. https://t.co/GDrqU22YpT"
2117845,@AppleSupport why is there a new and constant A? I️ in everyones predictive text. It is super annoying please refresh the update to remove,@624177 Here’s what you can do to work around the issue until it’s fixed in a future software update: https://t.co/xXaXeeSRt9
22997,@AppleSupport This started a few months ago. I tried safe mode and had no success,@121005 Let's dig further in via DM to see what we can figure out. Are you able to access iTunes and the iTunes store fully? https://t.co/GDrqU22YpT
359845,@115858 @AppleSupport hi guys we are already conversing on DM reg a particular issue. Time coordination is issue. Is someone available now??,@201232 We received your DM and have replied there.
2495476,@AppleSupport Thank you! But i actually fixed it. Hahaha,@532251 That's great to hear! You're very welcome. Let us know if you have any additional questions. We're here to help.
333269,@AppleSupport How do I keep this preview from appearing on my lock screen? I’m running the latest iOS on an iPhone 7. #PleaseMakeItGoAway https://t.co/nf1t1QuXMt,"@195382 We're here to help. Have you played any music lately, or is there a player open in the background? https://t.co/GDrqU22YpT"
2310621,@115858 wtf my dude https://t.co/PSMgotub9B,"@670136 We appreciate you reaching out to us this evening. So we can provide you with the best steps, can you DM us more information on what's going on, as well as which device and software version you're using? https://t.co/GDrqU22YpT"
550725,"My iPhone's got short-term memory loss, wtf!!!1 is this crashing loop.
@AppleSupport This iOS 11 since release made my life hell.","@248296  Thanks for the mention. Did this start in the past 24 hours? Does your iPhone boot to a spinning wheel when it resets? If so, we recommend backing up the information on your device and following the steps laid out in this article:
https://t.co/osZOKKTalm"
1592356,So when is @115858 gonna fix these i’s?,@248094 We're here to help. We'd recommend following these steps: https://t.co/gKAEL4wRnw
228606,@170506 @115858 Bruh same and my shit be lagging even on wifi,@709681 Let's look into that. Send us a DM and we'll go from there. https://t.co/GDrqU22YpT
332083,@AppleSupport low power mode is NOT on. Home button doesn’t wake / turn on phone. Tons of users complaining about this! https://t.co/O0DUDIssmh,@180656 We'd like to look into this further with you. DM us using the link below. We'll work from there. https://t.co/GDrqU22YpT
237655,"@AppleSupport 
How do I delete this. (Documents and data) https://t.co/neYsZdSIEL","@172587 That's a great question! So we can look into this, may we get the iOS shown in Settings &gt; General &gt; About?"
697986,@AppleSupport What? Why do that? ☹️,"@286523 Just to clarify, are you trying to turn it off via Settings or Control Center?"
1552201,@AppleSupport,@480281 Let us help you with this. Join us in DM so we can better assist you: https://t.co/GDrqU22YpT
2864867,"I know it’s been a min since latest IOS update,  but GOD DAMN did @115858 screw up the podcasts app. All I want is a list of new episodes of podcasts I frequently listen to. My “listen now” list hasn’t moved in weeks. Garbage.",@795725 We're happy to assist. Which specific iOS 11 version are you currently running? Go to Settings &gt; General &gt; About for the version.
1947066,@AppleSupport I pad air,@578593 Thanks for letting us know which device you’re using. Please meet us in DM so we can further assist. https://t.co/GDrqU22YpT
1714127,Someone PLEASE explain!! @115858 @AppleSupport https://t.co/XkaukjUG5B,@422567 Here’s what you can do to work around the issue until it’s fixed in a future software update: https://t.co/xXaXeeSRt9
2677911,@AppleSupport Yes it is and I have reset network settings numerous times it now won’t even load settings 😡😡😡😡,@753613 Okay. Let us help you get this sorted out. Join us in DM so we can better assist you: https://t.co/GDrqU22YpT
1677018,@AppleSupport @115858,@510108 Here’s what you can do to work around the issue until it’s fixed in a future software update: https://t.co/xXaXeeSRt9
2799387,@AppleSupport this IPhone sucks! Thanks for all the updates that have not solved one problem. You guys really make a birthday magical #pisssed #phonediesconstantly,@612179 Let's take a closer look. Tell us more about what you're experiencing in DM. https://t.co/GDrqU22YpT
514820,"@AppleSupport iPhone 8 Plus, sorry if I replied so late",@238550 No problem. Let's continue in DM. https://t.co/GDrqU22YpT
1335282,@AppleSupport since the new IOS is there a problem with my iPhone 6 . the screen freezes a lot . And i can't do anything . The phone is also very hot than,@431489 Let's take a closer look. Reach out via DM using the link below. https://t.co/GDrqU22YpT
2302333,"@115858 sometimes in iMessage, we see the #sketch part of the app instead of the final design.
#iOS11 #bug https://t.co/r5tBmwSURr",@286325 We'd be happy to look into this with you! Feel free to DM us what iOS version you're on and we'll go from there. https://t.co/GDrqU22YpT
1473309,Jeez @115858 @AppleSupport wtf is this? Every time I type “I” it autocorrects it to that 🙄🤦🏿‍♀️ https://t.co/fbGg1oQSnH,@337309 We want to help. Please DM us which iOS version you're on. We'll look into this with you there. https://t.co/GDrqU22YpT
265021,@AppleSupport I mailed in a working phone to have the battery replaced. It was sent back not fixed phone back and it doesn’t work at all! 😡,@179134 Hi there. We'd like look into this. Send us a DM and we'll go from there. https://t.co/GDrqU22YpT
1583834,@AppleSupport It’s quite late. I’ve got support through the app of yours.🤣✌️✌️,"@487415 Great! We're glad to hear it. If you need anything else, please don't hesitate to let us know. We hope you have a great day."
2297631,@AppleSupport what’s wrong with your iOS updates??? :),@666998 Thanks for reaching out! DM us and let us know what kind of issues you’re having since updating. We’ll take a closer look at this with you there. https://t.co/GDrqU22YpT
2434230,@AppleSupport why can’t I️ get rid of this error when typing? It’s turning my I’s to A’s 😑 https://t.co/GjjGYLmIz0,"@698527 We'd like to take a closer look. Please DM the iPhone type, and iOS version. https://t.co/GDrqU22YpT"
853174,Hi @AppleSupport I have deactivate #background for #Facebook but in #battery view I see the activity in background.  Is it regular? Thanks https://t.co/EI75jABkVI,"@322681 Are auto app updates enabled? After an update, many apps may need to update. Let us know if we can help further."
2771924,@AppleSupport got the 2tb icloud but my harddrve still full. Whats the point of icloud?,"@774817 Glad to help! iCloud storage can be used to store complete device backups, as well as sync photos, videos, and documents. You'll want to refer to the steps in the section titled, ""Free up space on your device"" in this guide for further info: https://t.co/dREC7Rk0Qk"
501468,@AppleSupport Thank you. I will give it a go. 😀,"@234806 Excellent! Please feel free to reach out to us again if you run into trouble, and we'll be here to help."
2121142,@115858 New emojis not worth the update; phone freezes and battery sucked up. How do I undo w/o buying a new phone?! #apple #iphone6 🤬🤮💩,@624962 Help is here! We don't recommend trying to revert to a previous iOS version. Let's partner together by meeting us in DM: https://t.co/GDrqU22YpT
2748363,@AppleSupport I can't read or write reviews in iOS 10.3.3 App Store on iPhone SE. Is this issue known?,@128896 Thanks for reaching out. Contact our iTunes Store Support Advisors so we can look into this with you: https://t.co/SDIe7UiyJN
2093704,@618626 @AppleSupport Sameeee😫,@532160 Thanks for reaching out. DM if you are still having trouble with the update after restarting so we can help. https://t.co/GDrqU22YpT
1630168,Hey @115858 @AppleSupport I still can’t open messages app without it crashing on my iPhone X. It’s only been happening since launch day...,@498954 We’ve received your DM. Be on the lookout for our response there shortly. https://t.co/GDrqU22YpT
1701937,@AppleSupport what the hell did y’all do to my phone with this shitty update,@516017 We want to make sure your upgrade goes smoothly. Could you give us a little detail as to the issues you are experiencing?
249312,@AppleSupport my Apple Music Connect account is acting up. I’m not able to follow people back after they follow me.,@175232 We're happy to help. The steps here may help: https://t.co/6rKpA2Rl6I
1824673,@115858 thanks for the recent update that has made iphone 6’s slower and glitchy.,@387627 We want you to have a good experience with the update. Please send us a DM so we may better assist you. https://t.co/GDrqU22YpT
721319,@AppleSupport,@292659 We want to help find the right solution to this issue. Shoot us a DM and we'll get started. https://t.co/GDrqU22YpT
2793214,@AppleSupport What's the latest I can place an online order to pick up in-store on Christmas Eve?,@779391 Thanks for reaching out. We'd like to look into this with you. Which country are you currently contacting us from today? DM us here for more info: https://t.co/GDrqU22YpT
567646,@AppleSupport See i DMed you a long time ago you haven’t responded https://t.co/SMo3DzhPb1,"@253142 Sorry for any confusion. We'd like to continue working here with you. Let's make sure we've gone through all the steps under ""If your device charges slowly or won’t charge"": https://t.co/uqxquyfdn0"
1755180,@AppleSupport Ever since your update my phone has been glitching nonstop,@528595 Let us know in DM specific issues you are having with your iPhone to continue looking into what's going on. https://t.co/GDrqU22YpT
2425888,Hey @115858 @AppleSupport Why does my letter I️ now appear in a cube with a ? inside of it?? Do you doubt that I️ know who I️ am as a person??? I️ I️ I️ I️ ???,"@696615 We'd love to help!  This issue should be resolved with the 11.1.1 update.  Is your device currently running that version?  If not, please try updating to that (make sure to back up first, just in case) and let us know if the behavior continues."
629668,@AppleSupport iPhone 6 and ever since the update to iOS 11 came out,@269163 Thanks.  Which version are you running currently?  You can check under Settings &gt; General &gt; About.
316118,"@116333 Тим, у меня iPhone 6 греется через минуту после запуска любой игры. После обновления на iOS 11 он греться перестал, а потом снова начал после следующих обновлений. Ну что за дела?",@191477 We offer support via Twitter in English. Contact us for help in your preferred language here: https://t.co/IBIY3vMgPj
34696,@AppleSupport Thanks a lot,"@123525 You are welcome. If you have any questions in the future, please reach back out to us."
2736426,@AppleSupport iOS 11.1.2 &amp; I think iPod Touch 6th generation,@303268 Thanks for updating us with this information. Let's go to Settings &gt; Battery and let us know if you see any messages about the battery needing service.
1973677,@AppleSupport YES,@584505 Let's look deeper into this together. DM us what country you are in and we'll go from there. https://t.co/GDrqU22YpT
1712967,@AppleSupport Thank you!,@518834 You're very welcome. Let us know if you have any questions along the way.
1470710,"@AppleSupport I don’t use Safari that often, but when I do the same happens. And I don’t watch anything g from iTunes",@461368 Thanks. Please come on over to DM and let us know your device model and which version of iOS 11 is installed. https://t.co/GDrqU22YpT
401652,"So... after getting the new @115858 iOS update, my phone just randomly turns on WiFi and Bluetooth constantly when I have them off",@210980 We'd love the chance to go over some information about this with you. Let's move to DM. https://t.co/GDrqU22YpT
1094115,@AppleSupport This started about a month or two ago. I am running on iOS 11 @AppleSupport,"@378228 Did anything happen significant before this started, like a drop or update? Which iPhone do you have?"
2223954,What's the deal with connectivity issues associated with iOS 11.0.3 update? Maps won't work at all. @AppleSupport,@649373 We'd like to check into this with you. Are you unable to locate somewhere with Maps or get the route?
2000279,@AppleSupport I not I️ please! #help #withoutani #whoami #apple #iphone,"@591455 We're happy to help. To start, please DM us with the model iPhone and the exact iOS version you're using. https://t.co/GDrqU22YpT"
2689476,@AppleSupport hi the ios is getting bad with the new update a lot of problems the phone stop working sometimes note8 is waiting 🧐,"@756139 We'd like to help with any issues you're experiencing. Please let us know which iPhone model and version of iOS you're using, and we'll help get to the bottom of it with you."
2310158,"So glad I updated my phone only for it to not work, @115858 needs to figure this out quick or Samsung is gonna have a new customer 🤷🏻‍♀️",@670002 We want to help you. Can you send us a DM and tell us what's not working on your iPhone? We'll assist you from there. https://t.co/GDrqU22YpT
92797,@AppleSupport See what I️ mean,@136100 Thanks for providing us with further details. Which iOS version is your device currently running? We want to make sure that you're running the latest version. You can check this through Settings &gt; General &gt; About.
1512109,How come my phone is updated and I still see boxes 🤷🏾‍♀️🤦🏾‍♀️ @115858,@470955 Let's work on this together. Reach out to us in a DM and we will work from there. https://t.co/GDrqU22YpT
1443348,@AppleSupport can’t use my iPhone to connect to and set up my new router. It just says no internet. I know-I want to set it up! Please help! https://t.co/PNEHz2xurO,@187448 We'd like to see how we can be of assistance. Join us in DM with more details. https://t.co/GDrqU22YpT
2375254,My home button stopped working... imma keep buying you tho @115858 https://t.co/82WRsgprWv,@685154 We're here to help. Would you please tell us which Apple device you're using?
2287229,@115858 please fix the issue where the Music app stops playing when I lock my phone.,@664542 We'd like to learn more about the issue and your iPhone. Let's begin with the iOS version from Settings &gt; General &gt; About. Does a restart of the iPhone change anything? Even if temporarily? Please DM us. https://t.co/GDrqU22YpT
2274199,@AppleSupport I use iPhone 7 Plus. iOS 11.2 Beta. And no,"@156772 Thanks for keeping us updated. If you check under Settings &gt; General &gt; About, what is listed in the available field? Do you use iCloud with your iPhone? If so, do your photos show up if you check iCloud website using a computer? https://t.co/MdGttkkFL9"
2557439,@AppleSupport Did all of it nothing helped,"@726065 Do you have a computer with iTunes installed, or a computer you can install iTunes on?"
2700937,"Been getting this constantly ever since one of the latest updates, even when am already connected to the wifi , @115858 @AppleSupport sort yourselves out https://t.co/PfNmgCEmoy",@758716 We can assist. Try this. Settings &gt; Wi-Fi. Find the network that's reporting incorrect password. Tap the Info icon (small i in blue circle) and then tap Forget This Network. Reboot and reconnect. How's that?
2403811,"@AppleSupport The playlists were all Apple Music playlists, so no.",@691481 Let's move to DM for a closer look. Does any part of the app work at all? Have you attempted deleting the app and re-installing it? https://t.co/GDrqU22YpT
987834,@121836 Yes! I have the 6s+ and since I’ve done the update mines got slower and the battery sucks now... it’s always on the charger @AppleSupport,@354055 Send us a DM and let us know what version of iOS you're running. We're happy to help. https://t.co/GDrqU22YpT
661515,@AppleSupport hi send me a charger asap because they break fast thanks x,@277620 Thanks for reaching out. If you're having an issue we can take a look at your options. DM us your country and we'll take it from there. https://t.co/GDrqU22YpT
1713724,help me @115858,@518990 We're here for you. What issues are you experiencing?
1458995,"@115858 #IPhone
Every update in last few months resets mom's #accessibility features. This is a bug you need to correct ASAP for #disabled",@458644 Let's take a closer look at this together. Please DM us and we can go from there. https://t.co/GDrqU22YpT
2010401,"Like, honestly, the iPhone aesthetic means nothing if the phone DOESN'T WORK @115858 @115858 @115858",@594483 We understand that sentiment and wish to help. Please DM us details on what's happening and iOS version. We'll pick up there. https://t.co/GDrqU22YpT
2286091,.@AppleSupport what the hell is running in the background on iOS11 that’s destroying the battery life? 😡,"@142400 Great question. To check for which application(s) have any background activity, go to Settings &gt; Battery &gt; Battery Usage. Please be sure to tap on the clock icon.

For more information, check out: https://t.co/2voRgjSsVf"
2118461,ok @AppleSupport my phone is effed from this update what gives,@624336 We'd like to help with your iPhone. Tell us more about the issues you're experiencing via DM. We'll go from there. https://t.co/GDrqU22YpT
1296830,"@AppleSupport Can I configure the order that categories display in Spotlight searches? I mostly use Dictionary, which is near the bottom 🙁 https://t.co/LsXB4VRMKZ",@423101 Great question. The order of this content can't be changed. This article might help as well: https://t.co/fTrwu87blf
2371095,"@AppleSupport I checked my iphone and all was working,  I have returned to the browser now and I was able to login,  so I'm all good,   thanks for trying to help so quickly,  as always great service :)",@684185 Glad we could assist. Please don't hesitate to reach out if you run into any more issues.
908961,@AppleSupport #IOS_11 is the worst update my 7 plus battery is suffering with no acknowledgement nor useful support case no 100318672550,@335891 We're here to assist. Let's follow up in DM. We'll continue the conversation there. https://t.co/GDrqU22YpT
1756396,TRIED TO FIX THE I️ WITH BRAKETS AND IT STILL DIDNT WORK. FIX MY PHONE @115858,@528868 Here’s what you can do to work around the issue until it’s fixed in a future software update: https://t.co/xXaXeeSRt9
2062304,"the new iPhone IOS update is a load of shite - very slow, hanging and restarts - @AppleSupport need to pull their finger out and sort it","@609918 We’re here to help. Provide us some specific details in DM, and we’ll work with you there towards a resolution. https://t.co/GDrqU22YpT"
1907558,"@115858 @AppleSupport @115948 Also when you close and app and restart it, the bug couldn’t pop up","@568350 Hi there, just to confirm are you still experiencing this issue or is the issue now resolved?"
2055448,Hey @115858 what’s with the latest #iOS11 update and it’s variants all my phones have gone ridiculously slow! Hanging and black screen 😏😒😑,@607877 We want you to get the most out of your iPhone's performance. Send us a DM and we'll look into this further with you. https://t.co/GDrqU22YpT
1587417,"Hi @AppleSupport my c3yo iPad Air died. Tried restore as per website, error msg now MacBook can’t detect at all. Any ideas? Take to Store?","@488285 We can certainly work on that iPad with you. So we've got the right steps in mind for you, do you recall that error message?"
1743563,I️ I️ I️ I️ I️ I️ I️ I️ I️ I️ I️ I️ I️ I️ I️ I️ I️ I️ I️ I️ I️ I️ I️ I️ I️ I️ I️ I️ I I️ I️ I️ I️ I️ BEYOND ANNOYED WITH THIS CRAP @115858,@525890 Here’s what you can do to work around the issue until it’s fixed in a future software update: https://t.co/xXaXeeSRt9
1706187,My phone keeps glitching when I️ type the letter I️ @AppleSupport,@517108 Here’s what you can do to work around the issue until it’s fixed in a future software update: https://t.co/xXaXeeSRt9
2362807,@AppleSupport hi. I’ve been to the Genius Bar 4x now for crashing texts. Did a reset and it’s still doing it. Latest update has been done,@191485 We'd like to look into it with you. Can you send us a DM with the details of your visits to the Apple Store? https://t.co/GDrqU22YpT
376629,New iOS update has made “Pages” app completely non working. All past projects: GONE! #whydidIupdate #anotherupdatetotheupdateplease @115858,@205341 We want to help! Contact our Pages support team here:  https://t.co/IBIY3vMgPj
1387671,"Dear @AppleSupport,

IOS 11 has made my touch screen unresponsive at times, my phone slower, and my battery drain much faster.

#sendmethe7",@442872 We want to work with you and get your iPhone running as expected.  Which iPhone and exact iOS version are you running?
1220052,@AppleSupport my iPhone 7 is hanging after I updated ios 11.3,@406244 DM us using the link below and let us know details of what you're experiencing. We're glad to help. https://t.co/GDrqU22YpT
1735022,"Hey @115858, fix the letter “I️” bug already all over the iPhone",@523923 Here’s what you can do to work around the issue until it’s fixed in a future software update: https://t.co/xXaXeeSRt9
1583045,@115858 @AppleSupport why can you no longer see the battery percentage on the iPhone X?,"@359349 Great question. We can help! Now, you can swipe down from the top right to reveal the battery percentage on your iPhone X."
2404920,"sera que esta tudo ok? eu acho que deu merda, @AppleSupport  help meeee https://t.co/vcPx3IvX6F","@691739 Since our Twitter support is available in English, get help at https://t.co/IBIY3vMgPj or join https://t.co/pvaOFfPbjt"
2304579,@AppleSupport None. All up to date: iOS and apps. Rebooted the device after all updates too.,"@668664 Got it, we'd like to look into this a littler deeper. DM us and we'll get started. https://t.co/GDrqU22YpT"
864048,"@115858 If i buy iPhone X facial recognition does not work at times, is there another way to turn on my phone? @AppleSupport",@258013 You'd still be able to access the iPhone with your passcode. Read more here: https://t.co/5dZ9R889O9
2753636,"@AppleSupport Ever since the last iOS update (11.1.1), my iPhone 6 has been playing up. Whenever I have earphones in, Voice Control randomly pops up. Also, my music randomly pauses &amp; skips songs which it never done before! Can you help?","@339332 We'll do everything we can to do just that. Let's narrow this down as much as possible. Do you have other headphones? If so, do they do the same thing when you plug them in?"
1581479,@AppleSupport  hi how do I cancel my I cloud extra storage that I pay for each month? Many thanks,@486855 That's a great question! Here's a great article to get you started: https://t.co/CFVJudTPHI
2622752,"@applesupport I dont think apple is aware of these bugs that have been going on for months but 
1. still getting calls on Do not Disturb
2. wifi keep dropping on network (not just mine) 
updated to newest version still having problem.",@740966 Let's look into this together and work towards a solution. Are you experiencing this on iOS 11.1.2? Which device model are you using? Let us know in DM. https://t.co/GDrqU22YpT
2005208,@115858 the fuck is up with these symbols all the sudden https://t.co/rrSc24KHCl,"@592979 Let's help provide some assistance. Please visit: https://t.co/xU1AGHStV6 for further information.
Questions? DM us. https://t.co/GDrqU22YpT"
553479,@AppleSupport I updated to 11.2 but I don’t have Apple Pay Cash please help!,@249084 We'd be happy to look into this with you more in detail.  Please reach out to us via DM and we'll get started. https://t.co/GDrqU22YpT
2618295,"@AppleSupport hi, our company has 2 x iPhone 8 pluses &amp; the camera flash doesn’t work on either. Torch is ok but no flash. Solution??",@739937 We're glad to assist on this. What iOS version is running on both devices? Is the flash disabled in the Camera app? Were both of them set up via a common backup?
1977032,@115858 please fix iOS. I’m tired of this error!,"@585446 We're happy to see how we can help. To get started, DM us more information about what's going on. We'll meet you there. https://t.co/GDrqU22YpT"
489720,Can @AppleSupport help me.. I don’t want to use PayPal anymore but I don’t have a credit card to log into and I don’t haves None option -_-,@231639 We'd like to help. There are various reasons as to why the None option isn't available. Check out the information here: https://t.co/rnB74M0zio DM us if you have further questions. https://t.co/GDrqU22YpT
2793204,Just updated my phone and now all the music in my phone is gone @AppleSupport please fix this,@779503 Let's take a look at this together. Are you an Apple Music subscriber or were these songs purchased and/or synced through iTunes?
2689514,@AppleSupport el nuevo IOS en lugar de mejorar lo que ha hecho es ralentizar el IPhone. Solución ya o maldicion gitana para ustedes.,@756152 We offer support via Twitter in English. Get help in Spanish here: https://t.co/IBIY3vMgPj or join https://t.co/OczyRx7IOs
2583236,"Trying to set up 2FA on laptop and keep getting this error, what gives @AppleSupport ? https://t.co/jgDZj1irRT",@732055 We are here to help. Have you requested more than one code?
560428,@AppleSupport,"@251099 Thanks for reaching out and we'd be glad to look into this with you so you can use your iPhone without worries. To get started, which iPhone and iOS version are you using?"
1776868,"If Apple doesn’t fix this whole “I️” nonsense, I’m done for... 🙃 @115858",@533937 Here’s what you can do to work around the issue until it’s fixed in a future software update: https://t.co/xXaXeeSRt9
745130,@115858 PLEASE fix your NEW update. Incredibly frustrating. Phone freezing regularly and load times are SLOW! #FrustratedCustomer #Help,@298127 Hi there. Let's work together via DM and check a few things. Please tap here to continue: https://t.co/GDrqU22YpT
1648439,@115858 pls fix the stupid text glitches 🙃,@503595 We're here for you. Can you give us some details on what is happening?
1471820,All these @115858 updates and my phone autocorrecting it to I_T_ still isn’t fixed 🙄,@461644 We want to help today! Which version of iOS shows installed at Settings &gt; General &gt; About?
508256,I can’t believe @115858 lied to me smh,@236696 We'd like to look into the experience you've had. Could you join us in DM with more info on what's happening? https://t.co/GDrqU22YpT
1291085,@AppleSupport iOS 11.0.3telefon sürekli şarjda arama geldikten 10 saniye sonra arayanın kimliği çıkıyor bıktım,@421921 We offer support via Twitter in English. Contact an Advisor for help in your preferred language here: https://t.co/IBIY3vMgPj
2003293,@AppleSupport NO. WE ALL HAVING THE SAME ISSUE. FIX IT. You know you see I️t.,@301556 We'd like to assist you with this. Check out our article here: https://t.co/xU1AGHStV6 DM us any other questions. https://t.co/GDrqU22YpT
2016342,these question mark boxes are ji blowing me. updated my phone and still.. @115858 EYE need answers!,@374531 Here’s what you can do to work around the issue until it’s fixed in a future software update: https://t.co/xXaXeeSRt9 https://t.co/GDrqU22YpT
2533936,@115858 why has my phone decided to update overnight without my confirmation and now not accept my Apple ID? 😡,"@721038 Let's check into this. Meet us in DM with what occurs when you try to use your Apple ID, please. https://t.co/GDrqU22YpT"
1172238,Is anyone else having trouble with updating their #iPhone @115858 😡,@395732 Here's a great article to help with updating iOS: https://t.co/Ui1yTnOCUz
171766,@AppleSupport has the worst customer service ever! Had an online chat with a staff and she is just so rude. No sympathy whatsoever.,@156113 That's not what we like to hear. Could you Direct Message us so we can look into this further? https://t.co/GDrqU22YpT
2298281,@AppleSupport hello. I️ recently updated to High Sierra. Changed my user password. Worked for a bit. But now it won’t. I️ initiated the password reset but it’s got me on the cooldown. I’m not st home with computer. Does it need to connect to WiFi to change?,"@496992 We recently released an iOS update, 11.1.1, that contains a fix for auto-correct issues. Let’s be sure to back up your device prior to updating. Follow the steps here: https://t.co/80YRnjDFDk DM us and we can help you with your Mac password. https://t.co/GDrqU22YpT"
332066,"@AppleSupport Is there any way to put them back in order, they’ve come through onto my new phone but not in the right order??",@195064 Great question! Our Application Support team is ready to help you out. Reach them here: https://t.co/IBIY3vMgPj
1185055,@AppleSupport I have tried almost everything excluding a different charger and its not working. It came on initially when i firsr started charging,@398648 Send us a DM with your Watch type and we can check on more options. https://t.co/GDrqU22YpT
967324,"@AppleSupport I keep using 3D Touch to multitask wasting at least 5 mins of my life everyday realising that this was killed off, any help?",@349594 Let us know if you find this article helpful: https://t.co/U6OBqymdb1 Questions? Send us a DM. https://t.co/GDrqU22YpT
272930,"@AppleSupport phone freezes, randomly shuts down, and the battery isn’t what it was before update.",@181180 This isn't the experience we want you to have. Which iPhone model do you own?
1266515,Bruh wtf is wrong with my Apple Music wont add new music. @115858 if yalls don’t fix I’m switching back to @115888,"@416545 We want to get your Apple Music working again. To start, can you tell us which iPhone and iOS version you're using?"
2048272,"Is there a way to uninstall this iOS 11????? Bc this shit is slowing my phone down ALOTTT!!!

Come on @115858 get it together. @AppleSupport",@605747 Having your device perform great is our goal! Please let us know in DM is this slow performance is app specific or system wide https://t.co/GDrqU22YpT
